ISO_3_Code,Country_Name,WHO_Region,Year,Vaccine_code,Vaccine_description,Schedule_rounds,Target_pop,Target_pop_description,Geoarea,Age_administered,Source_comment
ABW,Aruba,AMR,2023,BCG,Bacille Calmette-Guerin vaccine,1,INFANTS,Infants,NATIONWIDE,AT BIRTH,WHO/UNICEF Joint Reporting Form on Immunization
ABW,Aruba,AMR,2023,DTP,Diphtheria-tetanus-pertussis vaccine,3,INFANTS,Infants,NATIONWIDE,6 WEEKS;10 WEEKS;14 WEEKS,WHO/UNICEF Joint Reporting Form on Immunization
ABW,Aruba,AMR,2023,OPV,Oral polio vaccine,4,INFANTS,Infants,NATIONWIDE,AT BIRTH;6 WEEKS;10 WEEKS;14 WEEKS,WHO/UNICEF Joint Reporting Form on Immunization
ABW,Aruba,AMR,2023,MCV,Measles-containing vaccine,1,INFANTS;CHILDREN,Infants And Children,NATIONWIDE,9 MONTHS,WHO/UNICEF Joint Reporting Form on Immunization
ABW,Aruba,AMR,2023,HEPB,Hepatitis B vaccine,2,INFANTS,Infants,NATIONWIDE,6 WEEKS;10 WEEKS,WHO/UNICEF Joint Reporting Form on Immunization
ABW,Aruba,AMR,2023,HIB,Haemophilus influenzae type b vaccine,3,INFANTS,Infants,NATIONWIDE,6 WEEKS;10 WEEKS;14 WEEKS,WHO/UNICEF Joint Reporting Form on Immunization
ABW,Aruba,AMR,2023,PCV,Pneumococcal conjugate vaccine,3,INFANTS,Infants,NATIONWIDE,6 WEEKS;10 WEEKS;14 WEEKS,WHO/UNICEF Joint Reporting Form on Immunization
ABW,Aruba,AMR,2023,ROTA,Rotavirus vaccine,2,INFANTS,Infants,NATIONWIDE,6 WEEKS;10 WEEKS,WHO/UNICEF Joint Reporting Form on Immunization
AFG,Afghanistan,EMR,2023,BCG,Bacille Calmette-Guerin vaccine,1,INFANTS,Infants,NATIONWIDE,AT BIRTH,WHO/UNICEF Joint Reporting Form on Immunization
AFG,Afghanistan,EMR,2023,DTP,Diphtheria-tetanus-pertussis vaccine,3,INFANTS,Infants,NATIONWIDE,6 WEEKS;10 WEEKS;14 WEEKS,WHO/UNICEF Joint Reporting Form on Immunization
AFG,Afghanistan,EMR,2023,OPV,Oral polio vaccine,4,INFANTS,Infants,NATIONWIDE,AT BIRTH;6 WEEKS;10 WEEKS;14 WEEKS,WHO/UNICEF Joint Reporting Form on Immunization
AFG,Afghanistan,EMR,2023,MCV,Measles-containing vaccine,1,INFANTS;CHILDREN,Infants And Children,NATIONWIDE,9 MONTHS,WHO/UNICEF Joint Reporting Form on Immunization
AFG,Afghanistan,EMR,2023,HEPB,Hepatitis B vaccine,3,INFANTS,Infants,NATIONWIDE,6 WEEKS;10 WEEKS;14 WEEKS,WHO/UNICEF Joint Reporting Form on Immunization
AFG,Afghanistan,EMR,2023,HIB,Haemophilus influenzae type b vaccine,3,INFANTS,Infants,NATIONWIDE,6 WEEKS;10 WEEKS;14 WEEKS,WHO/UNICEF Joint Reporting Form on Immunization
AFG,Afghanistan,EMR,2023,PCV,Pneumococcal conjugate vaccine,3,INFANTS,Infants,NATIONWIDE,6 WEEKS;10 WEEKS;14 WEEKS,WHO/UNICEF Joint Reporting Form on Immunization
AFG,Afghanistan,EMR,2023,ROTA,Rotavirus vaccine,2,INFANTS,Infants,NATIONWIDE,6 WEEKS;10 WEEKS,WHO/UNICEF Joint Reporting Form on Immunization
AGO,Angola,AFR,2023,BCG,Bacille Calmette-Guerin vaccine,1,INFANTS,Infants,NATIONWIDE,AT BIRTH,WHO/UNICEF Joint Reporting Form on Immunization
AGO,Angola,AFR,2023,DTP,Diphtheria-tetanus-pertussis vaccine,3,INFANTS,Infants,NATIONWIDE,6 WEEKS;10 WEEKS;14 WEEKS,WHO/UNICEF Joint Reporting Form on Immunization
AGO,Angola,AFR,2023,OPV,Oral polio vaccine,3,INFANTS,Infants,NATIONWIDE,AT BIRTH;6 WEEKS;10 WEEKS,WHO/UNICEF Joint Reporting Form on Immunization
AGO,Angola,AFR,2023,MCV,Measles-containing vaccine,2,INFANTS;CHILDREN,Infants And Children,NATIONWIDE,9 MONTHS;18 MONTHS,WHO/UNICEF Joint Reporting Form on Immunization
AGO,Angola,AFR,2023,HEPB,Hepatitis B vaccine,3,INFANTS,Infants,NATIONWIDE,6 WEEKS;10 WEEKS;14 WEEKS,WHO/UNICEF Joint Reporting Form on Immunization
AGO,Angola,AFR,2023,HIB,Haemophilus influenzae type b vaccine,3,INFANTS,Infants,NATIONWIDE,6 WEEKS;10 WEEKS;14 WEEKS,WHO/UNICEF Joint Reporting Form on Immunization
AGO,Angola,AFR,2023,PCV,Pneumococcal conjugate vaccine,3,INFANTS,Infants,NATIONWIDE,6 WEEKS;10 WEEKS;14 WEEKS,WHO/UNICEF Joint Reporting Form on Immunization
AGO,Angola,AFR,2023,ROTA,Rotavirus vaccine,2,INFANTS,Infants,NATIONWIDE,6 WEEKS;10 WEEKS,WHO/UNICEF Joint Reporting Form on Immunization
AIA,Anguilla,AMR,2023,BCG,Bacille Calmette-Guerin vaccine,1,INFANTS,Infants,NATIONWIDE,AT BIRTH,WHO/UNICEF Joint Reporting Form on Immunization
AIA,Anguilla,AMR,2023,DTP,Diphtheria-tetanus-pertussis vaccine,3,INFANTS,Infants,NATIONWIDE,6 WEEKS;10 WEEKS;14 WEEKS,WHO/UNICEF Joint Reporting Form on Immunization
AIA,Anguilla,AMR,2023,OPV,Oral polio vaccine,3,INFANTS,Infants,NATIONWIDE,AT BIRTH;6 WEEKS;10 WEEKS,WHO/UNICEF Joint Reporting Form on Immunization
AIA,Anguilla,AMR,2023,MCV,Measles-containing vaccine,2,INFANTS;CHILDREN,Infants And Children,NATIONWIDE,9 MONTHS;18 MONTHS,WHO/UNICEF Joint Reporting Form on Immunization
AIA,Anguilla,AMR,2023,HEPB,Hepatitis B vaccine,3,INFANTS,Infants,NATIONWIDE,6 WEEKS;10 WEEKS;14 WEEKS,WHO/UNICEF Joint Reporting Form on Immunization
AIA,Anguilla,AMR,2023,HIB,Haemophilus influenzae type b vaccine,3,INFANTS,Infants,NATIONWIDE,6 WEEKS;10 WEEKS;14 WEEKS,WHO/UNICEF Joint Reporting Form on Immunization
AIA,Anguilla,AMR,2023,PCV,Pneumococcal conjugate vaccine,3,INFANTS,Infants,NATIONWIDE,6 WEEKS;10 WEEKS;14 WEEKS,WHO/UNICEF Joint Reporting Form on Immunization
AIA,Anguilla,AMR,2023,ROTA,Rotavirus vaccine,2,INFANTS,Infants,NATIONWIDE,6 WEEKS;10 WEEKS,WHO/UNICEF Joint Reporting Form on Immunization
ALB,Albania,EUR,2023,BCG,Bacille Calmette-Guerin vaccine,1,INFANTS,Infants,NATIONWIDE,AT BIRTH,WHO/UNICEF Joint Reporting Form on Immunization
ALB,Albania,EUR,2023,DTP,Diphtheria-tetanus-pertussis vaccine,3,INFANTS,Infants,NATIONWIDE,6 WEEKS;10 WEEKS;14 WEEKS,WHO/UNICEF Joint Reporting Form on Immunization
ALB,Albania,EUR,2023,OPV,Oral polio vaccine,4,INFANTS,Infants,NATIONWIDE,AT BIRTH;6 WEEKS;10 WEEKS;14 WEEKS,WHO/UNICEF Joint Reporting Form on Immunization
ALB,Albania,EUR,2023,MCV,Measles-containing vaccine,1,INFANTS;CHILDREN,Infants And Children,NATIONWIDE,9 MONTHS,WHO/UNICEF Joint Reporting Form on Immunization
ALB,Albania,EUR,2023,HEPB,Hepatitis B vaccine,3,INFANTS,Infants,NATIONWIDE,6 WEEKS;10 WEEKS;14 WEEKS,WHO/UNICEF Joint Reporting Form on Immunization
ALB,Albania,EUR,2023,HIB,Haemophilus influenzae type b vaccine,2,INFANTS,Infants,NATIONWIDE,6 WEEKS;10 WEEKS,WHO/UNICEF Joint Reporting Form on Immunization
ALB,Albania,EUR,2023,PCV,Pneumococcal conjugate vaccine,3,INFANTS,Infants,NATIONWIDE,6 WEEKS;10 WEEKS;14 WEEKS,WHO/UNICEF Joint Reporting Form on Immunization
ALB,Albania,EUR,2023,ROTA,Rotavirus vaccine,2,INFANTS,Infants,NATIONWIDE,6 WEEKS;10 WEEKS,WHO/UNICEF Joint Reporting Form on Immunization
AND,Andorra,EUR,2023,BCG,Bacille Calmette-Guerin vaccine,1,INFANTS,Infants,NATIONWIDE,AT BIRTH,WHO/UNICEF Joint Reporting Form on Immunization
AND,Andorra,EUR,2023,DTP,Diphtheria-tetanus-pertussis vaccine,3,INFANTS,Infants,NATIONWIDE,6 WEEKS;10 WEEKS;14 WEEKS,WHO/UNICEF Joint Reporting Form on Immunization
AND,Andorra,EUR,2023,OPV,Oral polio vaccine,4,INFANTS,Infants,NATIONWIDE,AT BIRTH;6 WEEKS;10 WEEKS;14 WEEKS,WHO/UNICEF Joint Reporting Form on Immunization
AND,Andorra,EUR,2023,MCV,Measles-containing vaccine,2,INFANTS;CHILDREN,Infants And Children,NATIONWIDE,9 MONTHS;18 MONTHS,WHO/UNICEF Joint Reporting Form on Immunization
AND,Andorra,EUR,2023,HEPB,Hepatitis B vaccine,3,INFANTS,Infants,NATIONWIDE,6 WEEKS;10 WEEKS;14 WEEKS,WHO/UNICEF Joint Reporting Form on Immunization
AND,Andorra,EUR,2023,HIB,Haemophilus influenzae type b vaccine,3,INFANTS,Infants,NATIONWIDE,6 WEEKS;10 WEEKS;14 WEEKS,WHO/UNICEF Joint Reporting Form on Immunization
AND,Andorra,EUR,2023,PCV,Pneumococcal conjugate vaccine,3,INFANTS,Infants,NATIONWIDE,6 WEEKS;10 WEEKS;14 WEEKS,WHO/UNICEF Joint Reporting Form on Immunization
AND,Andorra,EUR,2023,ROTA,Rotavirus vaccine,2,INFANTS,Infants,NATIONWIDE,6 WEEKS;10 WEEKS,WHO/UNICEF Joint Reporting Form on Immunization
ARE,United Arab Emirates,EMR,2023,BCG,Bacille Calmette-Guerin vaccine,1,INFANTS,Infants,NATIONWIDE,AT BIRTH,WHO/UNICEF Joint Reporting Form on Immunization
ARE,United Arab Emirates,EMR,2023,DTP,Diphtheria-tetanus-pertussis vaccine,3,INFANTS,Infants,NATIONWIDE,6 WEEKS;10 WEEKS;14 WEEKS,WHO/UNICEF Joint Reporting Form on Immunization
ARE,United Arab Emirates,EMR,2023,OPV,Oral polio vaccine,3,INFANTS,Infants,NATIONWIDE,AT BIRTH;6 WEEKS;10 WEEKS,WHO/UNICEF Joint Reporting Form on Immunization
ARE,United Arab Emirates,EMR,2023,MCV,Measles-containing vaccine,2,INFANTS;CHILDREN,Infants And Children,NATIONWIDE,9 MONTHS;18 MONTHS,WHO/UNICEF Joint Reporting Form on Immunization
ARE,United Arab Emirates,EMR,2023,HEPB,Hepatitis B vaccine,2,INFANTS,Infants,NATIONWIDE,6 WEEKS;10 WEEKS,WHO/UNICEF Joint Reporting Form on Immunization
ARE,United Arab Emirates,EMR,2023,HIB,Haemophilus influenzae type b vaccine,3,INFANTS,Infants,NATIONWIDE,6 WEEKS;10 WEEKS;14 WEEKS,WHO/UNICEF Joint Reporting Form on Immunization
ARE,United Arab Emirates,EMR,2023,PCV,Pneumococcal conjugate vaccine,3,INFANTS,Infants,NATIONWIDE,6 WEEKS;10 WEEKS;14 WEEKS,WHO/UNICEF Joint Reporting Form on Immunization
ARE,United Arab Emirates,EMR,2023,ROTA,Rotavirus vaccine,2,INFANTS,Infants,NATIONWIDE,6 WEEKS;10 WEEKS,WHO/UNICEF Joint Reporting Form on Immunization
ARG,Argentina,AMR,2023,BCG,Bacille Calmette-Guerin vaccine,1,INFANTS,Infants,NATIONWIDE,AT BIRTH,WHO/UNICEF Joint Reporting Form on Immunization
ARG,Argentina,AMR,2023,DTP,Diphtheria-tetanus-pertussis vaccine,3,INFANTS,Infants,NATIONWIDE,6 WEEKS;10 WEEKS;14 WEEKS,WHO/UNICEF Joint Reporting Form on Immunization
ARG,Argentina,AMR,2023,OPV,Oral polio vaccine,4,INFANTS,Infants,NATIONWIDE,AT BIRTH;6 WEEKS;10 WEEKS;14 WEEKS,WHO/UNICEF Joint Reporting Form on Immunization
ARG,Argentina,AMR,2023,MCV,Measles-containing vaccine,2,INFANTS;CHILDREN,Infants And Children,NATIONWIDE,9 MONTHS;18 MONTHS,WHO/UNICEF Joint Reporting Form on Immunization
ARG,Argentina,AMR,2023,HEPB,Hepatitis B vaccine,2,INFANTS,Infants,NATIONWIDE,6 WEEKS;10 WEEKS,WHO/UNICEF Joint Reporting Form on Immunization
ARG,Argentina,AMR,2023,HIB,Haemophilus influenzae type b vaccine,3,INFANTS,Infants,NATIONWIDE,6 WEEKS;10 WEEKS;14 WEEKS,WHO/UNICEF Joint Reporting Form on Immunization
ARG,Argentina,AMR,2023,PCV,Pneumococcal conjugate vaccine,3,INFANTS,Infants,NATIONWIDE,6 WEEKS;10 WEEKS;14 WEEKS,WHO/UNICEF Joint Reporting Form on Immunization
ARG,Argentina,AMR,2023,ROTA,Rotavirus vaccine,2,INFANTS,Infants,NATIONWIDE,6 WEEKS;10 WEEKS,WHO/UNICEF Joint Reporting Form on Immunization
ARM,Armenia,EUR,2023,BCG,Bacille Calmette-Guerin vaccine,1,INFANTS,Infants,NATIONWIDE,AT BIRTH,WHO/UNICEF Joint Reporting Form on Immunization
ARM,Armenia,EUR,2023,DTP,Diphtheria-tetanus-pertussis vaccine,3,INFANTS,Infants,NATIONWIDE,6 WEEKS;10 WEEKS;14 WEEKS,WHO/UNICEF Joint Reporting Form on Immunization
ARM,Armenia,EUR,2023,OPV,Oral polio vaccine,4,INFANTS,Infants,NATIONWIDE,AT BIRTH;6 WEEKS;10 WEEKS;14 WEEKS,WHO/UNICEF Joint Reporting Form on Immunization
ARM,Armenia,EUR,2023,MCV,Measles-containing vaccine,2,INFANTS;CHILDREN,Infants And Children,NATIONWIDE,9 MONTHS;18 MONTHS,WHO/UNICEF Joint Reporting Form on Immunization
ARM,Armenia,EUR,2023,HEPB,Hepatitis B vaccine,3,INFANTS,Infants,NATIONWIDE,6 WEEKS;10 WEEKS;14 WEEKS,WHO/UNICEF Joint Reporting Form on Immunization
ARM,Armenia,EUR,2023,HIB,Haemophilus influenzae type b vaccine,3,INFANTS,Infants,NATIONWIDE,6 WEEKS;10 WEEKS;14 WEEKS,WHO/UNICEF Joint Reporting Form on Immunization
ARM,Armenia,EUR,2023,PCV,Pneumococcal conjugate vaccine,3,INFANTS,Infants,NATIONWIDE,6 WEEKS;10 WEEKS;14 WEEKS,WHO/UNICEF Joint Reporting Form on Immunization
ARM,Armenia,EUR,2023,ROTA,Rotavirus vaccine,2,INFANTS,Infants,NATIONWIDE,6 WEEKS;10 WEEKS,WHO/UNICEF Joint Reporting Form on Immunization
ASM,American Samoa,WPR,2023,BCG,Bacille Calmette-Guerin vaccine,1,INFANTS,Infants,NATIONWIDE,AT BIRTH,WHO/UNICEF Joint Reporting Form on Immunization
ASM,American Samoa,WPR,2023,DTP,Diphtheria-tetanus-pertussis vaccine,2,INFANTS,Infants,NATIONWIDE,6 WEEKS;10 WEEKS,WHO/UNICEF Joint Reporting Form on Immunization
ASM,American Samoa,WPR,2023,OPV,Oral polio vaccine,4,INFANTS,Infants,NATIONWIDE,AT BIRTH;6 WEEKS;10 WEEKS;14 WEEKS,WHO/UNICEF Joint Reporting Form on Immunization
ASM,American Samoa,WPR,2023,MCV,Measles-containing vaccine,2,INFANTS;CHILDREN,Infants And Children,NATIONWIDE,9 MONTHS;18 MONTHS,WHO/UNICEF Joint Reporting Form on Immunization
ASM,American Samoa,WPR,2023,HEPB,Hepatitis B vaccine,3,INFANTS,Infants,NATIONWIDE,6 WEEKS;10 WEEKS;14 WEEKS,WHO/UNICEF Joint Reporting Form on Immunization
ASM,American Samoa,WPR,2023,HIB,Haemophilus influenzae type b vaccine,3,INFANTS,Infants,NATIONWIDE,6 WEEKS;10 WEEKS;14 WEEKS,WHO/UNICEF Joint Reporting Form on Immunization
ASM,American Samoa,WPR,2023,PCV,Pneumococcal conjugate vaccine,3,INFANTS,Infants,NATIONWIDE,6 WEEKS;10 WEEKS;14 WEEKS,WHO/UNICEF Joint Reporting Form on Immunization
ASM,American Samoa,WPR,2023,ROTA,Rotavirus vaccine,2,INFANTS,Infants,NATIONWIDE,6 WEEKS;10 WEEKS,WHO/UNICEF Joint Reporting Form on Immunization
ATG,Antigua and Barbuda,AMR,2023,BCG,Bacille Calmette-Guerin vaccine,1,INFANTS,Infants,NATIONWIDE,AT BIRTH,WHO/UNICEF Joint Reporting Form on Immunization
ATG,Antigua and Barbuda,AMR,2023,DTP,Diphtheria-tetanus-pertussis vaccine,2,INFANTS,Infants,NATIONWIDE,6 WEEKS;10 WEEKS,WHO/UNICEF Joint Reporting Form on Immunization
ATG,Antigua and Barbuda,AMR,2023,OPV,Oral polio vaccine,4,INFANTS,Infants,NATIONWIDE,AT BIRTH;6 WEEKS;10 WEEKS;14 WEEKS,WHO/UNICEF Joint Reporting Form on Immunization
ATG,Antigua and Barbuda,AMR,2023,MCV,Measles-containing vaccine,1,INFANTS;CHILDREN,Infants And Children,NATIONWIDE,9 MONTHS,WHO/UNICEF Joint Reporting Form on Immunization
ATG,Antigua and Barbuda,AMR,2023,HEPB,Hepatitis B vaccine,3,INFANTS,Infants,NATIONWIDE,6 WEEKS;10 WEEKS;14 WEEKS,WHO/UNICEF Joint Reporting Form on Immunization
ATG,Antigua and Barbuda,AMR,2023,HIB,Haemophilus influenzae type b vaccine,2,INFANTS,Infants,NATIONWIDE,6 WEEKS;10 WEEKS,WHO/UNICEF Joint Reporting Form on Immunization
ATG,Antigua and Barbuda,AMR,2023,PCV,Pneumococcal conjugate vaccine,3,INFANTS,Infants,NATIONWIDE,6 WEEKS;10 WEEKS;14 WEEKS,WHO/UNICEF Joint Reporting Form on Immunization
ATG,Antigua and Barbuda,AMR,2023,ROTA,Rotavirus vaccine,2,INFANTS,Infants,NATIONWIDE,6 WEEKS;10 WEEKS,WHO/UNICEF Joint Reporting Form on Immunization
AUS,Australia,WPR,2023,BCG,Bacille Calmette-Guerin vaccine,1,INFANTS,Infants,NATIONWIDE,AT BIRTH,WHO/UNICEF Joint Reporting Form on Immunization
AUS,Australia,WPR,2023,DTP,Diphtheria-tetanus-pertussis vaccine,2,INFANTS,Infants,NATIONWIDE,6 WEEKS;10 WEEKS,WHO/UNICEF Joint Reporting Form on Immunization
AUS,Australia,WPR,2023,OPV,Oral polio vaccine,4,INFANTS,Infants,NATIONWIDE,AT BIRTH;6 WEEKS;10 WEEKS;14 WEEKS,WHO/UNICEF Joint Reporting Form on Immunization
AUS,Australia,WPR,2023,MCV,Measles-containing vaccine,2,INFANTS;CHILDREN,Infants And Children,NATIONWIDE,9 MONTHS;18 MONTHS,WHO/UNICEF Joint Reporting Form on Immunization
AUS,Australia,WPR,2023,HEPB,Hepatitis B vaccine,3,INFANTS,Infants,NATIONWIDE,6 WEEKS;10 WEEKS;14 WEEKS,WHO/UNICEF Joint Reporting Form on Immunization
AUS,Australia,WPR,2023,HIB,Haemophilus influenzae type b vaccine,3,INFANTS,Infants,NATIONWIDE,6 WEEKS;10 WEEKS;14 WEEKS,WHO/UNICEF Joint Reporting Form on Immunization
AUS,Australia,WPR,2023,PCV,Pneumococcal conjugate vaccine,3,INFANTS,Infants,NATIONWIDE,6 WEEKS;10 WEEKS;14 WEEKS,WHO/UNICEF Joint Reporting Form on Immunization
AUS,Australia,WPR,2023,ROTA,Rotavirus vaccine,1,INFANTS,Infants,NATIONWIDE,6 WEEKS,WHO/UNICEF Joint Reporting Form on Immunization
AUT,Austria,EUR,2023,BCG,Bacille Calmette-Guerin vaccine,1,INFANTS,Infants,NATIONWIDE,AT BIRTH,WHO/UNICEF Joint Reporting Form on Immunization
AUT,Austria,EUR,2023,DTP,Diphtheria-tetanus-pertussis vaccine,3,INFANTS,Infants,NATIONWIDE,6 WEEKS;10 WEEKS;14 WEEKS,WHO/UNICEF Joint Reporting Form on Immunization
AUT,Austria,EUR,2023,OPV,Oral polio vaccine,4,INFANTS,Infants,NATIONWIDE,AT BIRTH;6 WEEKS;10 WEEKS;14 WEEKS,WHO/UNICEF Joint Reporting Form on Immunization
AUT,Austria,EUR,2023,MCV,Measles-containing vaccine,2,INFANTS;CHILDREN,Infants And Children,NATIONWIDE,9 MONTHS;18 MONTHS,WHO/UNICEF Joint Reporting Form on Immunization
AUT,Austria,EUR,2023,HEPB,Hepatitis B vaccine,3,INFANTS,Infants,NATIONWIDE,6 WEEKS;10 WEEKS;14 WEEKS,WHO/UNICEF Joint Reporting Form on Immunization
AUT,Austria,EUR,2023,HIB,Haemophilus influenzae type b vaccine,3,INFANTS,Infants,NATIONWIDE,6 WEEKS;10 WEEKS;14 WEEKS,WHO/UNICEF Joint Reporting Form on Immunization
AUT,Austria,EUR,2023,PCV,Pneumococcal conjugate vaccine,3,INFANTS,Infants,NATIONWIDE,6 WEEKS;10 WEEKS;14 WEEKS,WHO/UNICEF Joint Reporting Form on Immunization
AUT,Austria,EUR,2023,ROTA,Rotavirus vaccine,2,INFANTS,Infants,NATIONWIDE,6 WEEKS;10 WEEKS,WHO/UNICEF Joint Reporting Form on Immunization
AZE,Azerbaijan,EUR,2023,BCG,Bacille Calmette-Guerin vaccine,1,INFANTS,Infants,NATIONWIDE,AT BIRTH,WHO/UNICEF Joint Reporting Form on Immunization
AZE,Azerbaijan,EUR,2023,DTP,Diphtheria-tetanus-pertussis vaccine,3,INFANTS,Infants,NATIONWIDE,6 WEEKS;10 WEEKS;14 WEEKS,WHO/UNICEF Joint Reporting Form on Immunization
AZE,Azerbaijan,EUR,2023,OPV,Oral polio vaccine,3,INFANTS,Infants,NATIONWIDE,AT BIRTH;6 WEEKS;10 WEEKS,WHO/UNICEF Joint Reporting Form on Immunization
AZE,Azerbaijan,EUR,2023,MCV,Measles-containing vaccine,2,INFANTS;CHILDREN,Infants And Children,NATIONWIDE,9 MONTHS;18 MONTHS,WHO/UNICEF Joint Reporting Form on Immunization
AZE,Azerbaijan,EUR,2023,HEPB,Hepatitis B vaccine,3,INFANTS,Infants,NATIONWIDE,6 WEEKS;10 WEEKS;14 WEEKS,WHO/UNICEF Joint Reporting Form on Immunization
AZE,Azerbaijan,EUR,2023,HIB,Haemophilus influenzae type b vaccine,3,INFANTS,Infants,NATIONWIDE,6 WEEKS;10 WEEKS;14 WEEKS,WHO/UNICEF Joint Reporting Form on Immunization
AZE,Azerbaijan,EUR,2023,PCV,Pneumococcal conjugate vaccine,3,INFANTS,Infants,NATIONWIDE,6 WEEKS;10 WEEKS;14 WEEKS,WHO/UNICEF Joint Reporting Form on Immunization
AZE,Azerbaijan,EUR,2023,ROTA,Rotavirus vaccine,2,INFANTS,Infants,NATIONWIDE,6 WEEKS;10 WEEKS,WHO/UNICEF Joint Reporting Form on Immunization
BDI,Burundi,AFR,2023,BCG,Bacille Calmette-Guerin vaccine,1,INFANTS,Infants,NATIONWIDE,AT BIRTH,WHO/UNICEF Joint Reporting Form on Immunization
BDI,Burundi,AFR,2023,DTP,Diphtheria-tetanus-pertussis vaccine,3,INFANTS,Infants,NATIONWIDE,6 WEEKS;10 WEEKS;14 WEEKS,WHO/UNICEF Joint Reporting Form on Immunization
BDI,Burundi,AFR,2023,OPV,Oral polio vaccine,4,INFANTS,Infants,NATIONWIDE,AT BIRTH;6 WEEKS;10 WEEKS;14 WEEKS,WHO/UNICEF Joint Reporting Form on Immunization
BDI,Burundi,AFR,2023,MCV,Measles-containing vaccine,2,INFANTS;CHILDREN,Infants And Children,NATIONWIDE,9 MONTHS;18 MONTHS,WHO/UNICEF Joint Reporting Form on Immunization
BDI,Burundi,AFR,2023,HEPB,Hepatitis B vaccine,3,INFANTS,Infants,NATIONWIDE,6 WEEKS;10 WEEKS;14 WEEKS,WHO/UNICEF Joint Reporting Form on Immunization
BDI,Burundi,AFR,2023,HIB,Haemophilus influenzae type b vaccine,3,INFANTS,Infants,NATIONWIDE,6 WEEKS;10 WEEKS;14 WEEKS,WHO/UNICEF Joint Reporting Form on Immunization
BDI,Burundi,AFR,2023,PCV,Pneumococcal conjugate vaccine,3,INFANTS,Infants,NATIONWIDE,6 WEEKS;10 WEEKS;14 WEEKS,WHO/UNICEF Joint Reporting Form on Immunization
BDI,Burundi,AFR,2023,ROTA,Rotavirus vaccine,2,INFANTS,Infants,NATIONWIDE,6 WEEKS;10 WEEKS,WHO/UNICEF Joint Reporting Form on Immunization
BEL,Belgium,EUR,2023,BCG,Bacille Calmette-Guerin vaccine,1,INFANTS,Infants,NATIONWIDE,AT BIRTH,WHO/UNICEF Joint Reporting Form on Immunization
BEL,Belgium,EUR,2023,DTP,Diphtheria-tetanus-pertussis vaccine,3,INFANTS,Infants,NATIONWIDE,6 WEEKS;10 WEEKS;14 WEEKS,WHO/UNICEF Joint Reporting Form on Immunization
BEL,Belgium,EUR,2023,OPV,Oral polio vaccine,4,INFANTS,Infants,NATIONWIDE,AT BIRTH;6 WEEKS;10 WEEKS;14 WEEKS,WHO/UNICEF Joint Reporting Form on Immunization
BEL,Belgium,EUR,2023,MCV,Measles-containing vaccine,2,INFANTS;CHILDREN,Infants And Children,NATIONWIDE,9 MONTHS;18 MONTHS,WHO/UNICEF Joint Reporting Form on Immunization
BEL,Belgium,EUR,2023,HEPB,Hepatitis B vaccine,3,INFANTS,Infants,NATIONWIDE,6 WEEKS;10 WEEKS;14 WEEKS,WHO/UNICEF Joint Reporting Form on Immunization
BEL,Belgium,EUR,2023,HIB,Haemophilus influenzae type b vaccine,2,INFANTS,Infants,NATIONWIDE,6 WEEKS;10 WEEKS,WHO/UNICEF Joint Reporting Form on Immunization
BEL,Belgium,EUR,2023,PCV,Pneumococcal conjugate vaccine,3,INFANTS,Infants,NATIONWIDE,6 WEEKS;10 WEEKS;14 WEEKS,WHO/UNICEF Joint Reporting Form on Immunization
BEL,Belgium,EUR,2023,ROTA,Rotavirus vaccine,1,INFANTS,Infants,NATIONWIDE,6 WEEKS,WHO/UNICEF Joint Reporting Form on Immunization
BEN,Benin,AFR,2023,BCG,Bacille Calmette-Guerin vaccine,1,INFANTS,Infants,NATIONWIDE,AT BIRTH,WHO/UNICEF Joint Reporting Form on Immunization
BEN,Benin,AFR,2023,DTP,Diphtheria-tetanus-pertussis vaccine,3,INFANTS,Infants,NATIONWIDE,6 WEEKS;10 WEEKS;14 WEEKS,WHO/UNICEF Joint Reporting Form on Immunization
BEN,Benin,AFR,2023,OPV,Oral polio vaccine,4,INFANTS,Infants,NATIONWIDE,AT BIRTH;6 WEEKS;10 WEEKS;14 WEEKS,WHO/UNICEF Joint Reporting Form on Immunization
BEN,Benin,AFR,2023,MCV,Measles-containing vaccine,2,INFANTS;CHILDREN,Infants And Children,NATIONWIDE,9 MONTHS;18 MONTHS,WHO/UNICEF Joint Reporting Form on Immunization
BEN,Benin,AFR,2023,HEPB,Hepatitis B vaccine,2,INFANTS,Infants,NATIONWIDE,6 WEEKS;10 WEEKS,WHO/UNICEF Joint Reporting Form on Immunization
BEN,Benin,AFR,2023,HIB,Haemophilus influenzae type b vaccine,3,INFANTS,Infants,NATIONWIDE,6 WEEKS;10 WEEKS;14 WEEKS,WHO/UNICEF Joint Reporting Form on Immunization
BEN,Benin,AFR,2023,PCV,Pneumococcal conjugate vaccine,3,INFANTS,Infants,NATIONWIDE,6 WEEKS;10 WEEKS;14 WEEKS,WHO/UNICEF Joint Reporting Form on Immunization
BEN,Benin,AFR,2023,ROTA,Rotavirus vaccine,2,INFANTS,Infants,NATIONWIDE,6 WEEKS;10 WEEKS,WHO/UNICEF Joint Reporting Form on Immunization
BES,"Bonaire, Saint Eustatius and Saba",AMR,2023,BCG,Bacille Calmette-Guerin vaccine,1,INFANTS,Infants,NATIONWIDE,AT BIRTH,WHO/UNICEF Joint Reporting Form on Immunization
BES,"Bonaire, Saint Eustatius and Saba",AMR,2023,DTP,Diphtheria-tetanus-pertussis vaccine,3,INFANTS,Infants,NATIONWIDE,6 WEEKS;10 WEEKS;14 WEEKS,WHO/UNICEF Joint Reporting Form on Immunization
BES,"Bonaire, Saint Eustatius and Saba",AMR,2023,OPV,Oral polio vaccine,4,INFANTS,Infants,NATIONWIDE,AT BIRTH;6 WEEKS;10 WEEKS;14 WEEKS,WHO/UNICEF Joint Reporting Form on Immunization
BES,"Bonaire, Saint Eustatius and Saba",AMR,2023,MCV,Measles-containing vaccine,2,INFANTS;CHILDREN,Infants And Children,NATIONWIDE,9 MONTHS;18 MONTHS,WHO/UNICEF Joint Reporting Form on Immunization
BES,"Bonaire, Saint Eustatius and Saba",AMR,2023,HEPB,Hepatitis B vaccine,2,INFANTS,Infants,NATIONWIDE,6 WEEKS;10 WEEKS,WHO/UNICEF Joint Reporting Form on Immunization
BES,"Bonaire, Saint Eustatius and Saba",AMR,2023,HIB,Haemophilus influenzae type b vaccine,3,INFANTS,Infants,NATIONWIDE,6 WEEKS;10 WEEKS;14 WEEKS,WHO/UNICEF Joint Reporting Form on Immunization
BES,"Bonaire, Saint Eustatius and Saba",AMR,2023,PCV,Pneumococcal conjugate vaccine,3,INFANTS,Infants,NATIONWIDE,6 WEEKS;10 WEEKS;14 WEEKS,WHO/UNICEF Joint Reporting Form on Immunization
BES,"Bonaire, Saint Eustatius and Saba",AMR,2023,ROTA,Rotavirus vaccine,2,INFANTS,Infants,NATIONWIDE,6 WEEKS;10 WEEKS,WHO/UNICEF Joint Reporting Form on Immunization
BFA,Burkina Faso,AFR,2023,BCG,Bacille Calmette-Guerin vaccine,1,INFANTS,Infants,NATIONWIDE,AT BIRTH,WHO/UNICEF Joint Reporting Form on Immunization
BFA,Burkina Faso,AFR,2023,DTP,Diphtheria-tetanus-pertussis vaccine,2,INFANTS,Infants,NATIONWIDE,6 WEEKS;10 WEEKS,WHO/UNICEF Joint Reporting Form on Immunization
BFA,Burkina Faso,AFR,2023,OPV,Oral polio vaccine,4,INFANTS,Infants,NATIONWIDE,AT BIRTH;6 WEEKS;10 WEEKS;14 WEEKS,WHO/UNICEF Joint Reporting Form on Immunization
BFA,Burkina Faso,AFR,2023,MCV,Measles-containing vaccine,2,INFANTS;CHILDREN,Infants And Children,NATIONWIDE,9 MONTHS;18 MONTHS,WHO/UNICEF Joint Reporting Form on Immunization
BFA,Burkina Faso,AFR,2023,HEPB,Hepatitis B vaccine,3,INFANTS,Infants,NATIONWIDE,6 WEEKS;10 WEEKS;14 WEEKS,WHO/UNICEF Joint Reporting Form on Immunization
BFA,Burkina Faso,AFR,2023,HIB,Haemophilus influenzae type b vaccine,2,INFANTS,Infants,NATIONWIDE,6 WEEKS;10 WEEKS,WHO/UNICEF Joint Reporting Form on Immunization
BFA,Burkina Faso,AFR,2023,PCV,Pneumococcal conjugate vaccine,3,INFANTS,Infants,NATIONWIDE,6 WEEKS;10 WEEKS;14 WEEKS,WHO/UNICEF Joint Reporting Form on Immunization
BFA,Burkina Faso,AFR,2023,ROTA,Rotavirus vaccine,2,INFANTS,Infants,NATIONWIDE,6 WEEKS;10 WEEKS,WHO/UNICEF Joint Reporting Form on Immunization
BGD,Bangladesh,SEAR,2023,BCG,Bacille Calmette-Guerin vaccine,1,INFANTS,Infants,NATIONWIDE,AT BIRTH,WHO/UNICEF Joint Reporting Form on Immunization
BGD,Bangladesh,SEAR,2023,DTP,Diphtheria-tetanus-pertussis vaccine,3,INFANTS,Infants,NATIONWIDE,6 WEEKS;10 WEEKS;14 WEEKS,WHO/UNICEF Joint Reporting Form on Immunization
BGD,Bangladesh,SEAR,2023,OPV,Oral polio vaccine,4,INFANTS,Infants,NATIONWIDE,AT BIRTH;6 WEEKS;10 WEEKS;14 WEEKS,WHO/UNICEF Joint Reporting Form on Immunization
BGD,Bangladesh,SEAR,2023,MCV,Measles-containing vaccine,2,INFANTS;CHILDREN,Infants And Children,NATIONWIDE,9 MONTHS;18 MONTHS,WHO/UNICEF Joint Reporting Form on Immunization
BGD,Bangladesh,SEAR,2023,HEPB,Hepatitis B vaccine,3,INFANTS,Infants,NATIONWIDE,6 WEEKS;10 WEEKS;14 WEEKS,WHO/UNICEF Joint Reporting Form on Immunization
BGD,Bangladesh,SEAR,2023,HIB,Haemophilus influenzae type b vaccine,2,INFANTS,Infants,NATIONWIDE,6 WEEKS;10 WEEKS,WHO/UNICEF Joint Reporting Form on Immunization
BGD,Bangladesh,SEAR,2023,PCV,Pneumococcal conjugate vaccine,3,INFANTS,Infants,NATIONWIDE,6 WEEKS;10 WEEKS;14 WEEKS,WHO/UNICEF Joint Reporting Form on Immunization
BGD,Bangladesh,SEAR,2023,ROTA,Rotavirus vaccine,2,INFANTS,Infants,NATIONWIDE,6 WEEKS;10 WEEKS,WHO/UNICEF Joint Reporting Form on Immunization
BGR,Bulgaria,EUR,2023,BCG,Bacille Calmette-Guerin vaccine,1,INFANTS,Infants,NATIONWIDE,AT BIRTH,WHO/UNICEF Joint Reporting Form on Immunization
BGR,Bulgaria,EUR,2023,DTP,Diphtheria-tetanus-pertussis vaccine,2,INFANTS,Infants,NATIONWIDE,6 WEEKS;10 WEEKS,WHO/UNICEF Joint Reporting Form on Immunization
BGR,Bulgaria,EUR,2023,OPV,Oral polio vaccine,4,INFANTS,Infants,NATIONWIDE,AT BIRTH;6 WEEKS;10 WEEKS;14 WEEKS,WHO/UNICEF Joint Reporting Form on Immunization
BGR,Bulgaria,EUR,2023,MCV,Measles-containing vaccine,2,INFANTS;CHILDREN,Infants And Children,NATIONWIDE,9 MONTHS;18 MONTHS,WHO/UNICEF Joint Reporting Form on Immunization
BGR,Bulgaria,EUR,2023,HEPB,Hepatitis B vaccine,3,INFANTS,Infants,NATIONWIDE,6 WEEKS;10 WEEKS;14 WEEKS,WHO/UNICEF Joint Reporting Form on Immunization
BGR,Bulgaria,EUR,2023,HIB,Haemophilus influenzae type b vaccine,3,INFANTS,Infants,NATIONWIDE,6 WEEKS;10 WEEKS;14 WEEKS,WHO/UNICEF Joint Reporting Form on Immunization
BGR,Bulgaria,EUR,2023,PCV,Pneumococcal conjugate vaccine,3,INFANTS,Infants,NATIONWIDE,6 WEEKS;10 WEEKS;14 WEEKS,WHO/UNICEF Joint Reporting Form on Immunization
BGR,Bulgaria,EUR,2023,ROTA,Rotavirus vaccine,2,INFANTS,Infants,NATIONWIDE,6 WEEKS;10 WEEKS,WHO/UNICEF Joint Reporting Form on Immunization
BHR,Bahrain,EMR,2023,BCG,Bacille Calmette-Guerin vaccine,1,INFANTS,Infants,NATIONWIDE,AT BIRTH,WHO/UNICEF Joint Reporting Form on Immunization
BHR,Bahrain,EMR,2023,DTP,Diphtheria-tetanus-pertussis vaccine,3,INFANTS,Infants,NATIONWIDE,6 WEEKS;10 WEEKS;14 WEEKS,WHO/UNICEF Joint Reporting Form on Immunization
BHR,Bahrain,EMR,2023,OPV,Oral polio vaccine,4,INFANTS,Infants,NATIONWIDE,AT BIRTH;6 WEEKS;10 WEEKS;14 WEEKS,WHO/UNICEF Joint Reporting Form on Immunization
BHR,Bahrain,EMR,2023,MCV,Measles-containing vaccine,1,INFANTS;CHILDREN,Infants And Children,NATIONWIDE,9 MONTHS,WHO/UNICEF Joint Reporting Form on Immunization
BHR,Bahrain,EMR,2023,HEPB,Hepatitis B vaccine,3,INFANTS,Infants,NATIONWIDE,6 WEEKS;10 WEEKS;14 WEEKS,WHO/UNICEF Joint Reporting Form on Immunization
BHR,Bahrain,EMR,2023,HIB,Haemophilus influenzae type b vaccine,3,INFANTS,Infants,NATIONWIDE,6 WEEKS;10 WEEKS;14 WEEKS,WHO/UNICEF Joint Reporting Form on Immunization
BHR,Bahrain,EMR,2023,PCV,Pneumococcal conjugate vaccine,3,INFANTS,Infants,NATIONWIDE,6 WEEKS;10 WEEKS;14 WEEKS,WHO/UNICEF Joint Reporting Form on Immunization
BHR,Bahrain,EMR,2023,ROTA,Rotavirus vaccine,2,INFANTS,Infants,NATIONWIDE,6 WEEKS;10 WEEKS,WHO/UNICEF Joint Reporting Form on Immunization
BHS,Bahamas,AMR,2023,BCG,Bacille Calmette-Guerin vaccine,1,INFANTS,Infants,NATIONWIDE,AT BIRTH,WHO/UNICEF Joint Reporting Form on Immunization
BHS,Bahamas,AMR,2023,DTP,Diphtheria-tetanus-pertussis vaccine,3,INFANTS,Infants,NATIONWIDE,6 WEEKS;10 WEEKS;14 WEEKS,WHO/UNICEF Joint Reporting Form on Immunization
BHS,Bahamas,AMR,2023,OPV,Oral polio vaccine,4,INFANTS,Infants,NATIONWIDE,AT BIRTH;6 WEEKS;10 WEEKS;14 WEEKS,WHO/UNICEF Joint Reporting Form on Immunization
BHS,Bahamas,AMR,2023,MCV,Measles-containing vaccine,2,INFANTS;CHILDREN,Infants And Children,NATIONWIDE,9 MONTHS;18 MONTHS,WHO/UNICEF Joint Reporting Form on Immunization
BHS,Bahamas,AMR,2023,HEPB,Hepatitis B vaccine,2,INFANTS,Infants,NATIONWIDE,6 WEEKS;10 WEEKS,WHO/UNICEF Joint Reporting Form on Immunization
BHS,Bahamas,AMR,2023,HIB,Haemophilus influenzae type b vaccine,2,INFANTS,Infants,NATIONWIDE,6 WEEKS;10 WEEKS,WHO/UNICEF Joint Reporting Form on Immunization
BHS,Bahamas,AMR,2023,PCV,Pneumococcal conjugate vaccine,3,INFANTS,Infants,NATIONWIDE,6 WEEKS;10 WEEKS;14 WEEKS,WHO/UNICEF Joint Reporting Form on Immunization
BHS,Bahamas,AMR,2023,ROTA,Rotavirus vaccine,2,INFANTS,Infants,NATIONWIDE,6 WEEKS;10 WEEKS,WHO/UNICEF Joint Reporting Form on Immunization
BIH,Bosnia and Herzegovina,EUR,2023,BCG,Bacille Calmette-Guerin vaccine,1,INFANTS,Infants,NATIONWIDE,AT BIRTH,WHO/UNICEF Joint Reporting Form on Immunization
BIH,Bosnia and Herzegovina,EUR,2023,DTP,Diphtheria-tetanus-pertussis vaccine,3,INFANTS,Infants,NATIONWIDE,6 WEEKS;10 WEEKS;14 WEEKS,WHO/UNICEF Joint Reporting Form on Immunization
BIH,Bosnia and Herzegovina,EUR,2023,OPV,Oral polio vaccine,4,INFANTS,Infants,NATIONWIDE,AT BIRTH;6 WEEKS;10 WEEKS;14 WEEKS,WHO/UNICEF Joint Reporting Form on Immunization
BIH,Bosnia and Herzegovina,EUR,2023,MCV,Measles-containing vaccine,2,INFANTS;CHILDREN,Infants And Children,NATIONWIDE,9 MONTHS;18 MONTHS,WHO/UNICEF Joint Reporting Form on Immunization
BIH,Bosnia and Herzegovina,EUR,2023,HEPB,Hepatitis B vaccine,3,INFANTS,Infants,NATIONWIDE,6 WEEKS;10 WEEKS;14 WEEKS,WHO/UNICEF Joint Reporting Form on Immunization
BIH,Bosnia and Herzegovina,EUR,2023,HIB,Haemophilus influenzae type b vaccine,3,INFANTS,Infants,NATIONWIDE,6 WEEKS;10 WEEKS;14 WEEKS,WHO/UNICEF Joint Reporting Form on Immunization
BIH,Bosnia and Herzegovina,EUR,2023,PCV,Pneumococcal conjugate vaccine,2,INFANTS,Infants,NATIONWIDE,6 WEEKS;10 WEEKS,WHO/UNICEF Joint Reporting Form on Immunization
BIH,Bosnia and Herzegovina,EUR,2023,ROTA,Rotavirus vaccine,2,INFANTS,Infants,NATIONWIDE,6 WEEKS;10 WEEKS,WHO/UNICEF Joint Reporting Form on Immunization
BLR,Belarus,EUR,2023,BCG,Bacille Calmette-Guerin vaccine,1,INFANTS,Infants,NATIONWIDE,AT BIRTH,WHO/UNICEF Joint Reporting Form on Immunization
BLR,Belarus,EUR,2023,DTP,Diphtheria-tetanus-pertussis vaccine,3,INFANTS,Infants,NATIONWIDE,6 WEEKS;10 WEEKS;14 WEEKS,WHO/UNICEF Joint Reporting Form on Immunization
BLR,Belarus,EUR,2023,OPV,Oral polio vaccine,4,INFANTS,Infants,NATIONWIDE,AT BIRTH;6 WEEKS;10 WEEKS;14 WEEKS,WHO/UNICEF Joint Reporting Form on Immunization
BLR,Belarus,EUR,2023,MCV,Measles-containing vaccine,2,INFANTS;CHILDREN,Infants And Children,NATIONWIDE,9 MONTHS;18 MONTHS,WHO/UNICEF Joint Reporting Form on Immunization
BLR,Belarus,EUR,2023,HEPB,Hepatitis B vaccine,2,INFANTS,Infants,NATIONWIDE,6 WEEKS;10 WEEKS,WHO/UNICEF Joint Reporting Form on Immunization
BLR,Belarus,EUR,2023,HIB,Haemophilus influenzae type b vaccine,3,INFANTS,Infants,NATIONWIDE,6 WEEKS;10 WEEKS;14 WEEKS,WHO/UNICEF Joint Reporting Form on Immunization
BLR,Belarus,EUR,2023,PCV,Pneumococcal conjugate vaccine,3,INFANTS,Infants,NATIONWIDE,6 WEEKS;10 WEEKS;14 WEEKS,WHO/UNICEF Joint Reporting Form on Immunization
BLR,Belarus,EUR,2023,ROTA,Rotavirus vaccine,2,INFANTS,Infants,NATIONWIDE,6 WEEKS;10 WEEKS,WHO/UNICEF Joint Reporting Form on Immunization
BLZ,Belize,AMR,2023,BCG,Bacille Calmette-Guerin vaccine,1,INFANTS,Infants,NATIONWIDE,AT BIRTH,WHO/UNICEF Joint Reporting Form on Immunization
BLZ,Belize,AMR,2023,DTP,Diphtheria-tetanus-pertussis vaccine,3,INFANTS,Infants,NATIONWIDE,6 WEEKS;10 WEEKS;14 WEEKS,WHO/UNICEF Joint Reporting Form on Immunization
BLZ,Belize,AMR,2023,OPV,Oral polio vaccine,4,INFANTS,Infants,NATIONWIDE,AT BIRTH;6 WEEKS;10 WEEKS;14 WEEKS,WHO/UNICEF Joint Reporting Form on Immunization
BLZ,Belize,AMR,2023,MCV,Measles-containing vaccine,2,INFANTS;CHILDREN,Infants And Children,NATIONWIDE,9 MONTHS;18 MONTHS,WHO/UNICEF Joint Reporting Form on Immunization
BLZ,Belize,AMR,2023,HEPB,Hepatitis B vaccine,3,INFANTS,Infants,NATIONWIDE,6 WEEKS;10 WEEKS;14 WEEKS,WHO/UNICEF Joint Reporting Form on Immunization
BLZ,Belize,AMR,2023,HIB,Haemophilus influenzae type b vaccine,3,INFANTS,Infants,NATIONWIDE,6 WEEKS;10 WEEKS;14 WEEKS,WHO/UNICEF Joint Reporting Form on Immunization
BLZ,Belize,AMR,2023,PCV,Pneumococcal conjugate vaccine,3,INFANTS,Infants,NATIONWIDE,6 WEEKS;10 WEEKS;14 WEEKS,WHO/UNICEF Joint Reporting Form on Immunization
BLZ,Belize,AMR,2023,ROTA,Rotavirus vaccine,1,INFANTS,Infants,NATIONWIDE,6 WEEKS,WHO/UNICEF Joint Reporting Form on Immunization
BMU,Bermuda,AMR,2023,BCG,Bacille Calmette-Guerin vaccine,1,INFANTS,Infants,NATIONWIDE,AT BIRTH,WHO/UNICEF Joint Reporting Form on Immunization
BMU,Bermuda,AMR,2023,DTP,Diphtheria-tetanus-pertussis vaccine,3,INFANTS,Infants,NATIONWIDE,6 WEEKS;10 WEEKS;14 WEEKS,WHO/UNICEF Joint Reporting Form on Immunization
BMU,Bermuda,AMR,2023,OPV,Oral polio vaccine,4,INFANTS,Infants,NATIONWIDE,AT BIRTH;6 WEEKS;10 WEEKS;14 WEEKS,WHO/UNICEF Joint Reporting Form on Immunization
BMU,Bermuda,AMR,2023,MCV,Measles-containing vaccine,2,INFANTS;CHILDREN,Infants And Children,NATIONWIDE,9 MONTHS;18 MONTHS,WHO/UNICEF Joint Reporting Form on Immunization
BMU,Bermuda,AMR,2023,HEPB,Hepatitis B vaccine,3,INFANTS,Infants,NATIONWIDE,6 WEEKS;10 WEEKS;14 WEEKS,WHO/UNICEF Joint Reporting Form on Immunization
BMU,Bermuda,AMR,2023,HIB,Haemophilus influenzae type b vaccine,3,INFANTS,Infants,NATIONWIDE,6 WEEKS;10 WEEKS;14 WEEKS,WHO/UNICEF Joint Reporting Form on Immunization
BMU,Bermuda,AMR,2023,PCV,Pneumococcal conjugate vaccine,3,INFANTS,Infants,NATIONWIDE,6 WEEKS;10 WEEKS;14 WEEKS,WHO/UNICEF Joint Reporting Form on Immunization
BMU,Bermuda,AMR,2023,ROTA,Rotavirus vaccine,2,INFANTS,Infants,NATIONWIDE,6 WEEKS;10 WEEKS,WHO/UNICEF Joint Reporting Form on Immunization
BOL,Bolivia (Plurinational State of),AMR,2023,BCG,Bacille Calmette-Guerin vaccine,1,INFANTS,Infants,NATIONWIDE,AT BIRTH,WHO/UNICEF Joint Reporting Form on Immunization
BOL,Bolivia (Plurinational State of),AMR,2023,DTP,Diphtheria-tetanus-pertussis vaccine,2,INFANTS,Infants,NATIONWIDE,6 WEEKS;10 WEEKS,WHO/UNICEF Joint Reporting Form on Immunization
BOL,Bolivia (Plurinational State of),AMR,2023,OPV,Oral polio vaccine,4,INFANTS,Infants,NATIONWIDE,AT BIRTH;6 WEEKS;10 WEEKS;14 WEEKS,WHO/UNICEF Joint Reporting Form on Immunization
BOL,Bolivia (Plurinational State of),AMR,2023,MCV,Measles-containing vaccine,2,INFANTS;CHILDREN,Infants And Children,NATIONWIDE,9 MONTHS;18 MONTHS,WHO/UNICEF Joint Reporting Form on Immunization
BOL,Bolivia (Plurinational State of),AMR,2023,HEPB,Hepatitis B vaccine,3,INFANTS,Infants,NATIONWIDE,6 WEEKS;10 WEEKS;14 WEEKS,WHO/UNICEF Joint Reporting Form on Immunization
BOL,Bolivia (Plurinational State of),AMR,2023,HIB,Haemophilus influenzae type b vaccine,3,INFANTS,Infants,NATIONWIDE,6 WEEKS;10 WEEKS;14 WEEKS,WHO/UNICEF Joint Reporting Form on Immunization
BOL,Bolivia (Plurinational State of),AMR,2023,PCV,Pneumococcal conjugate vaccine,2,INFANTS,Infants,NATIONWIDE,6 WEEKS;10 WEEKS,WHO/UNICEF Joint Reporting Form on Immunization
BOL,Bolivia (Plurinational State of),AMR,2023,ROTA,Rotavirus vaccine,2,INFANTS,Infants,NATIONWIDE,6 WEEKS;10 WEEKS,WHO/UNICEF Joint Reporting Form on Immunization
BRA,Brazil,AMR,2023,BCG,Bacille Calmette-Guerin vaccine,1,INFANTS,Infants,NATIONWIDE,AT BIRTH,WHO/UNICEF Joint Reporting Form on Immunization
BRA,Brazil,AMR,2023,DTP,Diphtheria-tetanus-pertussis vaccine,3,INFANTS,Infants,NATIONWIDE,6 WEEKS;10 WEEKS;14 WEEKS,WHO/UNICEF Joint Reporting Form on Immunization
BRA,Brazil,AMR,2023,OPV,Oral polio vaccine,4,INFANTS,Infants,NATIONWIDE,AT BIRTH;6 WEEKS;10 WEEKS;14 WEEKS,WHO/UNICEF Joint Reporting Form on Immunization
BRA,Brazil,AMR,2023,MCV,Measles-containing vaccine,2,INFANTS;CHILDREN,Infants And Children,NATIONWIDE,9 MONTHS;18 MONTHS,WHO/UNICEF Joint Reporting Form on Immunization
BRA,Brazil,AMR,2023,HEPB,Hepatitis B vaccine,3,INFANTS,Infants,NATIONWIDE,6 WEEKS;10 WEEKS;14 WEEKS,WHO/UNICEF Joint Reporting Form on Immunization
BRA,Brazil,AMR,2023,HIB,Haemophilus influenzae type b vaccine,2,INFANTS,Infants,NATIONWIDE,6 WEEKS;10 WEEKS,WHO/UNICEF Joint Reporting Form on Immunization
BRA,Brazil,AMR,2023,PCV,Pneumococcal conjugate vaccine,3,INFANTS,Infants,NATIONWIDE,6 WEEKS;10 WEEKS;14 WEEKS,WHO/UNICEF Joint Reporting Form on Immunization
BRA,Brazil,AMR,2023,ROTA,Rotavirus vaccine,2,INFANTS,Infants,NATIONWIDE,6 WEEKS;10 WEEKS,WHO/UNICEF Joint Reporting Form on Immunization
BRB,Barbados,AMR,2023,BCG,Bacille Calmette-Guerin vaccine,1,INFANTS,Infants,NATIONWIDE,AT BIRTH,WHO/UNICEF Joint Reporting Form on Immunization
BRB,Barbados,AMR,2023,DTP,Diphtheria-tetanus-pertussis vaccine,3,INFANTS,Infants,NATIONWIDE,6 WEEKS;10 WEEKS;14 WEEKS,WHO/UNICEF Joint Reporting Form on Immunization
BRB,Barbados,AMR,2023,OPV,Oral polio vaccine,3,INFANTS,Infants,NATIONWIDE,AT BIRTH;6 WEEKS;10 WEEKS,WHO/UNICEF Joint Reporting Form on Immunization
BRB,Barbados,AMR,2023,MCV,Measles-containing vaccine,2,INFANTS;CHILDREN,Infants And Children,NATIONWIDE,9 MONTHS;18 MONTHS,WHO/UNICEF Joint Reporting Form on Immunization
BRB,Barbados,AMR,2023,HEPB,Hepatitis B vaccine,3,INFANTS,Infants,NATIONWIDE,6 WEEKS;10 WEEKS;14 WEEKS,WHO/UNICEF Joint Reporting Form on Immunization
BRB,Barbados,AMR,2023,HIB,Haemophilus influenzae type b vaccine,3,INFANTS,Infants,NATIONWIDE,6 WEEKS;10 WEEKS;14 WEEKS,WHO/UNICEF Joint Reporting Form on Immunization
BRB,Barbados,AMR,2023,PCV,Pneumococcal conjugate vaccine,3,INFANTS,Infants,NATIONWIDE,6 WEEKS;10 WEEKS;14 WEEKS,WHO/UNICEF Joint Reporting Form on Immunization
BRB,Barbados,AMR,2023,ROTA,Rotavirus vaccine,2,INFANTS,Infants,NATIONWIDE,6 WEEKS;10 WEEKS,WHO/UNICEF Joint Reporting Form on Immunization
BRN,Brunei Darussalam,WPR,2023,BCG,Bacille Calmette-Guerin vaccine,1,INFANTS,Infants,NATIONWIDE,AT BIRTH,WHO/UNICEF Joint Reporting Form on Immunization
BRN,Brunei Darussalam,WPR,2023,DTP,Diphtheria-tetanus-pertussis vaccine,3,INFANTS,Infants,NATIONWIDE,6 WEEKS;10 WEEKS;14 WEEKS,WHO/UNICEF Joint Reporting Form on Immunization
BRN,Brunei Darussalam,WPR,2023,OPV,Oral polio vaccine,4,INFANTS,Infants,NATIONWIDE,AT BIRTH;6 WEEKS;10 WEEKS;14 WEEKS,WHO/UNICEF Joint Reporting Form on Immunization
BRN,Brunei Darussalam,WPR,2023,MCV,Measles-containing vaccine,2,INFANTS;CHILDREN,Infants And Children,NATIONWIDE,9 MONTHS;18 MONTHS,WHO/UNICEF Joint Reporting Form on Immunization
BRN,Brunei Darussalam,WPR,2023,HEPB,Hepatitis B vaccine,3,INFANTS,Infants,NATIONWIDE,6 WEEKS;10 WEEKS;14 WEEKS,WHO/UNICEF Joint Reporting Form on Immunization
BRN,Brunei Darussalam,WPR,2023,HIB,Haemophilus influenzae type b vaccine,3,INFANTS,Infants,NATIONWIDE,6 WEEKS;10 WEEKS;14 WEEKS,WHO/UNICEF Joint Reporting Form on Immunization
BRN,Brunei Darussalam,WPR,2023,PCV,Pneumococcal conjugate vaccine,3,INFANTS,Infants,NATIONWIDE,6 WEEKS;10 WEEKS;14 WEEKS,WHO/UNICEF Joint Reporting Form on Immunization
BRN,Brunei Darussalam,WPR,2023,ROTA,Rotavirus vaccine,1,INFANTS,Infants,NATIONWIDE,6 WEEKS,WHO/UNICEF Joint Reporting Form on Immunization
BTN,Bhutan,SEAR,2023,BCG,Bacille Calmette-Guerin vaccine,1,INFANTS,Infants,NATIONWIDE,AT BIRTH,WHO/UNICEF Joint Reporting Form on Immunization
BTN,Bhutan,SEAR,2023,DTP,Diphtheria-tetanus-pertussis vaccine,3,INFANTS,Infants,NATIONWIDE,6 WEEKS;10 WEEKS;14 WEEKS,WHO/UNICEF Joint Reporting Form on Immunization
BTN,Bhutan,SEAR,2023,OPV,Oral polio vaccine,4,INFANTS,Infants,NATIONWIDE,AT BIRTH;6 WEEKS;10 WEEKS;14 WEEKS,WHO/UNICEF Joint Reporting Form on Immunization
BTN,Bhutan,SEAR,2023,MCV,Measles-containing vaccine,2,INFANTS;CHILDREN,Infants And Children,NATIONWIDE,9 MONTHS;18 MONTHS,WHO/UNICEF Joint Reporting Form on Immunization
BTN,Bhutan,SEAR,2023,HEPB,Hepatitis B vaccine,3,INFANTS,Infants,NATIONWIDE,6 WEEKS;10 WEEKS;14 WEEKS,WHO/UNICEF Joint Reporting Form on Immunization
BTN,Bhutan,SEAR,2023,HIB,Haemophilus influenzae type b vaccine,3,INFANTS,Infants,NATIONWIDE,6 WEEKS;10 WEEKS;14 WEEKS,WHO/UNICEF Joint Reporting Form on Immunization
BTN,Bhutan,SEAR,2023,PCV,Pneumococcal conjugate vaccine,3,INFANTS,Infants,NATIONWIDE,6 WEEKS;10 WEEKS;14 WEEKS,WHO/UNICEF Joint Reporting Form on Immunization
BTN,Bhutan,SEAR,2023,ROTA,Rotavirus vaccine,2,INFANTS,Infants,NATIONWIDE,6 WEEKS;10 WEEKS,WHO/UNICEF Joint Reporting Form on Immunization
BWA,Botswana,AFR,2023,BCG,Bacille Calmette-Guerin vaccine,1,INFANTS,Infants,NATIONWIDE,AT BIRTH,WHO/UNICEF Joint Reporting Form on Immunization
BWA,Botswana,AFR,2023,DTP,Diphtheria-tetanus-pertussis vaccine,2,INFANTS,Infants,NATIONWIDE,6 WEEKS;10 WEEKS,WHO/UNICEF Joint Reporting Form on Immunization
BWA,Botswana,AFR,2023,OPV,Oral polio vaccine,4,INFANTS,Infants,NATIONWIDE,AT BIRTH;6 WEEKS;10 WEEKS;14 WEEKS,WHO/UNICEF Joint Reporting Form on Immunization
BWA,Botswana,AFR,2023,MCV,Measles-containing vaccine,2,INFANTS;CHILDREN,Infants And Children,NATIONWIDE,9 MONTHS;18 MONTHS,WHO/UNICEF Joint Reporting Form on Immunization
BWA,Botswana,AFR,2023,HEPB,Hepatitis B vaccine,3,INFANTS,Infants,NATIONWIDE,6 WEEKS;10 WEEKS;14 WEEKS,WHO/UNICEF Joint Reporting Form on Immunization
BWA,Botswana,AFR,2023,HIB,Haemophilus influenzae type b vaccine,3,INFANTS,Infants,NATIONWIDE,6 WEEKS;10 WEEKS;14 WEEKS,WHO/UNICEF Joint Reporting Form on Immunization
BWA,Botswana,AFR,2023,PCV,Pneumococcal conjugate vaccine,3,INFANTS,Infants,NATIONWIDE,6 WEEKS;10 WEEKS;14 WEEKS,WHO/UNICEF Joint Reporting Form on Immunization
BWA,Botswana,AFR,2023,ROTA,Rotavirus vaccine,2,INFANTS,Infants,NATIONWIDE,6 WEEKS;10 WEEKS,WHO/UNICEF Joint Reporting Form on Immunization
CAF,Central African Republic,AFR,2023,BCG,Bacille Calmette-Guerin vaccine,1,INFANTS,Infants,NATIONWIDE,AT BIRTH,WHO/UNICEF Joint Reporting Form on Immunization
CAF,Central African Republic,AFR,2023,DTP,Diphtheria-tetanus-pertussis vaccine,3,INFANTS,Infants,NATIONWIDE,6 WEEKS;10 WEEKS;14 WEEKS,WHO/UNICEF Joint Reporting Form on Immunization
CAF,Central African Republic,AFR,2023,OPV,Oral polio vaccine,3,INFANTS,Infants,NATIONWIDE,AT BIRTH;6 WEEKS;10 WEEKS,WHO/UNICEF Joint Reporting Form on Immunization
CAF,Central African Republic,AFR,2023,MCV,Measles-containing vaccine,2,INFANTS;CHILDREN,Infants And Children,NATIONWIDE,9 MONTHS;18 MONTHS,WHO/UNICEF Joint Reporting Form on Immunization
CAF,Central African Republic,AFR,2023,HEPB,Hepatitis B vaccine,3,INFANTS,Infants,NATIONWIDE,6 WEEKS;10 WEEKS;14 WEEKS,WHO/UNICEF Joint Reporting Form on Immunization
CAF,Central African Republic,AFR,2023,HIB,Haemophilus influenzae type b vaccine,3,INFANTS,Infants,NATIONWIDE,6 WEEKS;10 WEEKS;14 WEEKS,WHO/UNICEF Joint Reporting Form on Immunization
CAF,Central African Republic,AFR,2023,PCV,Pneumococcal conjugate vaccine,3,INFANTS,Infants,NATIONWIDE,6 WEEKS;10 WEEKS;14 WEEKS,WHO/UNICEF Joint Reporting Form on Immunization
CAF,Central African Republic,AFR,2023,ROTA,Rotavirus vaccine,2,INFANTS,Infants,NATIONWIDE,6 WEEKS;10 WEEKS,WHO/UNICEF Joint Reporting Form on Immunization
CAN,Canada,AMR,2023,BCG,Bacille Calmette-Guerin vaccine,1,INFANTS,Infants,NATIONWIDE,AT BIRTH,WHO/UNICEF Joint Reporting Form on Immunization
CAN,Canada,AMR,2023,DTP,Diphtheria-tetanus-pertussis vaccine,3,INFANTS,Infants,NATIONWIDE,6 WEEKS;10 WEEKS;14 WEEKS,WHO/UNICEF Joint Reporting Form on Immunization
CAN,Canada,AMR,2023,OPV,Oral polio vaccine,3,INFANTS,Infants,NATIONWIDE,AT BIRTH;6 WEEKS;10 WEEKS,WHO/UNICEF Joint Reporting Form on Immunization
CAN,Canada,AMR,2023,MCV,Measles-containing vaccine,2,INFANTS;CHILDREN,Infants And Children,NATIONWIDE,9 MONTHS;18 MONTHS,WHO/UNICEF Joint Reporting Form on Immunization
CAN,Canada,AMR,2023,HEPB,Hepatitis B vaccine,3,INFANTS,Infants,NATIONWIDE,6 WEEKS;10 WEEKS;14 WEEKS,WHO/UNICEF Joint Reporting Form on Immunization
CAN,Canada,AMR,2023,HIB,Haemophilus influenzae type b vaccine,3,INFANTS,Infants,NATIONWIDE,6 WEEKS;10 WEEKS;14 WEEKS,WHO/UNICEF Joint Reporting Form on Immunization
CAN,Canada,AMR,2023,PCV,Pneumococcal conjugate vaccine,3,INFANTS,Infants,NATIONWIDE,6 WEEKS;10 WEEKS;14 WEEKS,WHO/UNICEF Joint Reporting Form on Immunization
CAN,Canada,AMR,2023,ROTA,Rotavirus vaccine,2,INFANTS,Infants,NATIONWIDE,6 WEEKS;10 WEEKS,WHO/UNICEF Joint Reporting Form on Immunization
CHE,Switzerland,EUR,2023,BCG,Bacille Calmette-Guerin vaccine,1,INFANTS,Infants,NATIONWIDE,AT BIRTH,WHO/UNICEF Joint Reporting Form on Immunization
CHE,Switzerland,EUR,2023,DTP,Diphtheria-tetanus-pertussis vaccine,3,INFANTS,Infants,NATIONWIDE,6 WEEKS;10 WEEKS;14 WEEKS,WHO/UNICEF Joint Reporting Form on Immunization
CHE,Switzerland,EUR,2023,OPV,Oral polio vaccine,3,INFANTS,Infants,NATIONWIDE,AT BIRTH;6 WEEKS;10 WEEKS,WHO/UNICEF Joint Reporting Form on Immunization
CHE,Switzerland,EUR,2023,MCV,Measles-containing vaccine,2,INFANTS;CHILDREN,Infants And Children,NATIONWIDE,9 MONTHS;18 MONTHS,WHO/UNICEF Joint Reporting Form on Immunization
CHE,Switzerland,EUR,2023,HEPB,Hepatitis B vaccine,3,INFANTS,Infants,NATIONWIDE,6 WEEKS;10 WEEKS;14 WEEKS,WHO/UNICEF Joint Reporting Form on Immunization
CHE,Switzerland,EUR,2023,HIB,Haemophilus influenzae type b vaccine,3,INFANTS,Infants,NATIONWIDE,6 WEEKS;10 WEEKS;14 WEEKS,WHO/UNICEF Joint Reporting Form on Immunization
CHE,Switzerland,EUR,2023,PCV,Pneumococcal conjugate vaccine,3,INFANTS,Infants,NATIONWIDE,6 WEEKS;10 WEEKS;14 WEEKS,WHO/UNICEF Joint Reporting Form on Immunization
CHE,Switzerland,EUR,2023,ROTA,Rotavirus vaccine,2,INFANTS,Infants,NATIONWIDE,6 WEEKS;10 WEEKS,WHO/UNICEF Joint Reporting Form on Immunization
CHL,Chile,AMR,2023,BCG,Bacille Calmette-Guerin vaccine,1,INFANTS,Infants,NATIONWIDE,AT BIRTH,WHO/UNICEF Joint Reporting Form on Immunization
CHL,Chile,AMR,2023,DTP,Diphtheria-tetanus-pertussis vaccine,3,INFANTS,Infants,NATIONWIDE,6 WEEKS;10 WEEKS;14 WEEKS,WHO/UNICEF Joint Reporting Form on Immunization
CHL,Chile,AMR,2023,OPV,Oral polio vaccine,3,INFANTS,Infants,NATIONWIDE,AT BIRTH;6 WEEKS;10 WEEKS,WHO/UNICEF Joint Reporting Form on Immunization
CHL,Chile,AMR,2023,MCV,Measles-containing vaccine,2,INFANTS;CHILDREN,Infants And Children,NATIONWIDE,9 MONTHS;18 MONTHS,WHO/UNICEF Joint Reporting Form on Immunization
CHL,Chile,AMR,2023,HEPB,Hepatitis B vaccine,3,INFANTS,Infants,NATIONWIDE,6 WEEKS;10 WEEKS;14 WEEKS,WHO/UNICEF Joint Reporting Form on Immunization
CHL,Chile,AMR,2023,HIB,Haemophilus influenzae type b vaccine,3,INFANTS,Infants,NATIONWIDE,6 WEEKS;10 WEEKS;14 WEEKS,WHO/UNICEF Joint Reporting Form on Immunization
CHL,Chile,AMR,2023,PCV,Pneumococcal conjugate vaccine,3,INFANTS,Infants,NATIONWIDE,6 WEEKS;10 WEEKS;14 WEEKS,WHO/UNICEF Joint Reporting Form on Immunization
CHL,Chile,AMR,2023,ROTA,Rotavirus vaccine,1,INFANTS,Infants,NATIONWIDE,6 WEEKS,WHO/UNICEF Joint Reporting Form on Immunization
CHN,China,WPR,2023,BCG,Bacille Calmette-Guerin vaccine,1,INFANTS,Infants,NATIONWIDE,AT BIRTH,WHO/UNICEF Joint Reporting Form on Immunization
CHN,China,WPR,2023,DTP,Diphtheria-tetanus-pertussis vaccine,3,INFANTS,Infants,NATIONWIDE,6 WEEKS;10 WEEKS;14 WEEKS,WHO/UNICEF Joint Reporting Form on Immunization
CHN,China,WPR,2023,OPV,Oral polio vaccine,4,INFANTS,Infants,NATIONWIDE,AT BIRTH;6 WEEKS;10 WEEKS;14 WEEKS,WHO/UNICEF Joint Reporting Form on Immunization
CHN,China,WPR,2023,MCV,Measles-containing vaccine,2,INFANTS;CHILDREN,Infants And Children,NATIONWIDE,9 MONTHS;18 MONTHS,WHO/UNICEF Joint Reporting Form on Immunization
CHN,China,WPR,2023,HEPB,Hepatitis B vaccine,3,INFANTS,Infants,NATIONWIDE,6 WEEKS;10 WEEKS;14 WEEKS,WHO/UNICEF Joint Reporting Form on Immunization
CHN,China,WPR,2023,HIB,Haemophilus influenzae type b vaccine,3,INFANTS,Infants,NATIONWIDE,6 WEEKS;10 WEEKS;14 WEEKS,WHO/UNICEF Joint Reporting Form on Immunization
CHN,China,WPR,2023,PCV,Pneumococcal conjugate vaccine,3,INFANTS,Infants,NATIONWIDE,6 WEEKS;10 WEEKS;14 WEEKS,WHO/UNICEF Joint Reporting Form on Immunization
CHN,China,WPR,2023,ROTA,Rotavirus vaccine,2,INFANTS,Infants,NATIONWIDE,6 WEEKS;10 WEEKS,WHO/UNICEF Joint Reporting Form on Immunization
CIV,Cote d'Ivoire,AFR,2023,BCG,Bacille Calmette-Guerin vaccine,1,INFANTS,Infants,NATIONWIDE,AT BIRTH,WHO/UNICEF Joint Reporting Form on Immunization
CIV,Cote d'Ivoire,AFR,2023,DTP,Diphtheria-tetanus-pertussis vaccine,3,INFANTS,Infants,NATIONWIDE,6 WEEKS;10 WEEKS;14 WEEKS,WHO/UNICEF Joint Reporting Form on Immunization
CIV,Cote d'Ivoire,AFR,2023,OPV,Oral polio vaccine,3,INFANTS,Infants,NATIONWIDE,AT BIRTH;6 WEEKS;10 WEEKS,WHO/UNICEF Joint Reporting Form on Immunization
CIV,Cote d'Ivoire,AFR,2023,MCV,Measles-containing vaccine,2,INFANTS;CHILDREN,Infants And Children,NATIONWIDE,9 MONTHS;18 MONTHS,WHO/UNICEF Joint Reporting Form on Immunization
CIV,Cote d'Ivoire,AFR,2023,HEPB,Hepatitis B vaccine,3,INFANTS,Infants,NATIONWIDE,6 WEEKS;10 WEEKS;14 WEEKS,WHO/UNICEF Joint Reporting Form on Immunization
CIV,Cote d'Ivoire,AFR,2023,HIB,Haemophilus influenzae type b vaccine,3,INFANTS,Infants,NATIONWIDE,6 WEEKS;10 WEEKS;14 WEEKS,WHO/UNICEF Joint Reporting Form on Immunization
CIV,Cote d'Ivoire,AFR,2023,PCV,Pneumococcal conjugate vaccine,3,INFANTS,Infants,NATIONWIDE,6 WEEKS;10 WEEKS;14 WEEKS,WHO/UNICEF Joint Reporting Form on Immunization
CIV,Cote d'Ivoire,AFR,2023,ROTA,Rotavirus vaccine,1,INFANTS,Infants,NATIONWIDE,6 WEEKS,WHO/UNICEF Joint Reporting Form on Immunization
CMR,Cameroon,AFR,2023,BCG,Bacille Calmette-Guerin vaccine,1,INFANTS,Infants,NATIONWIDE,AT BIRTH,WHO/UNICEF Joint Reporting Form on Immunization
CMR,Cameroon,AFR,2023,DTP,Diphtheria-tetanus-pertussis vaccine,3,INFANTS,Infants,NATIONWIDE,6 WEEKS;10 WEEKS;14 WEEKS,WHO/UNICEF Joint Reporting Form on Immunization
CMR,Cameroon,AFR,2023,OPV,Oral polio vaccine,4,INFANTS,Infants,NATIONWIDE,AT BIRTH;6 WEEKS;10 WEEKS;14 WEEKS,WHO/UNICEF Joint Reporting Form on Immunization
CMR,Cameroon,AFR,2023,MCV,Measles-containing vaccine,2,INFANTS;CHILDREN,Infants And Children,NATIONWIDE,9 MONTHS;18 MONTHS,WHO/UNICEF Joint Reporting Form on Immunization
CMR,Cameroon,AFR,2023,HEPB,Hepatitis B vaccine,3,INFANTS,Infants,NATIONWIDE,6 WEEKS;10 WEEKS;14 WEEKS,WHO/UNICEF Joint Reporting Form on Immunization
CMR,Cameroon,AFR,2023,HIB,Haemophilus influenzae type b vaccine,3,INFANTS,Infants,NATIONWIDE,6 WEEKS;10 WEEKS;14 WEEKS,WHO/UNICEF Joint Reporting Form on Immunization
CMR,Cameroon,AFR,2023,PCV,Pneumococcal conjugate vaccine,3,INFANTS,Infants,NATIONWIDE,6 WEEKS;10 WEEKS;14 WEEKS,WHO/UNICEF Joint Reporting Form on Immunization
CMR,Cameroon,AFR,2023,ROTA,Rotavirus vaccine,2,INFANTS,Infants,NATIONWIDE,6 WEEKS;10 WEEKS,WHO/UNICEF Joint Reporting Form on Immunization
COD,Democratic Republic of the Congo,AFR,2023,BCG,Bacille Calmette-Guerin vaccine,1,INFANTS,Infants,NATIONWIDE,AT BIRTH,WHO/UNICEF Joint Reporting Form on Immunization
COD,Democratic Republic of the Congo,AFR,2023,DTP,Diphtheria-tetanus-pertussis vaccine,3,INFANTS,Infants,NATIONWIDE,6 WEEKS;10 WEEKS;14 WEEKS,WHO/UNICEF Joint Reporting Form on Immunization
COD,Democratic Republic of the Congo,AFR,2023,OPV,Oral polio vaccine,4,INFANTS,Infants,NATIONWIDE,AT BIRTH;6 WEEKS;10 WEEKS;14 WEEKS,WHO/UNICEF Joint Reporting Form on Immunization
COD,Democratic Republic of the Congo,AFR,2023,MCV,Measles-containing vaccine,2,INFANTS;CHILDREN,Infants And Children,NATIONWIDE,9 MONTHS;18 MONTHS,WHO/UNICEF Joint Reporting Form on Immunization
COD,Democratic Republic of the Congo,AFR,2023,HEPB,Hepatitis B vaccine,3,INFANTS,Infants,NATIONWIDE,6 WEEKS;10 WEEKS;14 WEEKS,WHO/UNICEF Joint Reporting Form on Immunization
COD,Democratic Republic of the Congo,AFR,2023,HIB,Haemophilus influenzae type b vaccine,3,INFANTS,Infants,NATIONWIDE,6 WEEKS;10 WEEKS;14 WEEKS,WHO/UNICEF Joint Reporting Form on Immunization
COD,Democratic Republic of the Congo,AFR,2023,PCV,Pneumococcal conjugate vaccine,3,INFANTS,Infants,NATIONWIDE,6 WEEKS;10 WEEKS;14 WEEKS,WHO/UNICEF Joint Reporting Form on Immunization
COD,Democratic Republic of the Congo,AFR,2023,ROTA,Rotavirus vaccine,2,INFANTS,Infants,NATIONWIDE,6 WEEKS;10 WEEKS,WHO/UNICEF Joint Reporting Form on Immunization
COG,Congo,AFR,2023,BCG,Bacille Calmette-Guerin vaccine,1,INFANTS,Infants,NATIONWIDE,AT BIRTH,WHO/UNICEF Joint Reporting Form on Immunization
COG,Congo,AFR,2023,DTP,Diphtheria-tetanus-pertussis vaccine,3,INFANTS,Infants,NATIONWIDE,6 WEEKS;10 WEEKS;14 WEEKS,WHO/UNICEF Joint Reporting Form on Immunization
COG,Congo,AFR,2023,OPV,Oral polio vaccine,4,INFANTS,Infants,NATIONWIDE,AT BIRTH;6 WEEKS;10 WEEKS;14 WEEKS,WHO/UNICEF Joint Reporting Form on Immunization
COG,Congo,AFR,2023,MCV,Measles-containing vaccine,1,INFANTS;CHILDREN,Infants And Children,NATIONWIDE,9 MONTHS,WHO/UNICEF Joint Reporting Form on Immunization
COG,Congo,AFR,2023,HEPB,Hepatitis B vaccine,3,INFANTS,Infants,NATIONWIDE,6 WEEKS;10 WEEKS;14 WEEKS,WHO/UNICEF Joint Reporting Form on Immunization
COG,Congo,AFR,2023,HIB,Haemophilus influenzae type b vaccine,3,INFANTS,Infants,NATIONWIDE,6 WEEKS;10 WEEKS;14 WEEKS,WHO/UNICEF Joint Reporting Form on Immunization
COG,Congo,AFR,2023,PCV,Pneumococcal conjugate vaccine,3,INFANTS,Infants,NATIONWIDE,6 WEEKS;10 WEEKS;14 WEEKS,WHO/UNICEF Joint Reporting Form on Immunization
COG,Congo,AFR,2023,ROTA,Rotavirus vaccine,2,INFANTS,Infants,NATIONWIDE,6 WEEKS;10 WEEKS,WHO/UNICEF Joint Reporting Form on Immunization
COK,Cook Islands,WPR,2023,BCG,Bacille Calmette-Guerin vaccine,1,INFANTS,Infants,NATIONWIDE,AT BIRTH,WHO/UNICEF Joint Reporting Form on Immunization
COK,Cook Islands,WPR,2023,DTP,Diphtheria-tetanus-pertussis vaccine,3,INFANTS,Infants,NATIONWIDE,6 WEEKS;10 WEEKS;14 WEEKS,WHO/UNICEF Joint Reporting Form on Immunization
COK,Cook Islands,WPR,2023,OPV,Oral polio vaccine,4,INFANTS,Infants,NATIONWIDE,AT BIRTH;6 WEEKS;10 WEEKS;14 WEEKS,WHO/UNICEF Joint Reporting Form on Immunization
COK,Cook Islands,WPR,2023,MCV,Measles-containing vaccine,2,INFANTS;CHILDREN,Infants And Children,NATIONWIDE,9 MONTHS;18 MONTHS,WHO/UNICEF Joint Reporting Form on Immunization
COK,Cook Islands,WPR,2023,HEPB,Hepatitis B vaccine,3,INFANTS,Infants,NATIONWIDE,6 WEEKS;10 WEEKS;14 WEEKS,WHO/UNICEF Joint Reporting Form on Immunization
COK,Cook Islands,WPR,2023,HIB,Haemophilus influenzae type b vaccine,3,INFANTS,Infants,NATIONWIDE,6 WEEKS;10 WEEKS;14 WEEKS,WHO/UNICEF Joint Reporting Form on Immunization
COK,Cook Islands,WPR,2023,PCV,Pneumococcal conjugate vaccine,2,INFANTS,Infants,NATIONWIDE,6 WEEKS;10 WEEKS,WHO/UNICEF Joint Reporting Form on Immunization
COK,Cook Islands,WPR,2023,ROTA,Rotavirus vaccine,2,INFANTS,Infants,NATIONWIDE,6 WEEKS;10 WEEKS,WHO/UNICEF Joint Reporting Form on Immunization
COL,Colombia,AMR,2023,BCG,Bacille Calmette-Guerin vaccine,1,INFANTS,Infants,NATIONWIDE,AT BIRTH,WHO/UNICEF Joint Reporting Form on Immunization
COL,Colombia,AMR,2023,DTP,Diphtheria-tetanus-pertussis vaccine,3,INFANTS,Infants,NATIONWIDE,6 WEEKS;10 WEEKS;14 WEEKS,WHO/UNICEF Joint Reporting Form on Immunization
COL,Colombia,AMR,2023,OPV,Oral polio vaccine,4,INFANTS,Infants,NATIONWIDE,AT BIRTH;6 WEEKS;10 WEEKS;14 WEEKS,WHO/UNICEF Joint Reporting Form on Immunization
COL,Colombia,AMR,2023,MCV,Measles-containing vaccine,2,INFANTS;CHILDREN,Infants And Children,NATIONWIDE,9 MONTHS;18 MONTHS,WHO/UNICEF Joint Reporting Form on Immunization
COL,Colombia,AMR,2023,HEPB,Hepatitis B vaccine,3,INFANTS,Infants,NATIONWIDE,6 WEEKS;10 WEEKS;14 WEEKS,WHO/UNICEF Joint Reporting Form on Immunization
COL,Colombia,AMR,2023,HIB,Haemophilus influenzae type b vaccine,3,INFANTS,Infants,NATIONWIDE,6 WEEKS;10 WEEKS;14 WEEKS,WHO/UNICEF Joint Reporting Form on Immunization
COL,Colombia,AMR,2023,PCV,Pneumococcal conjugate vaccine,2,INFANTS,Infants,NATIONWIDE,6 WEEKS;10 WEEKS,WHO/UNICEF Joint Reporting Form on Immunization
COL,Colombia,AMR,2023,ROTA,Rotavirus vaccine,2,INFANTS,Infants,NATIONWIDE,6 WEEKS;10 WEEKS,WHO/UNICEF Joint Reporting Form on Immunization
COM,Comoros,AFR,2023,BCG,Bacille Calmette-Guerin vaccine,1,INFANTS,Infants,NATIONWIDE,AT BIRTH,WHO/UNICEF Joint Reporting Form on Immunization
COM,Comoros,AFR,2023,DTP,Diphtheria-tetanus-pertussis vaccine,3,INFANTS,Infants,NATIONWIDE,6 WEEKS;10 WEEKS;14 WEEKS,WHO/UNICEF Joint Reporting Form on Immunization
COM,Comoros,AFR,2023,OPV,Oral polio vaccine,4,INFANTS,Infants,NATIONWIDE,AT BIRTH;6 WEEKS;10 WEEKS;14 WEEKS,WHO/UNICEF Joint Reporting Form on Immunization
COM,Comoros,AFR,2023,MCV,Measles-containing vaccine,2,INFANTS;CHILDREN,Infants And Children,NATIONWIDE,9 MONTHS;18 MONTHS,WHO/UNICEF Joint Reporting Form on Immunization
COM,Comoros,AFR,2023,HEPB,Hepatitis B vaccine,3,INFANTS,Infants,NATIONWIDE,6 WEEKS;10 WEEKS;14 WEEKS,WHO/UNICEF Joint Reporting Form on Immunization
COM,Comoros,AFR,2023,HIB,Haemophilus influenzae type b vaccine,3,INFANTS,Infants,NATIONWIDE,6 WEEKS;10 WEEKS;14 WEEKS,WHO/UNICEF Joint Reporting Form on Immunization
COM,Comoros,AFR,2023,PCV,Pneumococcal conjugate vaccine,3,INFANTS,Infants,NATIONWIDE,6 WEEKS;10 WEEKS;14 WEEKS,WHO/UNICEF Joint Reporting Form on Immunization
COM,Comoros,AFR,2023,ROTA,Rotavirus vaccine,2,INFANTS,Infants,NATIONWIDE,6 WEEKS;10 WEEKS,WHO/UNICEF Joint Reporting Form on Immunization
CPV,Cabo Verde,AFR,2023,BCG,Bacille Calmette-Guerin vaccine,1,INFANTS,Infants,NATIONWIDE,AT BIRTH,WHO/UNICEF Joint Reporting Form on Immunization
CPV,Cabo Verde,AFR,2023,DTP,Diphtheria-tetanus-pertussis vaccine,2,INFANTS,Infants,NATIONWIDE,6 WEEKS;10 WEEKS,WHO/UNICEF Joint Reporting Form on Immunization
CPV,Cabo Verde,AFR,2023,OPV,Oral polio vaccine,4,INFANTS,Infants,NATIONWIDE,AT BIRTH;6 WEEKS;10 WEEKS;14 WEEKS,WHO/UNICEF Joint Reporting Form on Immunization
CPV,Cabo Verde,AFR,2023,MCV,Measles-containing vaccine,2,INFANTS;CHILDREN,Infants And Children,NATIONWIDE,9 MONTHS;18 MONTHS,WHO/UNICEF Joint Reporting Form on Immunization
CPV,Cabo Verde,AFR,2023,HEPB,Hepatitis B vaccine,2,INFANTS,Infants,NATIONWIDE,6 WEEKS;10 WEEKS,WHO/UNICEF Joint Reporting Form on Immunization
CPV,Cabo Verde,AFR,2023,HIB,Haemophilus influenzae type b vaccine,2,INFANTS,Infants,NATIONWIDE,6 WEEKS;10 WEEKS,WHO/UNICEF Joint Reporting Form on Immunization
CPV,Cabo Verde,AFR,2023,PCV,Pneumococcal conjugate vaccine,3,INFANTS,Infants,NATIONWIDE,6 WEEKS;10 WEEKS;14 WEEKS,WHO/UNICEF Joint Reporting Form on Immunization
CPV,Cabo Verde,AFR,2023,ROTA,Rotavirus vaccine,2,INFANTS,Infants,NATIONWIDE,6 WEEKS;10 WEEKS,WHO/UNICEF Joint Reporting Form on Immunization
CRI,Costa Rica,AMR,2023,BCG,Bacille Calmette-Guerin vaccine,1,INFANTS,Infants,NATIONWIDE,AT BIRTH,WHO/UNICEF Joint Reporting Form on Immunization
CRI,Costa Rica,AMR,2023,DTP,Diphtheria-tetanus-pertussis vaccine,3,INFANTS,Infants,NATIONWIDE,6 WEEKS;10 WEEKS;14 WEEKS,WHO/UNICEF Joint Reporting Form on Immunization
CRI,Costa Rica,AMR,2023,OPV,Oral polio vaccine,4,INFANTS,Infants,NATIONWIDE,AT BIRTH;6 WEEKS;10 WEEKS;14 WEEKS,WHO/UNICEF Joint Reporting Form on Immunization
CRI,Costa Rica,AMR,2023,MCV,Measles-containing vaccine,2,INFANTS;CHILDREN,Infants And Children,NATIONWIDE,9 MONTHS;18 MONTHS,WHO/UNICEF Joint Reporting Form on Immunization
CRI,Costa Rica,AMR,2023,HEPB,Hepatitis B vaccine,3,INFANTS,Infants,NATIONWIDE,6 WEEKS;10 WEEKS;14 WEEKS,WHO/UNICEF Joint Reporting Form on Immunization
CRI,Costa Rica,AMR,2023,HIB,Haemophilus influenzae type b vaccine,2,INFANTS,Infants,NATIONWIDE,6 WEEKS;10 WEEKS,WHO/UNICEF Joint Reporting Form on Immunization
CRI,Costa Rica,AMR,2023,PCV,Pneumococcal conjugate vaccine,3,INFANTS,Infants,NATIONWIDE,6 WEEKS;10 WEEKS;14 WEEKS,WHO/UNICEF Joint Reporting Form on Immunization
CRI,Costa Rica,AMR,2023,ROTA,Rotavirus vaccine,2,INFANTS,Infants,NATIONWIDE,6 WEEKS;10 WEEKS,WHO/UNICEF Joint Reporting Form on Immunization
CUB,Cuba,AMR,2023,BCG,Bacille Calmette-Guerin vaccine,1,INFANTS,Infants,NATIONWIDE,AT BIRTH,WHO/UNICEF Joint Reporting Form on Immunization
CUB,Cuba,AMR,2023,DTP,Diphtheria-tetanus-pertussis vaccine,2,INFANTS,Infants,NATIONWIDE,6 WEEKS;10 WEEKS,WHO/UNICEF Joint Reporting Form on Immunization
CUB,Cuba,AMR,2023,OPV,Oral polio vaccine,3,INFANTS,Infants,NATIONWIDE,AT BIRTH;6 WEEKS;10 WEEKS,WHO/UNICEF Joint Reporting Form on Immunization
CUB,Cuba,AMR,2023,MCV,Measles-containing vaccine,2,INFANTS;CHILDREN,Infants And Children,NATIONWIDE,9 MONTHS;18 MONTHS,WHO/UNICEF Joint Reporting Form on Immunization
CUB,Cuba,AMR,2023,HEPB,Hepatitis B vaccine,3,INFANTS,Infants,NATIONWIDE,6 WEEKS;10 WEEKS;14 WEEKS,WHO/UNICEF Joint Reporting Form on Immunization
CUB,Cuba,AMR,2023,HIB,Haemophilus influenzae type b vaccine,3,INFANTS,Infants,NATIONWIDE,6 WEEKS;10 WEEKS;14 WEEKS,WHO/UNICEF Joint Reporting Form on Immunization
CUB,Cuba,AMR,2023,PCV,Pneumococcal conjugate vaccine,3,INFANTS,Infants,NATIONWIDE,6 WEEKS;10 WEEKS;14 WEEKS,WHO/UNICEF Joint Reporting Form on Immunization
CUB,Cuba,AMR,2023,ROTA,Rotavirus vaccine,2,INFANTS,Infants,NATIONWIDE,6 WEEKS;10 WEEKS,WHO/UNICEF Joint Reporting Form on Immunization
CUW,Curaçao,AMR,2023,BCG,Bacille Calmette-Guerin vaccine,1,INFANTS,Infants,NATIONWIDE,AT BIRTH,WHO/UNICEF Joint Reporting Form on Immunization
CUW,Curaçao,AMR,2023,DTP,Diphtheria-tetanus-pertussis vaccine,3,INFANTS,Infants,NATIONWIDE,6 WEEKS;10 WEEKS;14 WEEKS,WHO/UNICEF Joint Reporting Form on Immunization
CUW,Curaçao,AMR,2023,OPV,Oral polio vaccine,4,INFANTS,Infants,NATIONWIDE,AT BIRTH;6 WEEKS;10 WEEKS;14 WEEKS,WHO/UNICEF Joint Reporting Form on Immunization
CUW,Curaçao,AMR,2023,MCV,Measles-containing vaccine,2,INFANTS;CHILDREN,Infants And Children,NATIONWIDE,9 MONTHS;18 MONTHS,WHO/UNICEF Joint Reporting Form on Immunization
CUW,Curaçao,AMR,2023,HEPB,Hepatitis B vaccine,3,INFANTS,Infants,NATIONWIDE,6 WEEKS;10 WEEKS;14 WEEKS,WHO/UNICEF Joint Reporting Form on Immunization
CUW,Curaçao,AMR,2023,HIB,Haemophilus influenzae type b vaccine,3,INFANTS,Infants,NATIONWIDE,6 WEEKS;10 WEEKS;14 WEEKS,WHO/UNICEF Joint Reporting Form on Immunization
CUW,Curaçao,AMR,2023,PCV,Pneumococcal conjugate vaccine,3,INFANTS,Infants,NATIONWIDE,6 WEEKS;10 WEEKS;14 WEEKS,WHO/UNICEF Joint Reporting Form on Immunization
CUW,Curaçao,AMR,2023,ROTA,Rotavirus vaccine,2,INFANTS,Infants,NATIONWIDE,6 WEEKS;10 WEEKS,WHO/UNICEF Joint Reporting Form on Immunization
CYM,Cayman Islands,AMR,2023,BCG,Bacille Calmette-Guerin vaccine,1,INFANTS,Infants,NATIONWIDE,AT BIRTH,WHO/UNICEF Joint Reporting Form on Immunization
CYM,Cayman Islands,AMR,2023,DTP,Diphtheria-tetanus-pertussis vaccine,3,INFANTS,Infants,NATIONWIDE,6 WEEKS;10 WEEKS;14 WEEKS,WHO/UNICEF Joint Reporting Form on Immunization
CYM,Cayman Islands,AMR,2023,OPV,Oral polio vaccine,4,INFANTS,Infants,NATIONWIDE,AT BIRTH;6 WEEKS;10 WEEKS;14 WEEKS,WHO/UNICEF Joint Reporting Form on Immunization
CYM,Cayman Islands,AMR,2023,MCV,Measles-containing vaccine,1,INFANTS;CHILDREN,Infants And Children,NATIONWIDE,9 MONTHS,WHO/UNICEF Joint Reporting Form on Immunization
CYM,Cayman Islands,AMR,2023,HEPB,Hepatitis B vaccine,3,INFANTS,Infants,NATIONWIDE,6 WEEKS;10 WEEKS;14 WEEKS,WHO/UNICEF Joint Reporting Form on Immunization
CYM,Cayman Islands,AMR,2023,HIB,Haemophilus influenzae type b vaccine,2,INFANTS,Infants,NATIONWIDE,6 WEEKS;10 WEEKS,WHO/UNICEF Joint Reporting Form on Immunization
CYM,Cayman Islands,AMR,2023,PCV,Pneumococcal conjugate vaccine,2,INFANTS,Infants,NATIONWIDE,6 WEEKS;10 WEEKS,WHO/UNICEF Joint Reporting Form on Immunization
CYM,Cayman Islands,AMR,2023,ROTA,Rotavirus vaccine,2,INFANTS,Infants,NATIONWIDE,6 WEEKS;10 WEEKS,WHO/UNICEF Joint Reporting Form on Immunization
CYP,Cyprus,EUR,2023,BCG,Bacille Calmette-Guerin vaccine,1,INFANTS,Infants,NATIONWIDE,AT BIRTH,WHO/UNICEF Joint Reporting Form on Immunization
CYP,Cyprus,EUR,2023,DTP,Diphtheria-tetanus-pertussis vaccine,3,INFANTS,Infants,NATIONWIDE,6 WEEKS;10 WEEKS;14 WEEKS,WHO/UNICEF Joint Reporting Form on Immunization
CYP,Cyprus,EUR,2023,OPV,Oral polio vaccine,4,INFANTS,Infants,NATIONWIDE,AT BIRTH;6 WEEKS;10 WEEKS;14 WEEKS,WHO/UNICEF Joint Reporting Form on Immunization
CYP,Cyprus,EUR,2023,MCV,Measles-containing vaccine,2,INFANTS;CHILDREN,Infants And Children,NATIONWIDE,9 MONTHS;18 MONTHS,WHO/UNICEF Joint Reporting Form on Immunization
CYP,Cyprus,EUR,2023,HEPB,Hepatitis B vaccine,3,INFANTS,Infants,NATIONWIDE,6 WEEKS;10 WEEKS;14 WEEKS,WHO/UNICEF Joint Reporting Form on Immunization
CYP,Cyprus,EUR,2023,HIB,Haemophilus influenzae type b vaccine,2,INFANTS,Infants,NATIONWIDE,6 WEEKS;10 WEEKS,WHO/UNICEF Joint Reporting Form on Immunization
CYP,Cyprus,EUR,2023,PCV,Pneumococcal conjugate vaccine,3,INFANTS,Infants,NATIONWIDE,6 WEEKS;10 WEEKS;14 WEEKS,WHO/UNICEF Joint Reporting Form on Immunization
CYP,Cyprus,EUR,2023,ROTA,Rotavirus vaccine,2,INFANTS,Infants,NATIONWIDE,6 WEEKS;10 WEEKS,WHO/UNICEF Joint Reporting Form on Immunization
CZE,Czechia,EUR,2023,BCG,Bacille Calmette-Guerin vaccine,1,INFANTS,Infants,NATIONWIDE,AT BIRTH,WHO/UNICEF Joint Reporting Form on Immunization
CZE,Czechia,EUR,2023,DTP,Diphtheria-tetanus-pertussis vaccine,3,INFANTS,Infants,NATIONWIDE,6 WEEKS;10 WEEKS;14 WEEKS,WHO/UNICEF Joint Reporting Form on Immunization
CZE,Czechia,EUR,2023,OPV,Oral polio vaccine,4,INFANTS,Infants,NATIONWIDE,AT BIRTH;6 WEEKS;10 WEEKS;14 WEEKS,WHO/UNICEF Joint Reporting Form on Immunization
CZE,Czechia,EUR,2023,MCV,Measles-containing vaccine,2,INFANTS;CHILDREN,Infants And Children,NATIONWIDE,9 MONTHS;18 MONTHS,WHO/UNICEF Joint Reporting Form on Immunization
CZE,Czechia,EUR,2023,HEPB,Hepatitis B vaccine,3,INFANTS,Infants,NATIONWIDE,6 WEEKS;10 WEEKS;14 WEEKS,WHO/UNICEF Joint Reporting Form on Immunization
CZE,Czechia,EUR,2023,HIB,Haemophilus influenzae type b vaccine,3,INFANTS,Infants,NATIONWIDE,6 WEEKS;10 WEEKS;14 WEEKS,WHO/UNICEF Joint Reporting Form on Immunization
CZE,Czechia,EUR,2023,PCV,Pneumococcal conjugate vaccine,3,INFANTS,Infants,NATIONWIDE,6 WEEKS;10 WEEKS;14 WEEKS,WHO/UNICEF Joint Reporting Form on Immunization
CZE,Czechia,EUR,2023,ROTA,Rotavirus vaccine,2,INFANTS,Infants,NATIONWIDE,6 WEEKS;10 WEEKS,WHO/UNICEF Joint Reporting Form on Immunization
DEU,Germany,EUR,2023,BCG,Bacille Calmette-Guerin vaccine,1,INFANTS,Infants,NATIONWIDE,AT BIRTH,WHO/UNICEF Joint Reporting Form on Immunization
DEU,Germany,EUR,2023,DTP,Diphtheria-tetanus-pertussis vaccine,2,INFANTS,Infants,NATIONWIDE,6 WEEKS;10 WEEKS,WHO/UNICEF Joint Reporting Form on Immunization
DEU,Germany,EUR,2023,OPV,Oral polio vaccine,4,INFANTS,Infants,NATIONWIDE,AT BIRTH;6 WEEKS;10 WEEKS;14 WEEKS,WHO/UNICEF Joint Reporting Form on Immunization
DEU,Germany,EUR,2023,MCV,Measles-containing vaccine,2,INFANTS;CHILDREN,Infants And Children,NATIONWIDE,9 MONTHS;18 MONTHS,WHO/UNICEF Joint Reporting Form on Immunization
DEU,Germany,EUR,2023,HEPB,Hepatitis B vaccine,3,INFANTS,Infants,NATIONWIDE,6 WEEKS;10 WEEKS;14 WEEKS,WHO/UNICEF Joint Reporting Form on Immunization
DEU,Germany,EUR,2023,HIB,Haemophilus influenzae type b vaccine,3,INFANTS,Infants,NATIONWIDE,6 WEEKS;10 WEEKS;14 WEEKS,WHO/UNICEF Joint Reporting Form on Immunization
DEU,Germany,EUR,2023,PCV,Pneumococcal conjugate vaccine,3,INFANTS,Infants,NATIONWIDE,6 WEEKS;10 WEEKS;14 WEEKS,WHO/UNICEF Joint Reporting Form on Immunization
DEU,Germany,EUR,2023,ROTA,Rotavirus vaccine,2,INFANTS,Infants,NATIONWIDE,6 WEEKS;10 WEEKS,WHO/UNICEF Joint Reporting Form on Immunization
DJI,Djibouti,EMR,2023,BCG,Bacille Calmette-Guerin vaccine,1,INFANTS,Infants,NATIONWIDE,AT BIRTH,WHO/UNICEF Joint Reporting Form on Immunization
DJI,Djibouti,EMR,2023,DTP,Diphtheria-tetanus-pertussis vaccine,3,INFANTS,Infants,NATIONWIDE,6 WEEKS;10 WEEKS;14 WEEKS,WHO/UNICEF Joint Reporting Form on Immunization
DJI,Djibouti,EMR,2023,OPV,Oral polio vaccine,4,INFANTS,Infants,NATIONWIDE,AT BIRTH;6 WEEKS;10 WEEKS;14 WEEKS,WHO/UNICEF Joint Reporting Form on Immunization
DJI,Djibouti,EMR,2023,MCV,Measles-containing vaccine,2,INFANTS;CHILDREN,Infants And Children,NATIONWIDE,9 MONTHS;18 MONTHS,WHO/UNICEF Joint Reporting Form on Immunization
DJI,Djibouti,EMR,2023,HEPB,Hepatitis B vaccine,3,INFANTS,Infants,NATIONWIDE,6 WEEKS;10 WEEKS;14 WEEKS,WHO/UNICEF Joint Reporting Form on Immunization
DJI,Djibouti,EMR,2023,HIB,Haemophilus influenzae type b vaccine,3,INFANTS,Infants,NATIONWIDE,6 WEEKS;10 WEEKS;14 WEEKS,WHO/UNICEF Joint Reporting Form on Immunization
DJI,Djibouti,EMR,2023,PCV,Pneumococcal conjugate vaccine,3,INFANTS,Infants,NATIONWIDE,6 WEEKS;10 WEEKS;14 WEEKS,WHO/UNICEF Joint Reporting Form on Immunization
DJI,Djibouti,EMR,2023,ROTA,Rotavirus vaccine,2,INFANTS,Infants,NATIONWIDE,6 WEEKS;10 WEEKS,WHO/UNICEF Joint Reporting Form on Immunization
DMA,Dominica,AMR,2023,BCG,Bacille Calmette-Guerin vaccine,1,INFANTS,Infants,NATIONWIDE,AT BIRTH,WHO/UNICEF Joint Reporting Form on Immunization
DMA,Dominica,AMR,2023,DTP,Diphtheria-tetanus-pertussis vaccine,3,INFANTS,Infants,NATIONWIDE,6 WEEKS;10 WEEKS;14 WEEKS,WHO/UNICEF Joint Reporting Form on Immunization
DMA,Dominica,AMR,2023,OPV,Oral polio vaccine,4,INFANTS,Infants,NATIONWIDE,AT BIRTH;6 WEEKS;10 WEEKS;14 WEEKS,WHO/UNICEF Joint Reporting Form on Immunization
DMA,Dominica,AMR,2023,MCV,Measles-containing vaccine,2,INFANTS;CHILDREN,Infants And Children,NATIONWIDE,9 MONTHS;18 MONTHS,WHO/UNICEF Joint Reporting Form on Immunization
DMA,Dominica,AMR,2023,HEPB,Hepatitis B vaccine,3,INFANTS,Infants,NATIONWIDE,6 WEEKS;10 WEEKS;14 WEEKS,WHO/UNICEF Joint Reporting Form on Immunization
DMA,Dominica,AMR,2023,HIB,Haemophilus influenzae type b vaccine,3,INFANTS,Infants,NATIONWIDE,6 WEEKS;10 WEEKS;14 WEEKS,WHO/UNICEF Joint Reporting Form on Immunization
DMA,Dominica,AMR,2023,PCV,Pneumococcal conjugate vaccine,3,INFANTS,Infants,NATIONWIDE,6 WEEKS;10 WEEKS;14 WEEKS,WHO/UNICEF Joint Reporting Form on Immunization
DMA,Dominica,AMR,2023,ROTA,Rotavirus vaccine,2,INFANTS,Infants,NATIONWIDE,6 WEEKS;10 WEEKS,WHO/UNICEF Joint Reporting Form on Immunization
DNK,Denmark,EUR,2023,BCG,Bacille Calmette-Guerin vaccine,1,INFANTS,Infants,NATIONWIDE,AT BIRTH,WHO/UNICEF Joint Reporting Form on Immunization
DNK,Denmark,EUR,2023,DTP,Diphtheria-tetanus-pertussis vaccine,3,INFANTS,Infants,NATIONWIDE,6 WEEKS;10 WEEKS;14 WEEKS,WHO/UNICEF Joint Reporting Form on Immunization
DNK,Denmark,EUR,2023,OPV,Oral polio vaccine,4,INFANTS,Infants,NATIONWIDE,AT BIRTH;6 WEEKS;10 WEEKS;14 WEEKS,WHO/UNICEF Joint Reporting Form on Immunization
DNK,Denmark,EUR,2023,MCV,Measles-containing vaccine,2,INFANTS;CHILDREN,Infants And Children,NATIONWIDE,9 MONTHS;18 MONTHS,WHO/UNICEF Joint Reporting Form on Immunization
DNK,Denmark,EUR,2023,HEPB,Hepatitis B vaccine,3,INFANTS,Infants,NATIONWIDE,6 WEEKS;10 WEEKS;14 WEEKS,WHO/UNICEF Joint Reporting Form on Immunization
DNK,Denmark,EUR,2023,HIB,Haemophilus influenzae type b vaccine,3,INFANTS,Infants,NATIONWIDE,6 WEEKS;10 WEEKS;14 WEEKS,WHO/UNICEF Joint Reporting Form on Immunization
DNK,Denmark,EUR,2023,PCV,Pneumococcal conjugate vaccine,3,INFANTS,Infants,NATIONWIDE,6 WEEKS;10 WEEKS;14 WEEKS,WHO/UNICEF Joint Reporting Form on Immunization
DNK,Denmark,EUR,2023,ROTA,Rotavirus vaccine,2,INFANTS,Infants,NATIONWIDE,6 WEEKS;10 WEEKS,WHO/UNICEF Joint Reporting Form on Immunization
DOM,Dominican Republic,AMR,2023,BCG,Bacille Calmette-Guerin vaccine,1,INFANTS,Infants,NATIONWIDE,AT BIRTH,WHO/UNICEF Joint Reporting Form on Immunization
DOM,Dominican Republic,AMR,2023,DTP,Diphtheria-tetanus-pertussis vaccine,3,INFANTS,Infants,NATIONWIDE,6 WEEKS;10 WEEKS;14 WEEKS,WHO/UNICEF Joint Reporting Form on Immunization
DOM,Dominican Republic,AMR,2023,OPV,Oral polio vaccine,3,INFANTS,Infants,NATIONWIDE,AT BIRTH;6 WEEKS;10 WEEKS,WHO/UNICEF Joint Reporting Form on Immunization
DOM,Dominican Republic,AMR,2023,MCV,Measles-containing vaccine,2,INFANTS;CHILDREN,Infants And Children,NATIONWIDE,9 MONTHS;18 MONTHS,WHO/UNICEF Joint Reporting Form on Immunization
DOM,Dominican Republic,AMR,2023,HEPB,Hepatitis B vaccine,3,INFANTS,Infants,NATIONWIDE,6 WEEKS;10 WEEKS;14 WEEKS,WHO/UNICEF Joint Reporting Form on Immunization
DOM,Dominican Republic,AMR,2023,HIB,Haemophilus influenzae type b vaccine,3,INFANTS,Infants,NATIONWIDE,6 WEEKS;10 WEEKS;14 WEEKS,WHO/UNICEF Joint Reporting Form on Immunization
DOM,Dominican Republic,AMR,2023,PCV,Pneumococcal conjugate vaccine,3,INFANTS,Infants,NATIONWIDE,6 WEEKS;10 WEEKS;14 WEEKS,WHO/UNICEF Joint Reporting Form on Immunization
DOM,Dominican Republic,AMR,2023,ROTA,Rotavirus vaccine,2,INFANTS,Infants,NATIONWIDE,6 WEEKS;10 WEEKS,WHO/UNICEF Joint Reporting Form on Immunization
DZA,Algeria,AFR,2023,BCG,Bacille Calmette-Guerin vaccine,1,INFANTS,Infants,NATIONWIDE,AT BIRTH,WHO/UNICEF Joint Reporting Form on Immunization
DZA,Algeria,AFR,2023,DTP,Diphtheria-tetanus-pertussis vaccine,3,INFANTS,Infants,NATIONWIDE,6 WEEKS;10 WEEKS;14 WEEKS,WHO/UNICEF Joint Reporting Form on Immunization
DZA,Algeria,AFR,2023,OPV,Oral polio vaccine,4,INFANTS,Infants,NATIONWIDE,AT BIRTH;6 WEEKS;10 WEEKS;14 WEEKS,WHO/UNICEF Joint Reporting Form on Immunization
DZA,Algeria,AFR,2023,MCV,Measles-containing vaccine,2,INFANTS;CHILDREN,Infants And Children,NATIONWIDE,9 MONTHS;18 MONTHS,WHO/UNICEF Joint Reporting Form on Immunization
DZA,Algeria,AFR,2023,HEPB,Hepatitis B vaccine,3,INFANTS,Infants,NATIONWIDE,6 WEEKS;10 WEEKS;14 WEEKS,WHO/UNICEF Joint Reporting Form on Immunization
DZA,Algeria,AFR,2023,HIB,Haemophilus influenzae type b vaccine,3,INFANTS,Infants,NATIONWIDE,6 WEEKS;10 WEEKS;14 WEEKS,WHO/UNICEF Joint Reporting Form on Immunization
DZA,Algeria,AFR,2023,PCV,Pneumococcal conjugate vaccine,2,INFANTS,Infants,NATIONWIDE,6 WEEKS;10 WEEKS,WHO/UNICEF Joint Reporting Form on Immunization
DZA,Algeria,AFR,2023,ROTA,Rotavirus vaccine,2,INFANTS,Infants,NATIONWIDE,6 WEEKS;10 WEEKS,WHO/UNICEF Joint Reporting Form on Immunization
ECU,Ecuador,AMR,2023,BCG,Bacille Calmette-Guerin vaccine,1,INFANTS,Infants,NATIONWIDE,AT BIRTH,WHO/UNICEF Joint Reporting Form on Immunization
ECU,Ecuador,AMR,2023,DTP,Diphtheria-tetanus-pertussis vaccine,3,INFANTS,Infants,NATIONWIDE,6 WEEKS;10 WEEKS;14 WEEKS,WHO/UNICEF Joint Reporting Form on Immunization
ECU,Ecuador,AMR,2023,OPV,Oral polio vaccine,3,INFANTS,Infants,NATIONWIDE,AT BIRTH;6 WEEKS;10 WEEKS,WHO/UNICEF Joint Reporting Form on Immunization
ECU,Ecuador,AMR,2023,MCV,Measles-containing vaccine,2,INFANTS;CHILDREN,Infants And Children,NATIONWIDE,9 MONTHS;18 MONTHS,WHO/UNICEF Joint Reporting Form on Immunization
ECU,Ecuador,AMR,2023,HEPB,Hepatitis B vaccine,3,INFANTS,Infants,NATIONWIDE,6 WEEKS;10 WEEKS;14 WEEKS,WHO/UNICEF Joint Reporting Form on Immunization
ECU,Ecuador,AMR,2023,HIB,Haemophilus influenzae type b vaccine,2,INFANTS,Infants,NATIONWIDE,6 WEEKS;10 WEEKS,WHO/UNICEF Joint Reporting Form on Immunization
ECU,Ecuador,AMR,2023,PCV,Pneumococcal conjugate vaccine,2,INFANTS,Infants,NATIONWIDE,6 WEEKS;10 WEEKS,WHO/UNICEF Joint Reporting Form on Immunization
ECU,Ecuador,AMR,2023,ROTA,Rotavirus vaccine,2,INFANTS,Infants,NATIONWIDE,6 WEEKS;10 WEEKS,WHO/UNICEF Joint Reporting Form on Immunization
EGY,Egypt,EMR,2023,BCG,Bacille Calmette-Guerin vaccine,1,INFANTS,Infants,NATIONWIDE,AT BIRTH,WHO/UNICEF Joint Reporting Form on Immunization
EGY,Egypt,EMR,2023,DTP,Diphtheria-tetanus-pertussis vaccine,3,INFANTS,Infants,NATIONWIDE,6 WEEKS;10 WEEKS;14 WEEKS,WHO/UNICEF Joint Reporting Form on Immunization
EGY,Egypt,EMR,2023,OPV,Oral polio vaccine,4,INFANTS,Infants,NATIONWIDE,AT BIRTH;6 WEEKS;10 WEEKS;14 WEEKS,WHO/UNICEF Joint Reporting Form on Immunization
EGY,Egypt,EMR,2023,MCV,Measles-containing vaccine,2,INFANTS;CHILDREN,Infants And Children,NATIONWIDE,9 MONTHS;18 MONTHS,WHO/UNICEF Joint Reporting Form on Immunization
EGY,Egypt,EMR,2023,HEPB,Hepatitis B vaccine,3,INFANTS,Infants,NATIONWIDE,6 WEEKS;10 WEEKS;14 WEEKS,WHO/UNICEF Joint Reporting Form on Immunization
EGY,Egypt,EMR,2023,HIB,Haemophilus influenzae type b vaccine,3,INFANTS,Infants,NATIONWIDE,6 WEEKS;10 WEEKS;14 WEEKS,WHO/UNICEF Joint Reporting Form on Immunization
EGY,Egypt,EMR,2023,PCV,Pneumococcal conjugate vaccine,3,INFANTS,Infants,NATIONWIDE,6 WEEKS;10 WEEKS;14 WEEKS,WHO/UNICEF Joint Reporting Form on Immunization
EGY,Egypt,EMR,2023,ROTA,Rotavirus vaccine,2,INFANTS,Infants,NATIONWIDE,6 WEEKS;10 WEEKS,WHO/UNICEF Joint Reporting Form on Immunization
ERI,Eritrea,AFR,2023,BCG,Bacille Calmette-Guerin vaccine,1,INFANTS,Infants,NATIONWIDE,AT BIRTH,WHO/UNICEF Joint Reporting Form on Immunization
ERI,Eritrea,AFR,2023,DTP,Diphtheria-tetanus-pertussis vaccine,2,INFANTS,Infants,NATIONWIDE,6 WEEKS;10 WEEKS,WHO/UNICEF Joint Reporting Form on Immunization
ERI,Eritrea,AFR,2023,OPV,Oral polio vaccine,4,INFANTS,Infants,NATIONWIDE,AT BIRTH;6 WEEKS;10 WEEKS;14 WEEKS,WHO/UNICEF Joint Reporting Form on Immunization
ERI,Eritrea,AFR,2023,MCV,Measles-containing vaccine,2,INFANTS;CHILDREN,Infants And Children,NATIONWIDE,9 MONTHS;18 MONTHS,WHO/UNICEF Joint Reporting Form on Immunization
ERI,Eritrea,AFR,2023,HEPB,Hepatitis B vaccine,3,INFANTS,Infants,NATIONWIDE,6 WEEKS;10 WEEKS;14 WEEKS,WHO/UNICEF Joint Reporting Form on Immunization
ERI,Eritrea,AFR,2023,HIB,Haemophilus influenzae type b vaccine,3,INFANTS,Infants,NATIONWIDE,6 WEEKS;10 WEEKS;14 WEEKS,WHO/UNICEF Joint Reporting Form on Immunization
ERI,Eritrea,AFR,2023,PCV,Pneumococcal conjugate vaccine,3,INFANTS,Infants,NATIONWIDE,6 WEEKS;10 WEEKS;14 WEEKS,WHO/UNICEF Joint Reporting Form on Immunization
ERI,Eritrea,AFR,2023,ROTA,Rotavirus vaccine,2,INFANTS,Infants,NATIONWIDE,6 WEEKS;10 WEEKS,WHO/UNICEF Joint Reporting Form on Immunization
ESP,Spain,EUR,2023,BCG,Bacille Calmette-Guerin vaccine,1,INFANTS,Infants,NATIONWIDE,AT BIRTH,WHO/UNICEF Joint Reporting Form on Immunization
ESP,Spain,EUR,2023,DTP,Diphtheria-tetanus-pertussis vaccine,3,INFANTS,Infants,NATIONWIDE,6 WEEKS;10 WEEKS;14 WEEKS,WHO/UNICEF Joint Reporting Form on Immunization
ESP,Spain,EUR,2023,OPV,Oral polio vaccine,3,INFANTS,Infants,NATIONWIDE,AT BIRTH;6 WEEKS;10 WEEKS,WHO/UNICEF Joint Reporting Form on Immunization
ESP,Spain,EUR,2023,MCV,Measles-containing vaccine,1,INFANTS;CHILDREN,Infants And Children,NATIONWIDE,9 MONTHS,WHO/UNICEF Joint Reporting Form on Immunization
ESP,Spain,EUR,2023,HEPB,Hepatitis B vaccine,2,INFANTS,Infants,NATIONWIDE,6 WEEKS;10 WEEKS,WHO/UNICEF Joint Reporting Form on Immunization
ESP,Spain,EUR,2023,HIB,Haemophilus influenzae type b vaccine,3,INFANTS,Infants,NATIONWIDE,6 WEEKS;10 WEEKS;14 WEEKS,WHO/UNICEF Joint Reporting Form on Immunization
ESP,Spain,EUR,2023,PCV,Pneumococcal conjugate vaccine,2,INFANTS,Infants,NATIONWIDE,6 WEEKS;10 WEEKS,WHO/UNICEF Joint Reporting Form on Immunization
ESP,Spain,EUR,2023,ROTA,Rotavirus vaccine,2,INFANTS,Infants,NATIONWIDE,6 WEEKS;10 WEEKS,WHO/UNICEF Joint Reporting Form on Immunization
EST,Estonia,EUR,2023,BCG,Bacille Calmette-Guerin vaccine,1,INFANTS,Infants,NATIONWIDE,AT BIRTH,WHO/UNICEF Joint Reporting Form on Immunization
EST,Estonia,EUR,2023,DTP,Diphtheria-tetanus-pertussis vaccine,3,INFANTS,Infants,NATIONWIDE,6 WEEKS;10 WEEKS;14 WEEKS,WHO/UNICEF Joint Reporting Form on Immunization
EST,Estonia,EUR,2023,OPV,Oral polio vaccine,4,INFANTS,Infants,NATIONWIDE,AT BIRTH;6 WEEKS;10 WEEKS;14 WEEKS,WHO/UNICEF Joint Reporting Form on Immunization
EST,Estonia,EUR,2023,MCV,Measles-containing vaccine,2,INFANTS;CHILDREN,Infants And Children,NATIONWIDE,9 MONTHS;18 MONTHS,WHO/UNICEF Joint Reporting Form on Immunization
EST,Estonia,EUR,2023,HEPB,Hepatitis B vaccine,3,INFANTS,Infants,NATIONWIDE,6 WEEKS;10 WEEKS;14 WEEKS,WHO/UNICEF Joint Reporting Form on Immunization
EST,Estonia,EUR,2023,HIB,Haemophilus influenzae type b vaccine,3,INFANTS,Infants,NATIONWIDE,6 WEEKS;10 WEEKS;14 WEEKS,WHO/UNICEF Joint Reporting Form on Immunization
EST,Estonia,EUR,2023,PCV,Pneumococcal conjugate vaccine,3,INFANTS,Infants,NATIONWIDE,6 WEEKS;10 WEEKS;14 WEEKS,WHO/UNICEF Joint Reporting Form on Immunization
EST,Estonia,EUR,2023,ROTA,Rotavirus vaccine,1,INFANTS,Infants,NATIONWIDE,6 WEEKS,WHO/UNICEF Joint Reporting Form on Immunization
ETH,Ethiopia,AFR,2023,BCG,Bacille Calmette-Guerin vaccine,1,INFANTS,Infants,NATIONWIDE,AT BIRTH,WHO/UNICEF Joint Reporting Form on Immunization
ETH,Ethiopia,AFR,2023,DTP,Diphtheria-tetanus-pertussis vaccine,3,INFANTS,Infants,NATIONWIDE,6 WEEKS;10 WEEKS;14 WEEKS,WHO/UNICEF Joint Reporting Form on Immunization
ETH,Ethiopia,AFR,2023,OPV,Oral polio vaccine,4,INFANTS,Infants,NATIONWIDE,AT BIRTH;6 WEEKS;10 WEEKS;14 WEEKS,WHO/UNICEF Joint Reporting Form on Immunization
ETH,Ethiopia,AFR,2023,MCV,Measles-containing vaccine,2,INFANTS;CHILDREN,Infants And Children,NATIONWIDE,9 MONTHS;18 MONTHS,WHO/UNICEF Joint Reporting Form on Immunization
ETH,Ethiopia,AFR,2023,HEPB,Hepatitis B vaccine,3,INFANTS,Infants,NATIONWIDE,6 WEEKS;10 WEEKS;14 WEEKS,WHO/UNICEF Joint Reporting Form on Immunization
ETH,Ethiopia,AFR,2023,HIB,Haemophilus influenzae type b vaccine,3,INFANTS,Infants,NATIONWIDE,6 WEEKS;10 WEEKS;14 WEEKS,WHO/UNICEF Joint Reporting Form on Immunization
ETH,Ethiopia,AFR,2023,PCV,Pneumococcal conjugate vaccine,3,INFANTS,Infants,NATIONWIDE,6 WEEKS;10 WEEKS;14 WEEKS,WHO/UNICEF Joint Reporting Form on Immunization
ETH,Ethiopia,AFR,2023,ROTA,Rotavirus vaccine,2,INFANTS,Infants,NATIONWIDE,6 WEEKS;10 WEEKS,WHO/UNICEF Joint Reporting Form on Immunization
FIN,Finland,EUR,2023,BCG,Bacille Calmette-Guerin vaccine,1,INFANTS,Infants,NATIONWIDE,AT BIRTH,WHO/UNICEF Joint Reporting Form on Immunization
FIN,Finland,EUR,2023,DTP,Diphtheria-tetanus-pertussis vaccine,3,INFANTS,Infants,NATIONWIDE,6 WEEKS;10 WEEKS;14 WEEKS,WHO/UNICEF Joint Reporting Form on Immunization
FIN,Finland,EUR,2023,OPV,Oral polio vaccine,3,INFANTS,Infants,NATIONWIDE,AT BIRTH;6 WEEKS;10 WEEKS,WHO/UNICEF Joint Reporting Form on Immunization
FIN,Finland,EUR,2023,MCV,Measles-containing vaccine,2,INFANTS;CHILDREN,Infants And Children,NATIONWIDE,9 MONTHS;18 MONTHS,WHO/UNICEF Joint Reporting Form on Immunization
FIN,Finland,EUR,2023,HEPB,Hepatitis B vaccine,2,INFANTS,Infants,NATIONWIDE,6 WEEKS;10 WEEKS,WHO/UNICEF Joint Reporting Form on Immunization
FIN,Finland,EUR,2023,HIB,Haemophilus influenzae type b vaccine,3,INFANTS,Infants,NATIONWIDE,6 WEEKS;10 WEEKS;14 WEEKS,WHO/UNICEF Joint Reporting Form on Immunization
FIN,Finland,EUR,2023,PCV,Pneumococcal conjugate vaccine,3,INFANTS,Infants,NATIONWIDE,6 WEEKS;10 WEEKS;14 WEEKS,WHO/UNICEF Joint Reporting Form on Immunization
FIN,Finland,EUR,2023,ROTA,Rotavirus vaccine,2,INFANTS,Infants,NATIONWIDE,6 WEEKS;10 WEEKS,WHO/UNICEF Joint Reporting Form on Immunization
FJI,Fiji,WPR,2023,BCG,Bacille Calmette-Guerin vaccine,1,INFANTS,Infants,NATIONWIDE,AT BIRTH,WHO/UNICEF Joint Reporting Form on Immunization
FJI,Fiji,WPR,2023,DTP,Diphtheria-tetanus-pertussis vaccine,2,INFANTS,Infants,NATIONWIDE,6 WEEKS;10 WEEKS,WHO/UNICEF Joint Reporting Form on Immunization
FJI,Fiji,WPR,2023,OPV,Oral polio vaccine,4,INFANTS,Infants,NATIONWIDE,AT BIRTH;6 WEEKS;10 WEEKS;14 WEEKS,WHO/UNICEF Joint Reporting Form on Immunization
FJI,Fiji,WPR,2023,MCV,Measles-containing vaccine,2,INFANTS;CHILDREN,Infants And Children,NATIONWIDE,9 MONTHS;18 MONTHS,WHO/UNICEF Joint Reporting Form on Immunization
FJI,Fiji,WPR,2023,HEPB,Hepatitis B vaccine,3,INFANTS,Infants,NATIONWIDE,6 WEEKS;10 WEEKS;14 WEEKS,WHO/UNICEF Joint Reporting Form on Immunization
FJI,Fiji,WPR,2023,HIB,Haemophilus influenzae type b vaccine,3,INFANTS,Infants,NATIONWIDE,6 WEEKS;10 WEEKS;14 WEEKS,WHO/UNICEF Joint Reporting Form on Immunization
FJI,Fiji,WPR,2023,PCV,Pneumococcal conjugate vaccine,2,INFANTS,Infants,NATIONWIDE,6 WEEKS;10 WEEKS,WHO/UNICEF Joint Reporting Form on Immunization
FJI,Fiji,WPR,2023,ROTA,Rotavirus vaccine,2,INFANTS,Infants,NATIONWIDE,6 WEEKS;10 WEEKS,WHO/UNICEF Joint Reporting Form on Immunization
FLK,Falkland Islands (Malvinas),AMR,2023,BCG,Bacille Calmette-Guerin vaccine,1,INFANTS,Infants,NATIONWIDE,AT BIRTH,WHO/UNICEF Joint Reporting Form on Immunization
FLK,Falkland Islands (Malvinas),AMR,2023,DTP,Diphtheria-tetanus-pertussis vaccine,3,INFANTS,Infants,NATIONWIDE,6 WEEKS;10 WEEKS;14 WEEKS,WHO/UNICEF Joint Reporting Form on Immunization
FLK,Falkland Islands (Malvinas),AMR,2023,OPV,Oral polio vaccine,4,INFANTS,Infants,NATIONWIDE,AT BIRTH;6 WEEKS;10 WEEKS;14 WEEKS,WHO/UNICEF Joint Reporting Form on Immunization
FLK,Falkland Islands (Malvinas),AMR,2023,MCV,Measles-containing vaccine,2,INFANTS;CHILDREN,Infants And Children,NATIONWIDE,9 MONTHS;18 MONTHS,WHO/UNICEF Joint Reporting Form on Immunization
FLK,Falkland Islands (Malvinas),AMR,2023,HEPB,Hepatitis B vaccine,3,INFANTS,Infants,NATIONWIDE,6 WEEKS;10 WEEKS;14 WEEKS,WHO/UNICEF Joint Reporting Form on Immunization
FLK,Falkland Islands (Malvinas),AMR,2023,HIB,Haemophilus influenzae type b vaccine,3,INFANTS,Infants,NATIONWIDE,6 WEEKS;10 WEEKS;14 WEEKS,WHO/UNICEF Joint Reporting Form on Immunization
FLK,Falkland Islands (Malvinas),AMR,2023,PCV,Pneumococcal conjugate vaccine,3,INFANTS,Infants,NATIONWIDE,6 WEEKS;10 WEEKS;14 WEEKS,WHO/UNICEF Joint Reporting Form on Immunization
FLK,Falkland Islands (Malvinas),AMR,2023,ROTA,Rotavirus vaccine,2,INFANTS,Infants,NATIONWIDE,6 WEEKS;10 WEEKS,WHO/UNICEF Joint Reporting Form on Immunization
FRA,France,EUR,2023,BCG,Bacille Calmette-Guerin vaccine,1,INFANTS,Infants,NATIONWIDE,AT BIRTH,WHO/UNICEF Joint Reporting Form on Immunization
FRA,France,EUR,2023,DTP,Diphtheria-tetanus-pertussis vaccine,2,INFANTS,Infants,NATIONWIDE,6 WEEKS;10 WEEKS,WHO/UNICEF Joint Reporting Form on Immunization
FRA,France,EUR,2023,OPV,Oral polio vaccine,4,INFANTS,Infants,NATIONWIDE,AT BIRTH;6 WEEKS;10 WEEKS;14 WEEKS,WHO/UNICEF Joint Reporting Form on Immunization
FRA,France,EUR,2023,MCV,Measles-containing vaccine,2,INFANTS;CHILDREN,Infants And Children,NATIONWIDE,9 MONTHS;18 MONTHS,WHO/UNICEF Joint Reporting Form on Immunization
FRA,France,EUR,2023,HEPB,Hepatitis B vaccine,3,INFANTS,Infants,NATIONWIDE,6 WEEKS;10 WEEKS;14 WEEKS,WHO/UNICEF Joint Reporting Form on Immunization
FRA,France,EUR,2023,HIB,Haemophilus influenzae type b vaccine,3,INFANTS,Infants,NATIONWIDE,6 WEEKS;10 WEEKS;14 WEEKS,WHO/UNICEF Joint Reporting Form on Immunization
FRA,France,EUR,2023,PCV,Pneumococcal conjugate vaccine,3,INFANTS,Infants,NATIONWIDE,6 WEEKS;10 WEEKS;14 WEEKS,WHO/UNICEF Joint Reporting Form on Immunization
FRA,France,EUR,2023,ROTA,Rotavirus vaccine,2,INFANTS,Infants,NATIONWIDE,6 WEEKS;10 WEEKS,WHO/UNICEF Joint Reporting Form on Immunization
FRO,Faroe Islands,EUR,2023,BCG,Bacille Calmette-Guerin vaccine,1,INFANTS,Infants,NATIONWIDE,AT BIRTH,WHO/UNICEF Joint Reporting Form on Immunization
FRO,Faroe Islands,EUR,2023,DTP,Diphtheria-tetanus-pertussis vaccine,3,INFANTS,Infants,NATIONWIDE,6 WEEKS;10 WEEKS;14 WEEKS,WHO/UNICEF Joint Reporting Form on Immunization
FRO,Faroe Islands,EUR,2023,OPV,Oral polio vaccine,4,INFANTS,Infants,NATIONWIDE,AT BIRTH;6 WEEKS;10 WEEKS;14 WEEKS,WHO/UNICEF Joint Reporting Form on Immunization
FRO,Faroe Islands,EUR,2023,MCV,Measles-containing vaccine,2,INFANTS;CHILDREN,Infants And Children,NATIONWIDE,9 MONTHS;18 MONTHS,WHO/UNICEF Joint Reporting Form on Immunization
FRO,Faroe Islands,EUR,2023,HEPB,Hepatitis B vaccine,3,INFANTS,Infants,NATIONWIDE,6 WEEKS;10 WEEKS;14 WEEKS,WHO/UNICEF Joint Reporting Form on Immunization
FRO,Faroe Islands,EUR,2023,HIB,Haemophilus influenzae type b vaccine,3,INFANTS,Infants,NATIONWIDE,6 WEEKS;10 WEEKS;14 WEEKS,WHO/UNICEF Joint Reporting Form on Immunization
FRO,Faroe Islands,EUR,2023,PCV,Pneumococcal conjugate vaccine,3,INFANTS,Infants,NATIONWIDE,6 WEEKS;10 WEEKS;14 WEEKS,WHO/UNICEF Joint Reporting Form on Immunization
FRO,Faroe Islands,EUR,2023,ROTA,Rotavirus vaccine,2,INFANTS,Infants,NATIONWIDE,6 WEEKS;10 WEEKS,WHO/UNICEF Joint Reporting Form on Immunization
FSM,Micronesia (Federated States of),WPR,2023,BCG,Bacille Calmette-Guerin vaccine,1,INFANTS,Infants,NATIONWIDE,AT BIRTH,WHO/UNICEF Joint Reporting Form on Immunization
FSM,Micronesia (Federated States of),WPR,2023,DTP,Diphtheria-tetanus-pertussis vaccine,3,INFANTS,Infants,NATIONWIDE,6 WEEKS;10 WEEKS;14 WEEKS,WHO/UNICEF Joint Reporting Form on Immunization
FSM,Micronesia (Federated States of),WPR,2023,OPV,Oral polio vaccine,4,INFANTS,Infants,NATIONWIDE,AT BIRTH;6 WEEKS;10 WEEKS;14 WEEKS,WHO/UNICEF Joint Reporting Form on Immunization
FSM,Micronesia (Federated States of),WPR,2023,MCV,Measles-containing vaccine,2,INFANTS;CHILDREN,Infants And Children,NATIONWIDE,9 MONTHS;18 MONTHS,WHO/UNICEF Joint Reporting Form on Immunization
FSM,Micronesia (Federated States of),WPR,2023,HEPB,Hepatitis B vaccine,3,INFANTS,Infants,NATIONWIDE,6 WEEKS;10 WEEKS;14 WEEKS,WHO/UNICEF Joint Reporting Form on Immunization
FSM,Micronesia (Federated States of),WPR,2023,HIB,Haemophilus influenzae type b vaccine,3,INFANTS,Infants,NATIONWIDE,6 WEEKS;10 WEEKS;14 WEEKS,WHO/UNICEF Joint Reporting Form on Immunization
FSM,Micronesia (Federated States of),WPR,2023,PCV,Pneumococcal conjugate vaccine,3,INFANTS,Infants,NATIONWIDE,6 WEEKS;10 WEEKS;14 WEEKS,WHO/UNICEF Joint Reporting Form on Immunization
FSM,Micronesia (Federated States of),WPR,2023,ROTA,Rotavirus vaccine,2,INFANTS,Infants,NATIONWIDE,6 WEEKS;10 WEEKS,WHO/UNICEF Joint Reporting Form on Immunization
GAB,Gabon,AFR,2023,BCG,Bacille Calmette-Guerin vaccine,1,INFANTS,Infants,NATIONWIDE,AT BIRTH,WHO/UNICEF Joint Reporting Form on Immunization
GAB,Gabon,AFR,2023,DTP,Diphtheria-tetanus-pertussis vaccine,2,INFANTS,Infants,NATIONWIDE,6 WEEKS;10 WEEKS,WHO/UNICEF Joint Reporting Form on Immunization
GAB,Gabon,AFR,2023,OPV,Oral polio vaccine,4,INFANTS,Infants,NATIONWIDE,AT BIRTH;6 WEEKS;10 WEEKS;14 WEEKS,WHO/UNICEF Joint Reporting Form on Immunization
GAB,Gabon,AFR,2023,MCV,Measles-containing vaccine,1,INFANTS;CHILDREN,Infants And Children,NATIONWIDE,9 MONTHS,WHO/UNICEF Joint Reporting Form on Immunization
GAB,Gabon,AFR,2023,HEPB,Hepatitis B vaccine,2,INFANTS,Infants,NATIONWIDE,6 WEEKS;10 WEEKS,WHO/UNICEF Joint Reporting Form on Immunization
GAB,Gabon,AFR,2023,HIB,Haemophilus influenzae type b vaccine,2,INFANTS,Infants,NATIONWIDE,6 WEEKS;10 WEEKS,WHO/UNICEF Joint Reporting Form on Immunization
GAB,Gabon,AFR,2023,PCV,Pneumococcal conjugate vaccine,3,INFANTS,Infants,NATIONWIDE,6 WEEKS;10 WEEKS;14 WEEKS,WHO/UNICEF Joint Reporting Form on Immunization
GAB,Gabon,AFR,2023,ROTA,Rotavirus vaccine,2,INFANTS,Infants,NATIONWIDE,6 WEEKS;10 WEEKS,WHO/UNICEF Joint Reporting Form on Immunization
GBR,United Kingdom of Great Britain and Northern Ireland,EUR,2023,BCG,Bacille Calmette-Guerin vaccine,1,INFANTS,Infants,NATIONWIDE,AT BIRTH,WHO/UNICEF Joint Reporting Form on Immunization
GBR,United Kingdom of Great Britain and Northern Ireland,EUR,2023,DTP,Diphtheria-tetanus-pertussis vaccine,3,INFANTS,Infants,NATIONWIDE,6 WEEKS;10 WEEKS;14 WEEKS,WHO/UNICEF Joint Reporting Form on Immunization
GBR,United Kingdom of Great Britain and Northern Ireland,EUR,2023,OPV,Oral polio vaccine,3,INFANTS,Infants,NATIONWIDE,AT BIRTH;6 WEEKS;10 WEEKS,WHO/UNICEF Joint Reporting Form on Immunization
GBR,United Kingdom of Great Britain and Northern Ireland,EUR,2023,MCV,Measles-containing vaccine,2,INFANTS;CHILDREN,Infants And Children,NATIONWIDE,9 MONTHS;18 MONTHS,WHO/UNICEF Joint Reporting Form on Immunization
GBR,United Kingdom of Great Britain and Northern Ireland,EUR,2023,HEPB,Hepatitis B vaccine,3,INFANTS,Infants,NATIONWIDE,6 WEEKS;10 WEEKS;14 WEEKS,WHO/UNICEF Joint Reporting Form on Immunization
GBR,United Kingdom of Great Britain and Northern Ireland,EUR,2023,HIB,Haemophilus influenzae type b vaccine,3,INFANTS,Infants,NATIONWIDE,6 WEEKS;10 WEEKS;14 WEEKS,WHO/UNICEF Joint Reporting Form on Immunization
GBR,United Kingdom of Great Britain and Northern Ireland,EUR,2023,PCV,Pneumococcal conjugate vaccine,3,INFANTS,Infants,NATIONWIDE,6 WEEKS;10 WEEKS;14 WEEKS,WHO/UNICEF Joint Reporting Form on Immunization
GBR,United Kingdom of Great Britain and Northern Ireland,EUR,2023,ROTA,Rotavirus vaccine,2,INFANTS,Infants,NATIONWIDE,6 WEEKS;10 WEEKS,WHO/UNICEF Joint Reporting Form on Immunization
GEO,Georgia,EUR,2023,BCG,Bacille Calmette-Guerin vaccine,1,INFANTS,Infants,NATIONWIDE,AT BIRTH,WHO/UNICEF Joint Reporting Form on Immunization
GEO,Georgia,EUR,2023,DTP,Diphtheria-tetanus-pertussis vaccine,2,INFANTS,Infants,NATIONWIDE,6 WEEKS;10 WEEKS,WHO/UNICEF Joint Reporting Form on Immunization
GEO,Georgia,EUR,2023,OPV,Oral polio vaccine,4,INFANTS,Infants,NATIONWIDE,AT BIRTH;6 WEEKS;10 WEEKS;14 WEEKS,WHO/UNICEF Joint Reporting Form on Immunization
GEO,Georgia,EUR,2023,MCV,Measles-containing vaccine,2,INFANTS;CHILDREN,Infants And Children,NATIONWIDE,9 MONTHS;18 MONTHS,WHO/UNICEF Joint Reporting Form on Immunization
GEO,Georgia,EUR,2023,HEPB,Hepatitis B vaccine,3,INFANTS,Infants,NATIONWIDE,6 WEEKS;10 WEEKS;14 WEEKS,WHO/UNICEF Joint Reporting Form on Immunization
GEO,Georgia,EUR,2023,HIB,Haemophilus influenzae type b vaccine,2,INFANTS,Infants,NATIONWIDE,6 WEEKS;10 WEEKS,WHO/UNICEF Joint Reporting Form on Immunization
GEO,Georgia,EUR,2023,PCV,Pneumococcal conjugate vaccine,3,INFANTS,Infants,NATIONWIDE,6 WEEKS;10 WEEKS;14 WEEKS,WHO/UNICEF Joint Reporting Form on Immunization
GEO,Georgia,EUR,2023,ROTA,Rotavirus vaccine,2,INFANTS,Infants,NATIONWIDE,6 WEEKS;10 WEEKS,WHO/UNICEF Joint Reporting Form on Immunization
GHA,Ghana,AFR,2023,BCG,Bacille Calmette-Guerin vaccine,1,INFANTS,Infants,NATIONWIDE,AT BIRTH,WHO/UNICEF Joint Reporting Form on Immunization
GHA,Ghana,AFR,2023,DTP,Diphtheria-tetanus-pertussis vaccine,2,INFANTS,Infants,NATIONWIDE,6 WEEKS;10 WEEKS,WHO/UNICEF Joint Reporting Form on Immunization
GHA,Ghana,AFR,2023,OPV,Oral polio vaccine,4,INFANTS,Infants,NATIONWIDE,AT BIRTH;6 WEEKS;10 WEEKS;14 WEEKS,WHO/UNICEF Joint Reporting Form on Immunization
GHA,Ghana,AFR,2023,MCV,Measles-containing vaccine,2,INFANTS;CHILDREN,Infants And Children,NATIONWIDE,9 MONTHS;18 MONTHS,WHO/UNICEF Joint Reporting Form on Immunization
GHA,Ghana,AFR,2023,HEPB,Hepatitis B vaccine,2,INFANTS,Infants,NATIONWIDE,6 WEEKS;10 WEEKS,WHO/UNICEF Joint Reporting Form on Immunization
GHA,Ghana,AFR,2023,HIB,Haemophilus influenzae type b vaccine,3,INFANTS,Infants,NATIONWIDE,6 WEEKS;10 WEEKS;14 WEEKS,WHO/UNICEF Joint Reporting Form on Immunization
GHA,Ghana,AFR,2023,PCV,Pneumococcal conjugate vaccine,3,INFANTS,Infants,NATIONWIDE,6 WEEKS;10 WEEKS;14 WEEKS,WHO/UNICEF Joint Reporting Form on Immunization
GHA,Ghana,AFR,2023,ROTA,Rotavirus vaccine,2,INFANTS,Infants,NATIONWIDE,6 WEEKS;10 WEEKS,WHO/UNICEF Joint Reporting Form on Immunization
GIB,Gibraltar,EUR,2023,BCG,Bacille Calmette-Guerin vaccine,1,INFANTS,Infants,NATIONWIDE,AT BIRTH,WHO/UNICEF Joint Reporting Form on Immunization
GIB,Gibraltar,EUR,2023,DTP,Diphtheria-tetanus-pertussis vaccine,3,INFANTS,Infants,NATIONWIDE,6 WEEKS;10 WEEKS;14 WEEKS,WHO/UNICEF Joint Reporting Form on Immunization
GIB,Gibraltar,EUR,2023,OPV,Oral polio vaccine,4,INFANTS,Infants,NATIONWIDE,AT BIRTH;6 WEEKS;10 WEEKS;14 WEEKS,WHO/UNICEF Joint Reporting Form on Immunization
GIB,Gibraltar,EUR,2023,MCV,Measles-containing vaccine,2,INFANTS;CHILDREN,Infants And Children,NATIONWIDE,9 MONTHS;18 MONTHS,WHO/UNICEF Joint Reporting Form on Immunization
GIB,Gibraltar,EUR,2023,HEPB,Hepatitis B vaccine,3,INFANTS,Infants,NATIONWIDE,6 WEEKS;10 WEEKS;14 WEEKS,WHO/UNICEF Joint Reporting Form on Immunization
GIB,Gibraltar,EUR,2023,HIB,Haemophilus influenzae type b vaccine,3,INFANTS,Infants,NATIONWIDE,6 WEEKS;10 WEEKS;14 WEEKS,WHO/UNICEF Joint Reporting Form on Immunization
GIB,Gibraltar,EUR,2023,PCV,Pneumococcal conjugate vaccine,3,INFANTS,Infants,NATIONWIDE,6 WEEKS;10 WEEKS;14 WEEKS,WHO/UNICEF Joint Reporting Form on Immunization
GIB,Gibraltar,EUR,2023,ROTA,Rotavirus vaccine,2,INFANTS,Infants,NATIONWIDE,6 WEEKS;10 WEEKS,WHO/UNICEF Joint Reporting Form on Immunization
GIN,Guinea,AFR,2023,BCG,Bacille Calmette-Guerin vaccine,1,INFANTS,Infants,NATIONWIDE,AT BIRTH,WHO/UNICEF Joint Reporting Form on Immunization
GIN,Guinea,AFR,2023,DTP,Diphtheria-tetanus-pertussis vaccine,3,INFANTS,Infants,NATIONWIDE,6 WEEKS;10 WEEKS;14 WEEKS,WHO/UNICEF Joint Reporting Form on Immunization
GIN,Guinea,AFR,2023,OPV,Oral polio vaccine,4,INFANTS,Infants,NATIONWIDE,AT BIRTH;6 WEEKS;10 WEEKS;14 WEEKS,WHO/UNICEF Joint Reporting Form on Immunization
GIN,Guinea,AFR,2023,MCV,Measles-containing vaccine,2,INFANTS;CHILDREN,Infants And Children,NATIONWIDE,9 MONTHS;18 MONTHS,WHO/UNICEF Joint Reporting Form on Immunization
GIN,Guinea,AFR,2023,HEPB,Hepatitis B vaccine,3,INFANTS,Infants,NATIONWIDE,6 WEEKS;10 WEEKS;14 WEEKS,WHO/UNICEF Joint Reporting Form on Immunization
GIN,Guinea,AFR,2023,HIB,Haemophilus influenzae type b vaccine,3,INFANTS,Infants,NATIONWIDE,6 WEEKS;10 WEEKS;14 WEEKS,WHO/UNICEF Joint Reporting Form on Immunization
GIN,Guinea,AFR,2023,PCV,Pneumococcal conjugate vaccine,3,INFANTS,Infants,NATIONWIDE,6 WEEKS;10 WEEKS;14 WEEKS,WHO/UNICEF Joint Reporting Form on Immunization
GIN,Guinea,AFR,2023,ROTA,Rotavirus vaccine,2,INFANTS,Infants,NATIONWIDE,6 WEEKS;10 WEEKS,WHO/UNICEF Joint Reporting Form on Immunization
GLP,Guadeloupe,AMR,2023,BCG,Bacille Calmette-Guerin vaccine,1,INFANTS,Infants,NATIONWIDE,AT BIRTH,WHO/UNICEF Joint Reporting Form on Immunization
GLP,Guadeloupe,AMR,2023,DTP,Diphtheria-tetanus-pertussis vaccine,3,INFANTS,Infants,NATIONWIDE,6 WEEKS;10 WEEKS;14 WEEKS,WHO/UNICEF Joint Reporting Form on Immunization
GLP,Guadeloupe,AMR,2023,OPV,Oral polio vaccine,4,INFANTS,Infants,NATIONWIDE,AT BIRTH;6 WEEKS;10 WEEKS;14 WEEKS,WHO/UNICEF Joint Reporting Form on Immunization
GLP,Guadeloupe,AMR,2023,MCV,Measles-containing vaccine,2,INFANTS;CHILDREN,Infants And Children,NATIONWIDE,9 MONTHS;18 MONTHS,WHO/UNICEF Joint Reporting Form on Immunization
GLP,Guadeloupe,AMR,2023,HEPB,Hepatitis B vaccine,3,INFANTS,Infants,NATIONWIDE,6 WEEKS;10 WEEKS;14 WEEKS,WHO/UNICEF Joint Reporting Form on Immunization
GLP,Guadeloupe,AMR,2023,HIB,Haemophilus influenzae type b vaccine,3,INFANTS,Infants,NATIONWIDE,6 WEEKS;10 WEEKS;14 WEEKS,WHO/UNICEF Joint Reporting Form on Immunization
GLP,Guadeloupe,AMR,2023,PCV,Pneumococcal conjugate vaccine,3,INFANTS,Infants,NATIONWIDE,6 WEEKS;10 WEEKS;14 WEEKS,WHO/UNICEF Joint Reporting Form on Immunization
GLP,Guadeloupe,AMR,2023,ROTA,Rotavirus vaccine,2,INFANTS,Infants,NATIONWIDE,6 WEEKS;10 WEEKS,WHO/UNICEF Joint Reporting Form on Immunization
GMB,Gambia,AFR,2023,BCG,Bacille Calmette-Guerin vaccine,1,INFANTS,Infants,NATIONWIDE,AT BIRTH,WHO/UNICEF Joint Reporting Form on Immunization
GMB,Gambia,AFR,2023,DTP,Diphtheria-tetanus-pertussis vaccine,3,INFANTS,Infants,NATIONWIDE,6 WEEKS;10 WEEKS;14 WEEKS,WHO/UNICEF Joint Reporting Form on Immunization
GMB,Gambia,AFR,2023,OPV,Oral polio vaccine,4,INFANTS,Infants,NATIONWIDE,AT BIRTH;6 WEEKS;10 WEEKS;14 WEEKS,WHO/UNICEF Joint Reporting Form on Immunization
GMB,Gambia,AFR,2023,MCV,Measles-containing vaccine,2,INFANTS;CHILDREN,Infants And Children,NATIONWIDE,9 MONTHS;18 MONTHS,WHO/UNICEF Joint Reporting Form on Immunization
GMB,Gambia,AFR,2023,HEPB,Hepatitis B vaccine,3,INFANTS,Infants,NATIONWIDE,6 WEEKS;10 WEEKS;14 WEEKS,WHO/UNICEF Joint Reporting Form on Immunization
GMB,Gambia,AFR,2023,HIB,Haemophilus influenzae type b vaccine,3,INFANTS,Infants,NATIONWIDE,6 WEEKS;10 WEEKS;14 WEEKS,WHO/UNICEF Joint Reporting Form on Immunization
GMB,Gambia,AFR,2023,PCV,Pneumococcal conjugate vaccine,3,INFANTS,Infants,NATIONWIDE,6 WEEKS;10 WEEKS;14 WEEKS,WHO/UNICEF Joint Reporting Form on Immunization
GMB,Gambia,AFR,2023,ROTA,Rotavirus vaccine,2,INFANTS,Infants,NATIONWIDE,6 WEEKS;10 WEEKS,WHO/UNICEF Joint Reporting Form on Immunization
GNB,Guinea-Bissau,AFR,2023,BCG,Bacille Calmette-Guerin vaccine,1,INFANTS,Infants,NATIONWIDE,AT BIRTH,WHO/UNICEF Joint Reporting Form on Immunization
GNB,Guinea-Bissau,AFR,2023,DTP,Diphtheria-tetanus-pertussis vaccine,2,INFANTS,Infants,NATIONWIDE,6 WEEKS;10 WEEKS,WHO/UNICEF Joint Reporting Form on Immunization
GNB,Guinea-Bissau,AFR,2023,OPV,Oral polio vaccine,4,INFANTS,Infants,NATIONWIDE,AT BIRTH;6 WEEKS;10 WEEKS;14 WEEKS,WHO/UNICEF Joint Reporting Form on Immunization
GNB,Guinea-Bissau,AFR,2023,MCV,Measles-containing vaccine,1,INFANTS;CHILDREN,Infants And Children,NATIONWIDE,9 MONTHS,WHO/UNICEF Joint Reporting Form on Immunization
GNB,Guinea-Bissau,AFR,2023,HEPB,Hepatitis B vaccine,3,INFANTS,Infants,NATIONWIDE,6 WEEKS;10 WEEKS;14 WEEKS,WHO/UNICEF Joint Reporting Form on Immunization
GNB,Guinea-Bissau,AFR,2023,HIB,Haemophilus influenzae type b vaccine,3,INFANTS,Infants,NATIONWIDE,6 WEEKS;10 WEEKS;14 WEEKS,WHO/UNICEF Joint Reporting Form on Immunization
GNB,Guinea-Bissau,AFR,2023,PCV,Pneumococcal conjugate vaccine,3,INFANTS,Infants,NATIONWIDE,6 WEEKS;10 WEEKS;14 WEEKS,WHO/UNICEF Joint Reporting Form on Immunization
GNB,Guinea-Bissau,AFR,2023,ROTA,Rotavirus vaccine,2,INFANTS,Infants,NATIONWIDE,6 WEEKS;10 WEEKS,WHO/UNICEF Joint Reporting Form on Immunization
GNQ,Equatorial Guinea,AFR,2023,BCG,Bacille Calmette-Guerin vaccine,1,INFANTS,Infants,NATIONWIDE,AT BIRTH,WHO/UNICEF Joint Reporting Form on Immunization
GNQ,Equatorial Guinea,AFR,2023,DTP,Diphtheria-tetanus-pertussis vaccine,3,INFANTS,Infants,NATIONWIDE,6 WEEKS;10 WEEKS;14 WEEKS,WHO/UNICEF Joint Reporting Form on Immunization
GNQ,Equatorial Guinea,AFR,2023,OPV,Oral polio vaccine,4,INFANTS,Infants,NATIONWIDE,AT BIRTH;6 WEEKS;10 WEEKS;14 WEEKS,WHO/UNICEF Joint Reporting Form on Immunization
GNQ,Equatorial Guinea,AFR,2023,MCV,Measles-containing vaccine,2,INFANTS;CHILDREN,Infants And Children,NATIONWIDE,9 MONTHS;18 MONTHS,WHO/UNICEF Joint Reporting Form on Immunization
GNQ,Equatorial Guinea,AFR,2023,HEPB,Hepatitis B vaccine,2,INFANTS,Infants,NATIONWIDE,6 WEEKS;10 WEEKS,WHO/UNICEF Joint Reporting Form on Immunization
GNQ,Equatorial Guinea,AFR,2023,HIB,Haemophilus influenzae type b vaccine,3,INFANTS,Infants,NATIONWIDE,6 WEEKS;10 WEEKS;14 WEEKS,WHO/UNICEF Joint Reporting Form on Immunization
GNQ,Equatorial Guinea,AFR,2023,PCV,Pneumococcal conjugate vaccine,3,INFANTS,Infants,NATIONWIDE,6 WEEKS;10 WEEKS;14 WEEKS,WHO/UNICEF Joint Reporting Form on Immunization
GNQ,Equatorial Guinea,AFR,2023,ROTA,Rotavirus vaccine,2,INFANTS,Infants,NATIONWIDE,6 WEEKS;10 WEEKS,WHO/UNICEF Joint Reporting Form on Immunization
GRC,Greece,EUR,2023,BCG,Bacille Calmette-Guerin vaccine,1,INFANTS,Infants,NATIONWIDE,AT BIRTH,WHO/UNICEF Joint Reporting Form on Immunization
GRC,Greece,EUR,2023,DTP,Diphtheria-tetanus-pertussis vaccine,3,INFANTS,Infants,NATIONWIDE,6 WEEKS;10 WEEKS;14 WEEKS,WHO/UNICEF Joint Reporting Form on Immunization
GRC,Greece,EUR,2023,OPV,Oral polio vaccine,4,INFANTS,Infants,NATIONWIDE,AT BIRTH;6 WEEKS;10 WEEKS;14 WEEKS,WHO/UNICEF Joint Reporting Form on Immunization
GRC,Greece,EUR,2023,MCV,Measles-containing vaccine,1,INFANTS;CHILDREN,Infants And Children,NATIONWIDE,9 MONTHS,WHO/UNICEF Joint Reporting Form on Immunization
GRC,Greece,EUR,2023,HEPB,Hepatitis B vaccine,3,INFANTS,Infants,NATIONWIDE,6 WEEKS;10 WEEKS;14 WEEKS,WHO/UNICEF Joint Reporting Form on Immunization
GRC,Greece,EUR,2023,HIB,Haemophilus influenzae type b vaccine,3,INFANTS,Infants,NATIONWIDE,6 WEEKS;10 WEEKS;14 WEEKS,WHO/UNICEF Joint Reporting Form on Immunization
GRC,Greece,EUR,2023,PCV,Pneumococcal conjugate vaccine,3,INFANTS,Infants,NATIONWIDE,6 WEEKS;10 WEEKS;14 WEEKS,WHO/UNICEF Joint Reporting Form on Immunization
GRC,Greece,EUR,2023,ROTA,Rotavirus vaccine,2,INFANTS,Infants,NATIONWIDE,6 WEEKS;10 WEEKS,WHO/UNICEF Joint Reporting Form on Immunization
GRD,Grenada,AMR,2023,BCG,Bacille Calmette-Guerin vaccine,1,INFANTS,Infants,NATIONWIDE,AT BIRTH,WHO/UNICEF Joint Reporting Form on Immunization
GRD,Grenada,AMR,2023,DTP,Diphtheria-tetanus-pertussis vaccine,3,INFANTS,Infants,NATIONWIDE,6 WEEKS;10 WEEKS;14 WEEKS,WHO/UNICEF Joint Reporting Form on Immunization
GRD,Grenada,AMR,2023,OPV,Oral polio vaccine,4,INFANTS,Infants,NATIONWIDE,AT BIRTH;6 WEEKS;10 WEEKS;14 WEEKS,WHO/UNICEF Joint Reporting Form on Immunization
GRD,Grenada,AMR,2023,MCV,Measles-containing vaccine,2,INFANTS;CHILDREN,Infants And Children,NATIONWIDE,9 MONTHS;18 MONTHS,WHO/UNICEF Joint Reporting Form on Immunization
GRD,Grenada,AMR,2023,HEPB,Hepatitis B vaccine,3,INFANTS,Infants,NATIONWIDE,6 WEEKS;10 WEEKS;14 WEEKS,WHO/UNICEF Joint Reporting Form on Immunization
GRD,Grenada,AMR,2023,HIB,Haemophilus influenzae type b vaccine,3,INFANTS,Infants,NATIONWIDE,6 WEEKS;10 WEEKS;14 WEEKS,WHO/UNICEF Joint Reporting Form on Immunization
GRD,Grenada,AMR,2023,PCV,Pneumococcal conjugate vaccine,3,INFANTS,Infants,NATIONWIDE,6 WEEKS;10 WEEKS;14 WEEKS,WHO/UNICEF Joint Reporting Form on Immunization
GRD,Grenada,AMR,2023,ROTA,Rotavirus vaccine,2,INFANTS,Infants,NATIONWIDE,6 WEEKS;10 WEEKS,WHO/UNICEF Joint Reporting Form on Immunization
GRL,Greenland,EUR,2023,BCG,Bacille Calmette-Guerin vaccine,1,INFANTS,Infants,NATIONWIDE,AT BIRTH,WHO/UNICEF Joint Reporting Form on Immunization
GRL,Greenland,EUR,2023,DTP,Diphtheria-tetanus-pertussis vaccine,3,INFANTS,Infants,NATIONWIDE,6 WEEKS;10 WEEKS;14 WEEKS,WHO/UNICEF Joint Reporting Form on Immunization
GRL,Greenland,EUR,2023,OPV,Oral polio vaccine,4,INFANTS,Infants,NATIONWIDE,AT BIRTH;6 WEEKS;10 WEEKS;14 WEEKS,WHO/UNICEF Joint Reporting Form on Immunization
GRL,Greenland,EUR,2023,MCV,Measles-containing vaccine,1,INFANTS;CHILDREN,Infants And Children,NATIONWIDE,9 MONTHS,WHO/UNICEF Joint Reporting Form on Immunization
GRL,Greenland,EUR,2023,HEPB,Hepatitis B vaccine,3,INFANTS,Infants,NATIONWIDE,6 WEEKS;10 WEEKS;14 WEEKS,WHO/UNICEF Joint Reporting Form on Immunization
GRL,Greenland,EUR,2023,HIB,Haemophilus influenzae type b vaccine,3,INFANTS,Infants,NATIONWIDE,6 WEEKS;10 WEEKS;14 WEEKS,WHO/UNICEF Joint Reporting Form on Immunization
GRL,Greenland,EUR,2023,PCV,Pneumococcal conjugate vaccine,3,INFANTS,Infants,NATIONWIDE,6 WEEKS;10 WEEKS;14 WEEKS,WHO/UNICEF Joint Reporting Form on Immunization
GRL,Greenland,EUR,2023,ROTA,Rotavirus vaccine,2,INFANTS,Infants,NATIONWIDE,6 WEEKS;10 WEEKS,WHO/UNICEF Joint Reporting Form on Immunization
GTM,Guatemala,AMR,2023,BCG,Bacille Calmette-Guerin vaccine,1,INFANTS,Infants,NATIONWIDE,AT BIRTH,WHO/UNICEF Joint Reporting Form on Immunization
GTM,Guatemala,AMR,2023,DTP,Diphtheria-tetanus-pertussis vaccine,3,INFANTS,Infants,NATIONWIDE,6 WEEKS;10 WEEKS;14 WEEKS,WHO/UNICEF Joint Reporting Form on Immunization
GTM,Guatemala,AMR,2023,OPV,Oral polio vaccine,4,INFANTS,Infants,NATIONWIDE,AT BIRTH;6 WEEKS;10 WEEKS;14 WEEKS,WHO/UNICEF Joint Reporting Form on Immunization
GTM,Guatemala,AMR,2023,MCV,Measles-containing vaccine,2,INFANTS;CHILDREN,Infants And Children,NATIONWIDE,9 MONTHS;18 MONTHS,WHO/UNICEF Joint Reporting Form on Immunization
GTM,Guatemala,AMR,2023,HEPB,Hepatitis B vaccine,3,INFANTS,Infants,NATIONWIDE,6 WEEKS;10 WEEKS;14 WEEKS,WHO/UNICEF Joint Reporting Form on Immunization
GTM,Guatemala,AMR,2023,HIB,Haemophilus influenzae type b vaccine,3,INFANTS,Infants,NATIONWIDE,6 WEEKS;10 WEEKS;14 WEEKS,WHO/UNICEF Joint Reporting Form on Immunization
GTM,Guatemala,AMR,2023,PCV,Pneumococcal conjugate vaccine,3,INFANTS,Infants,NATIONWIDE,6 WEEKS;10 WEEKS;14 WEEKS,WHO/UNICEF Joint Reporting Form on Immunization
GTM,Guatemala,AMR,2023,ROTA,Rotavirus vaccine,1,INFANTS,Infants,NATIONWIDE,6 WEEKS,WHO/UNICEF Joint Reporting Form on Immunization
GUF,French Guiana,AMR,2023,BCG,Bacille Calmette-Guerin vaccine,1,INFANTS,Infants,NATIONWIDE,AT BIRTH,WHO/UNICEF Joint Reporting Form on Immunization
GUF,French Guiana,AMR,2023,DTP,Diphtheria-tetanus-pertussis vaccine,3,INFANTS,Infants,NATIONWIDE,6 WEEKS;10 WEEKS;14 WEEKS,WHO/UNICEF Joint Reporting Form on Immunization
GUF,French Guiana,AMR,2023,OPV,Oral polio vaccine,4,INFANTS,Infants,NATIONWIDE,AT BIRTH;6 WEEKS;10 WEEKS;14 WEEKS,WHO/UNICEF Joint Reporting Form on Immunization
GUF,French Guiana,AMR,2023,MCV,Measles-containing vaccine,2,INFANTS;CHILDREN,Infants And Children,NATIONWIDE,9 MONTHS;18 MONTHS,WHO/UNICEF Joint Reporting Form on Immunization
GUF,French Guiana,AMR,2023,HEPB,Hepatitis B vaccine,3,INFANTS,Infants,NATIONWIDE,6 WEEKS;10 WEEKS;14 WEEKS,WHO/UNICEF Joint Reporting Form on Immunization
GUF,French Guiana,AMR,2023,HIB,Haemophilus influenzae type b vaccine,3,INFANTS,Infants,NATIONWIDE,6 WEEKS;10 WEEKS;14 WEEKS,WHO/UNICEF Joint Reporting Form on Immunization
GUF,French Guiana,AMR,2023,PCV,Pneumococcal conjugate vaccine,3,INFANTS,Infants,NATIONWIDE,6 WEEKS;10 WEEKS;14 WEEKS,WHO/UNICEF Joint Reporting Form on Immunization
GUF,French Guiana,AMR,2023,ROTA,Rotavirus vaccine,2,INFANTS,Infants,NATIONWIDE,6 WEEKS;10 WEEKS,WHO/UNICEF Joint Reporting Form on Immunization
GUM,Guam,WPR,2023,BCG,Bacille Calmette-Guerin vaccine,1,INFANTS,Infants,NATIONWIDE,AT BIRTH,WHO/UNICEF Joint Reporting Form on Immunization
GUM,Guam,WPR,2023,DTP,Diphtheria-tetanus-pertussis vaccine,3,INFANTS,Infants,NATIONWIDE,6 WEEKS;10 WEEKS;14 WEEKS,WHO/UNICEF Joint Reporting Form on Immunization
GUM,Guam,WPR,2023,OPV,Oral polio vaccine,3,INFANTS,Infants,NATIONWIDE,AT BIRTH;6 WEEKS;10 WEEKS,WHO/UNICEF Joint Reporting Form on Immunization
GUM,Guam,WPR,2023,MCV,Measles-containing vaccine,2,INFANTS;CHILDREN,Infants And Children,NATIONWIDE,9 MONTHS;18 MONTHS,WHO/UNICEF Joint Reporting Form on Immunization
GUM,Guam,WPR,2023,HEPB,Hepatitis B vaccine,3,INFANTS,Infants,NATIONWIDE,6 WEEKS;10 WEEKS;14 WEEKS,WHO/UNICEF Joint Reporting Form on Immunization
GUM,Guam,WPR,2023,HIB,Haemophilus influenzae type b vaccine,3,INFANTS,Infants,NATIONWIDE,6 WEEKS;10 WEEKS;14 WEEKS,WHO/UNICEF Joint Reporting Form on Immunization
GUM,Guam,WPR,2023,PCV,Pneumococcal conjugate vaccine,3,INFANTS,Infants,NATIONWIDE,6 WEEKS;10 WEEKS;14 WEEKS,WHO/UNICEF Joint Reporting Form on Immunization
GUM,Guam,WPR,2023,ROTA,Rotavirus vaccine,2,INFANTS,Infants,NATIONWIDE,6 WEEKS;10 WEEKS,WHO/UNICEF Joint Reporting Form on Immunization
GUY,Guyana,AMR,2023,BCG,Bacille Calmette-Guerin vaccine,1,INFANTS,Infants,NATIONWIDE,AT BIRTH,WHO/UNICEF Joint Reporting Form on Immunization
GUY,Guyana,AMR,2023,DTP,Diphtheria-tetanus-pertussis vaccine,3,INFANTS,Infants,NATIONWIDE,6 WEEKS;10 WEEKS;14 WEEKS,WHO/UNICEF Joint Reporting Form on Immunization
GUY,Guyana,AMR,2023,OPV,Oral polio vaccine,3,INFANTS,Infants,NATIONWIDE,AT BIRTH;6 WEEKS;10 WEEKS,WHO/UNICEF Joint Reporting Form on Immunization
GUY,Guyana,AMR,2023,MCV,Measles-containing vaccine,2,INFANTS;CHILDREN,Infants And Children,NATIONWIDE,9 MONTHS;18 MONTHS,WHO/UNICEF Joint Reporting Form on Immunization
GUY,Guyana,AMR,2023,HEPB,Hepatitis B vaccine,3,INFANTS,Infants,NATIONWIDE,6 WEEKS;10 WEEKS;14 WEEKS,WHO/UNICEF Joint Reporting Form on Immunization
GUY,Guyana,AMR,2023,HIB,Haemophilus influenzae type b vaccine,3,INFANTS,Infants,NATIONWIDE,6 WEEKS;10 WEEKS;14 WEEKS,WHO/UNICEF Joint Reporting Form on Immunization
GUY,Guyana,AMR,2023,PCV,Pneumococcal conjugate vaccine,2,INFANTS,Infants,NATIONWIDE,6 WEEKS;10 WEEKS,WHO/UNICEF Joint Reporting Form on Immunization
GUY,Guyana,AMR,2023,ROTA,Rotavirus vaccine,1,INFANTS,Infants,NATIONWIDE,6 WEEKS,WHO/UNICEF Joint Reporting Form on Immunization
HND,Honduras,AMR,2023,BCG,Bacille Calmette-Guerin vaccine,1,INFANTS,Infants,NATIONWIDE,AT BIRTH,WHO/UNICEF Joint Reporting Form on Immunization
HND,Honduras,AMR,2023,DTP,Diphtheria-tetanus-pertussis vaccine,3,INFANTS,Infants,NATIONWIDE,6 WEEKS;10 WEEKS;14 WEEKS,WHO/UNICEF Joint Reporting Form on Immunization
HND,Honduras,AMR,2023,OPV,Oral polio vaccine,4,INFANTS,Infants,NATIONWIDE,AT BIRTH;6 WEEKS;10 WEEKS;14 WEEKS,WHO/UNICEF Joint Reporting Form on Immunization
HND,Honduras,AMR,2023,MCV,Measles-containing vaccine,2,INFANTS;CHILDREN,Infants And Children,NATIONWIDE,9 MONTHS;18 MONTHS,WHO/UNICEF Joint Reporting Form on Immunization
HND,Honduras,AMR,2023,HEPB,Hepatitis B vaccine,3,INFANTS,Infants,NATIONWIDE,6 WEEKS;10 WEEKS;14 WEEKS,WHO/UNICEF Joint Reporting Form on Immunization
HND,Honduras,AMR,2023,HIB,Haemophilus influenzae type b vaccine,3,INFANTS,Infants,NATIONWIDE,6 WEEKS;10 WEEKS;14 WEEKS,WHO/UNICEF Joint Reporting Form on Immunization
HND,Honduras,AMR,2023,PCV,Pneumococcal conjugate vaccine,3,INFANTS,Infants,NATIONWIDE,6 WEEKS;10 WEEKS;14 WEEKS,WHO/UNICEF Joint Reporting Form on Immunization
HND,Honduras,AMR,2023,ROTA,Rotavirus vaccine,2,INFANTS,Infants,NATIONWIDE,6 WEEKS;10 WEEKS,WHO/UNICEF Joint Reporting Form on Immunization
HRV,Croatia,EUR,2023,BCG,Bacille Calmette-Guerin vaccine,1,INFANTS,Infants,NATIONWIDE,AT BIRTH,WHO/UNICEF Joint Reporting Form on Immunization
HRV,Croatia,EUR,2023,DTP,Diphtheria-tetanus-pertussis vaccine,3,INFANTS,Infants,NATIONWIDE,6 WEEKS;10 WEEKS;14 WEEKS,WHO/UNICEF Joint Reporting Form on Immunization
HRV,Croatia,EUR,2023,OPV,Oral polio vaccine,4,INFANTS,Infants,NATIONWIDE,AT BIRTH;6 WEEKS;10 WEEKS;14 WEEKS,WHO/UNICEF Joint Reporting Form on Immunization
HRV,Croatia,EUR,2023,MCV,Measles-containing vaccine,2,INFANTS;CHILDREN,Infants And Children,NATIONWIDE,9 MONTHS;18 MONTHS,WHO/UNICEF Joint Reporting Form on Immunization
HRV,Croatia,EUR,2023,HEPB,Hepatitis B vaccine,3,INFANTS,Infants,NATIONWIDE,6 WEEKS;10 WEEKS;14 WEEKS,WHO/UNICEF Joint Reporting Form on Immunization
HRV,Croatia,EUR,2023,HIB,Haemophilus influenzae type b vaccine,3,INFANTS,Infants,NATIONWIDE,6 WEEKS;10 WEEKS;14 WEEKS,WHO/UNICEF Joint Reporting Form on Immunization
HRV,Croatia,EUR,2023,PCV,Pneumococcal conjugate vaccine,3,INFANTS,Infants,NATIONWIDE,6 WEEKS;10 WEEKS;14 WEEKS,WHO/UNICEF Joint Reporting Form on Immunization
HRV,Croatia,EUR,2023,ROTA,Rotavirus vaccine,2,INFANTS,Infants,NATIONWIDE,6 WEEKS;10 WEEKS,WHO/UNICEF Joint Reporting Form on Immunization
HTI,Haiti,AMR,2023,BCG,Bacille Calmette-Guerin vaccine,1,INFANTS,Infants,NATIONWIDE,AT BIRTH,WHO/UNICEF Joint Reporting Form on Immunization
HTI,Haiti,AMR,2023,DTP,Diphtheria-tetanus-pertussis vaccine,3,INFANTS,Infants,NATIONWIDE,6 WEEKS;10 WEEKS;14 WEEKS,WHO/UNICEF Joint Reporting Form on Immunization
HTI,Haiti,AMR,2023,OPV,Oral polio vaccine,4,INFANTS,Infants,NATIONWIDE,AT BIRTH;6 WEEKS;10 WEEKS;14 WEEKS,WHO/UNICEF Joint Reporting Form on Immunization
HTI,Haiti,AMR,2023,MCV,Measles-containing vaccine,2,INFANTS;CHILDREN,Infants And Children,NATIONWIDE,9 MONTHS;18 MONTHS,WHO/UNICEF Joint Reporting Form on Immunization
HTI,Haiti,AMR,2023,HEPB,Hepatitis B vaccine,3,INFANTS,Infants,NATIONWIDE,6 WEEKS;10 WEEKS;14 WEEKS,WHO/UNICEF Joint Reporting Form on Immunization
HTI,Haiti,AMR,2023,HIB,Haemophilus influenzae type b vaccine,3,INFANTS,Infants,NATIONWIDE,6 WEEKS;10 WEEKS;14 WEEKS,WHO/UNICEF Joint Reporting Form on Immunization
HTI,Haiti,AMR,2023,PCV,Pneumococcal conjugate vaccine,3,INFANTS,Infants,NATIONWIDE,6 WEEKS;10 WEEKS;14 WEEKS,WHO/UNICEF Joint Reporting Form on Immunization
HTI,Haiti,AMR,2023,ROTA,Rotavirus vaccine,2,INFANTS,Infants,NATIONWIDE,6 WEEKS;10 WEEKS,WHO/UNICEF Joint Reporting Form on Immunization
HUN,Hungary,EUR,2023,BCG,Bacille Calmette-Guerin vaccine,1,INFANTS,Infants,NATIONWIDE,AT BIRTH,WHO/UNICEF Joint Reporting Form on Immunization
HUN,Hungary,EUR,2023,DTP,Diphtheria-tetanus-pertussis vaccine,3,INFANTS,Infants,NATIONWIDE,6 WEEKS;10 WEEKS;14 WEEKS,WHO/UNICEF Joint Reporting Form on Immunization
HUN,Hungary,EUR,2023,OPV,Oral polio vaccine,4,INFANTS,Infants,NATIONWIDE,AT BIRTH;6 WEEKS;10 WEEKS;14 WEEKS,WHO/UNICEF Joint Reporting Form on Immunization
HUN,Hungary,EUR,2023,MCV,Measles-containing vaccine,2,INFANTS;CHILDREN,Infants And Children,NATIONWIDE,9 MONTHS;18 MONTHS,WHO/UNICEF Joint Reporting Form on Immunization
HUN,Hungary,EUR,2023,HEPB,Hepatitis B vaccine,3,INFANTS,Infants,NATIONWIDE,6 WEEKS;10 WEEKS;14 WEEKS,WHO/UNICEF Joint Reporting Form on Immunization
HUN,Hungary,EUR,2023,HIB,Haemophilus influenzae type b vaccine,3,INFANTS,Infants,NATIONWIDE,6 WEEKS;10 WEEKS;14 WEEKS,WHO/UNICEF Joint Reporting Form on Immunization
HUN,Hungary,EUR,2023,PCV,Pneumococcal conjugate vaccine,2,INFANTS,Infants,NATIONWIDE,6 WEEKS;10 WEEKS,WHO/UNICEF Joint Reporting Form on Immunization
HUN,Hungary,EUR,2023,ROTA,Rotavirus vaccine,2,INFANTS,Infants,NATIONWIDE,6 WEEKS;10 WEEKS,WHO/UNICEF Joint Reporting Form on Immunization
IDN,Indonesia,WPR,2023,BCG,Bacille Calmette-Guerin vaccine,1,INFANTS,Infants,NATIONWIDE,AT BIRTH,WHO/UNICEF Joint Reporting Form on Immunization
IDN,Indonesia,WPR,2023,DTP,Diphtheria-tetanus-pertussis vaccine,3,INFANTS,Infants,NATIONWIDE,6 WEEKS;10 WEEKS;14 WEEKS,WHO/UNICEF Joint Reporting Form on Immunization
IDN,Indonesia,WPR,2023,OPV,Oral polio vaccine,4,INFANTS,Infants,NATIONWIDE,AT BIRTH;6 WEEKS;10 WEEKS;14 WEEKS,WHO/UNICEF Joint Reporting Form on Immunization
IDN,Indonesia,WPR,2023,MCV,Measles-containing vaccine,2,INFANTS;CHILDREN,Infants And Children,NATIONWIDE,9 MONTHS;18 MONTHS,WHO/UNICEF Joint Reporting Form on Immunization
IDN,Indonesia,WPR,2023,HEPB,Hepatitis B vaccine,3,INFANTS,Infants,NATIONWIDE,6 WEEKS;10 WEEKS;14 WEEKS,WHO/UNICEF Joint Reporting Form on Immunization
IDN,Indonesia,WPR,2023,HIB,Haemophilus influenzae type b vaccine,3,INFANTS,Infants,NATIONWIDE,6 WEEKS;10 WEEKS;14 WEEKS,WHO/UNICEF Joint Reporting Form on Immunization
IDN,Indonesia,WPR,2023,PCV,Pneumococcal conjugate vaccine,3,INFANTS,Infants,NATIONWIDE,6 WEEKS;10 WEEKS;14 WEEKS,WHO/UNICEF Joint Reporting Form on Immunization
IDN,Indonesia,WPR,2023,ROTA,Rotavirus vaccine,2,INFANTS,Infants,NATIONWIDE,6 WEEKS;10 WEEKS,WHO/UNICEF Joint Reporting Form on Immunization
IMN,Isle of Man,EUR,2023,BCG,Bacille Calmette-Guerin vaccine,1,INFANTS,Infants,NATIONWIDE,AT BIRTH,WHO/UNICEF Joint Reporting Form on Immunization
IMN,Isle of Man,EUR,2023,DTP,Diphtheria-tetanus-pertussis vaccine,3,INFANTS,Infants,NATIONWIDE,6 WEEKS;10 WEEKS;14 WEEKS,WHO/UNICEF Joint Reporting Form on Immunization
IMN,Isle of Man,EUR,2023,OPV,Oral polio vaccine,4,INFANTS,Infants,NATIONWIDE,AT BIRTH;6 WEEKS;10 WEEKS;14 WEEKS,WHO/UNICEF Joint Reporting Form on Immunization
IMN,Isle of Man,EUR,2023,MCV,Measles-containing vaccine,1,INFANTS;CHILDREN,Infants And Children,NATIONWIDE,9 MONTHS,WHO/UNICEF Joint Reporting Form on Immunization
IMN,Isle of Man,EUR,2023,HEPB,Hepatitis B vaccine,3,INFANTS,Infants,NATIONWIDE,6 WEEKS;10 WEEKS;14 WEEKS,WHO/UNICEF Joint Reporting Form on Immunization
IMN,Isle of Man,EUR,2023,HIB,Haemophilus influenzae type b vaccine,3,INFANTS,Infants,NATIONWIDE,6 WEEKS;10 WEEKS;14 WEEKS,WHO/UNICEF Joint Reporting Form on Immunization
IMN,Isle of Man,EUR,2023,PCV,Pneumococcal conjugate vaccine,3,INFANTS,Infants,NATIONWIDE,6 WEEKS;10 WEEKS;14 WEEKS,WHO/UNICEF Joint Reporting Form on Immunization
IMN,Isle of Man,EUR,2023,ROTA,Rotavirus vaccine,2,INFANTS,Infants,NATIONWIDE,6 WEEKS;10 WEEKS,WHO/UNICEF Joint Reporting Form on Immunization
IND,India,SEAR,2023,BCG,Bacille Calmette-Guerin vaccine,1,INFANTS,Infants,NATIONWIDE,AT BIRTH,WHO/UNICEF Joint Reporting Form on Immunization
IND,India,SEAR,2023,DTP,Diphtheria-tetanus-pertussis vaccine,3,INFANTS,Infants,NATIONWIDE,6 WEEKS;10 WEEKS;14 WEEKS,WHO/UNICEF Joint Reporting Form on Immunization
IND,India,SEAR,2023,OPV,Oral polio vaccine,4,INFANTS,Infants,NATIONWIDE,AT BIRTH;6 WEEKS;10 WEEKS;14 WEEKS,WHO/UNICEF Joint Reporting Form on Immunization
IND,India,SEAR,2023,MCV,Measles-containing vaccine,2,INFANTS;CHILDREN,Infants And Children,NATIONWIDE,9 MONTHS;18 MONTHS,WHO/UNICEF Joint Reporting Form on Immunization
IND,India,SEAR,2023,HEPB,Hepatitis B vaccine,3,INFANTS,Infants,NATIONWIDE,6 WEEKS;10 WEEKS;14 WEEKS,WHO/UNICEF Joint Reporting Form on Immunization
IND,India,SEAR,2023,HIB,Haemophilus influenzae type b vaccine,3,INFANTS,Infants,NATIONWIDE,6 WEEKS;10 WEEKS;14 WEEKS,WHO/UNICEF Joint Reporting Form on Immunization
IND,India,SEAR,2023,PCV,Pneumococcal conjugate vaccine,3,INFANTS,Infants,NATIONWIDE,6 WEEKS;10 WEEKS;14 WEEKS,WHO/UNICEF Joint Reporting Form on Immunization
IND,India,SEAR,2023,ROTA,Rotavirus vaccine,2,INFANTS,Infants,NATIONWIDE,6 WEEKS;10 WEEKS,WHO/UNICEF Joint Reporting Form on Immunization
IRL,Ireland,EUR,2023,BCG,Bacille Calmette-Guerin vaccine,1,INFANTS,Infants,NATIONWIDE,AT BIRTH,WHO/UNICEF Joint Reporting Form on Immunization
IRL,Ireland,EUR,2023,DTP,Diphtheria-tetanus-pertussis vaccine,3,INFANTS,Infants,NATIONWIDE,6 WEEKS;10 WEEKS;14 WEEKS,WHO/UNICEF Joint Reporting Form on Immunization
IRL,Ireland,EUR,2023,OPV,Oral polio vaccine,4,INFANTS,Infants,NATIONWIDE,AT BIRTH;6 WEEKS;10 WEEKS;14 WEEKS,WHO/UNICEF Joint Reporting Form on Immunization
IRL,Ireland,EUR,2023,MCV,Measles-containing vaccine,2,INFANTS;CHILDREN,Infants And Children,NATIONWIDE,9 MONTHS;18 MONTHS,WHO/UNICEF Joint Reporting Form on Immunization
IRL,Ireland,EUR,2023,HEPB,Hepatitis B vaccine,3,INFANTS,Infants,NATIONWIDE,6 WEEKS;10 WEEKS;14 WEEKS,WHO/UNICEF Joint Reporting Form on Immunization
IRL,Ireland,EUR,2023,HIB,Haemophilus influenzae type b vaccine,3,INFANTS,Infants,NATIONWIDE,6 WEEKS;10 WEEKS;14 WEEKS,WHO/UNICEF Joint Reporting Form on Immunization
IRL,Ireland,EUR,2023,PCV,Pneumococcal conjugate vaccine,2,INFANTS,Infants,NATIONWIDE,6 WEEKS;10 WEEKS,WHO/UNICEF Joint Reporting Form on Immunization
IRL,Ireland,EUR,2023,ROTA,Rotavirus vaccine,2,INFANTS,Infants,NATIONWIDE,6 WEEKS;10 WEEKS,WHO/UNICEF Joint Reporting Form on Immunization
IRN,Iran (Islamic Republic of),EMR,2023,BCG,Bacille Calmette-Guerin vaccine,1,INFANTS,Infants,NATIONWIDE,AT BIRTH,WHO/UNICEF Joint Reporting Form on Immunization
IRN,Iran (Islamic Republic of),EMR,2023,DTP,Diphtheria-tetanus-pertussis vaccine,3,INFANTS,Infants,NATIONWIDE,6 WEEKS;10 WEEKS;14 WEEKS,WHO/UNICEF Joint Reporting Form on Immunization
IRN,Iran (Islamic Republic of),EMR,2023,OPV,Oral polio vaccine,3,INFANTS,Infants,NATIONWIDE,AT BIRTH;6 WEEKS;10 WEEKS,WHO/UNICEF Joint Reporting Form on Immunization
IRN,Iran (Islamic Republic of),EMR,2023,MCV,Measles-containing vaccine,2,INFANTS;CHILDREN,Infants And Children,NATIONWIDE,9 MONTHS;18 MONTHS,WHO/UNICEF Joint Reporting Form on Immunization
IRN,Iran (Islamic Republic of),EMR,2023,HEPB,Hepatitis B vaccine,3,INFANTS,Infants,NATIONWIDE,6 WEEKS;10 WEEKS;14 WEEKS,WHO/UNICEF Joint Reporting Form on Immunization
IRN,Iran (Islamic Republic of),EMR,2023,HIB,Haemophilus influenzae type b vaccine,2,INFANTS,Infants,NATIONWIDE,6 WEEKS;10 WEEKS,WHO/UNICEF Joint Reporting Form on Immunization
IRN,Iran (Islamic Republic of),EMR,2023,PCV,Pneumococcal conjugate vaccine,3,INFANTS,Infants,NATIONWIDE,6 WEEKS;10 WEEKS;14 WEEKS,WHO/UNICEF Joint Reporting Form on Immunization
IRN,Iran (Islamic Republic of),EMR,2023,ROTA,Rotavirus vaccine,1,INFANTS,Infants,NATIONWIDE,6 WEEKS,WHO/UNICEF Joint Reporting Form on Immunization
IRQ,Iraq,EMR,2023,BCG,Bacille Calmette-Guerin vaccine,1,INFANTS,Infants,NATIONWIDE,AT BIRTH,WHO/UNICEF Joint Reporting Form on Immunization
IRQ,Iraq,EMR,2023,DTP,Diphtheria-tetanus-pertussis vaccine,3,INFANTS,Infants,NATIONWIDE,6 WEEKS;10 WEEKS;14 WEEKS,WHO/UNICEF Joint Reporting Form on Immunization
IRQ,Iraq,EMR,2023,OPV,Oral polio vaccine,4,INFANTS,Infants,NATIONWIDE,AT BIRTH;6 WEEKS;10 WEEKS;14 WEEKS,WHO/UNICEF Joint Reporting Form on Immunization
IRQ,Iraq,EMR,2023,MCV,Measles-containing vaccine,2,INFANTS;CHILDREN,Infants And Children,NATIONWIDE,9 MONTHS;18 MONTHS,WHO/UNICEF Joint Reporting Form on Immunization
IRQ,Iraq,EMR,2023,HEPB,Hepatitis B vaccine,2,INFANTS,Infants,NATIONWIDE,6 WEEKS;10 WEEKS,WHO/UNICEF Joint Reporting Form on Immunization
IRQ,Iraq,EMR,2023,HIB,Haemophilus influenzae type b vaccine,3,INFANTS,Infants,NATIONWIDE,6 WEEKS;10 WEEKS;14 WEEKS,WHO/UNICEF Joint Reporting Form on Immunization
IRQ,Iraq,EMR,2023,PCV,Pneumococcal conjugate vaccine,2,INFANTS,Infants,NATIONWIDE,6 WEEKS;10 WEEKS,WHO/UNICEF Joint Reporting Form on Immunization
IRQ,Iraq,EMR,2023,ROTA,Rotavirus vaccine,2,INFANTS,Infants,NATIONWIDE,6 WEEKS;10 WEEKS,WHO/UNICEF Joint Reporting Form on Immunization
ISL,Iceland,EUR,2023,BCG,Bacille Calmette-Guerin vaccine,1,INFANTS,Infants,NATIONWIDE,AT BIRTH,WHO/UNICEF Joint Reporting Form on Immunization
ISL,Iceland,EUR,2023,DTP,Diphtheria-tetanus-pertussis vaccine,2,INFANTS,Infants,NATIONWIDE,6 WEEKS;10 WEEKS,WHO/UNICEF Joint Reporting Form on Immunization
ISL,Iceland,EUR,2023,OPV,Oral polio vaccine,4,INFANTS,Infants,NATIONWIDE,AT BIRTH;6 WEEKS;10 WEEKS;14 WEEKS,WHO/UNICEF Joint Reporting Form on Immunization
ISL,Iceland,EUR,2023,MCV,Measles-containing vaccine,1,INFANTS;CHILDREN,Infants And Children,NATIONWIDE,9 MONTHS,WHO/UNICEF Joint Reporting Form on Immunization
ISL,Iceland,EUR,2023,HEPB,Hepatitis B vaccine,3,INFANTS,Infants,NATIONWIDE,6 WEEKS;10 WEEKS;14 WEEKS,WHO/UNICEF Joint Reporting Form on Immunization
ISL,Iceland,EUR,2023,HIB,Haemophilus influenzae type b vaccine,3,INFANTS,Infants,NATIONWIDE,6 WEEKS;10 WEEKS;14 WEEKS,WHO/UNICEF Joint Reporting Form on Immunization
ISL,Iceland,EUR,2023,PCV,Pneumococcal conjugate vaccine,3,INFANTS,Infants,NATIONWIDE,6 WEEKS;10 WEEKS;14 WEEKS,WHO/UNICEF Joint Reporting Form on Immunization
ISL,Iceland,EUR,2023,ROTA,Rotavirus vaccine,2,INFANTS,Infants,NATIONWIDE,6 WEEKS;10 WEEKS,WHO/UNICEF Joint Reporting Form on Immunization
ISR,Israel,EUR,2023,BCG,Bacille Calmette-Guerin vaccine,1,INFANTS,Infants,NATIONWIDE,AT BIRTH,WHO/UNICEF Joint Reporting Form on Immunization
ISR,Israel,EUR,2023,DTP,Diphtheria-tetanus-pertussis vaccine,3,INFANTS,Infants,NATIONWIDE,6 WEEKS;10 WEEKS;14 WEEKS,WHO/UNICEF Joint Reporting Form on Immunization
ISR,Israel,EUR,2023,OPV,Oral polio vaccine,4,INFANTS,Infants,NATIONWIDE,AT BIRTH;6 WEEKS;10 WEEKS;14 WEEKS,WHO/UNICEF Joint Reporting Form on Immunization
ISR,Israel,EUR,2023,MCV,Measles-containing vaccine,2,INFANTS;CHILDREN,Infants And Children,NATIONWIDE,9 MONTHS;18 MONTHS,WHO/UNICEF Joint Reporting Form on Immunization
ISR,Israel,EUR,2023,HEPB,Hepatitis B vaccine,2,INFANTS,Infants,NATIONWIDE,6 WEEKS;10 WEEKS,WHO/UNICEF Joint Reporting Form on Immunization
ISR,Israel,EUR,2023,HIB,Haemophilus influenzae type b vaccine,3,INFANTS,Infants,NATIONWIDE,6 WEEKS;10 WEEKS;14 WEEKS,WHO/UNICEF Joint Reporting Form on Immunization
ISR,Israel,EUR,2023,PCV,Pneumococcal conjugate vaccine,3,INFANTS,Infants,NATIONWIDE,6 WEEKS;10 WEEKS;14 WEEKS,WHO/UNICEF Joint Reporting Form on Immunization
ISR,Israel,EUR,2023,ROTA,Rotavirus vaccine,1,INFANTS,Infants,NATIONWIDE,6 WEEKS,WHO/UNICEF Joint Reporting Form on Immunization
ITA,Italy,EUR,2023,BCG,Bacille Calmette-Guerin vaccine,1,INFANTS,Infants,NATIONWIDE,AT BIRTH,WHO/UNICEF Joint Reporting Form on Immunization
ITA,Italy,EUR,2023,DTP,Diphtheria-tetanus-pertussis vaccine,3,INFANTS,Infants,NATIONWIDE,6 WEEKS;10 WEEKS;14 WEEKS,WHO/UNICEF Joint Reporting Form on Immunization
ITA,Italy,EUR,2023,OPV,Oral polio vaccine,4,INFANTS,Infants,NATIONWIDE,AT BIRTH;6 WEEKS;10 WEEKS;14 WEEKS,WHO/UNICEF Joint Reporting Form on Immunization
ITA,Italy,EUR,2023,MCV,Measles-containing vaccine,2,INFANTS;CHILDREN,Infants And Children,NATIONWIDE,9 MONTHS;18 MONTHS,WHO/UNICEF Joint Reporting Form on Immunization
ITA,Italy,EUR,2023,HEPB,Hepatitis B vaccine,3,INFANTS,Infants,NATIONWIDE,6 WEEKS;10 WEEKS;14 WEEKS,WHO/UNICEF Joint Reporting Form on Immunization
ITA,Italy,EUR,2023,HIB,Haemophilus influenzae type b vaccine,3,INFANTS,Infants,NATIONWIDE,6 WEEKS;10 WEEKS;14 WEEKS,WHO/UNICEF Joint Reporting Form on Immunization
ITA,Italy,EUR,2023,PCV,Pneumococcal conjugate vaccine,3,INFANTS,Infants,NATIONWIDE,6 WEEKS;10 WEEKS;14 WEEKS,WHO/UNICEF Joint Reporting Form on Immunization
ITA,Italy,EUR,2023,ROTA,Rotavirus vaccine,2,INFANTS,Infants,NATIONWIDE,6 WEEKS;10 WEEKS,WHO/UNICEF Joint Reporting Form on Immunization
JAM,Jamaica,AMR,2023,BCG,Bacille Calmette-Guerin vaccine,1,INFANTS,Infants,NATIONWIDE,AT BIRTH,WHO/UNICEF Joint Reporting Form on Immunization
JAM,Jamaica,AMR,2023,DTP,Diphtheria-tetanus-pertussis vaccine,3,INFANTS,Infants,NATIONWIDE,6 WEEKS;10 WEEKS;14 WEEKS,WHO/UNICEF Joint Reporting Form on Immunization
JAM,Jamaica,AMR,2023,OPV,Oral polio vaccine,4,INFANTS,Infants,NATIONWIDE,AT BIRTH;6 WEEKS;10 WEEKS;14 WEEKS,WHO/UNICEF Joint Reporting Form on Immunization
JAM,Jamaica,AMR,2023,MCV,Measles-containing vaccine,2,INFANTS;CHILDREN,Infants And Children,NATIONWIDE,9 MONTHS;18 MONTHS,WHO/UNICEF Joint Reporting Form on Immunization
JAM,Jamaica,AMR,2023,HEPB,Hepatitis B vaccine,2,INFANTS,Infants,NATIONWIDE,6 WEEKS;10 WEEKS,WHO/UNICEF Joint Reporting Form on Immunization
JAM,Jamaica,AMR,2023,HIB,Haemophilus influenzae type b vaccine,3,INFANTS,Infants,NATIONWIDE,6 WEEKS;10 WEEKS;14 WEEKS,WHO/UNICEF Joint Reporting Form on Immunization
JAM,Jamaica,AMR,2023,PCV,Pneumococcal conjugate vaccine,3,INFANTS,Infants,NATIONWIDE,6 WEEKS;10 WEEKS;14 WEEKS,WHO/UNICEF Joint Reporting Form on Immunization
JAM,Jamaica,AMR,2023,ROTA,Rotavirus vaccine,2,INFANTS,Infants,NATIONWIDE,6 WEEKS;10 WEEKS,WHO/UNICEF Joint Reporting Form on Immunization
JOR,Jordan,EMR,2023,BCG,Bacille Calmette-Guerin vaccine,1,INFANTS,Infants,NATIONWIDE,AT BIRTH,WHO/UNICEF Joint Reporting Form on Immunization
JOR,Jordan,EMR,2023,DTP,Diphtheria-tetanus-pertussis vaccine,3,INFANTS,Infants,NATIONWIDE,6 WEEKS;10 WEEKS;14 WEEKS,WHO/UNICEF Joint Reporting Form on Immunization
JOR,Jordan,EMR,2023,OPV,Oral polio vaccine,4,INFANTS,Infants,NATIONWIDE,AT BIRTH;6 WEEKS;10 WEEKS;14 WEEKS,WHO/UNICEF Joint Reporting Form on Immunization
JOR,Jordan,EMR,2023,MCV,Measles-containing vaccine,1,INFANTS;CHILDREN,Infants And Children,NATIONWIDE,9 MONTHS,WHO/UNICEF Joint Reporting Form on Immunization
JOR,Jordan,EMR,2023,HEPB,Hepatitis B vaccine,3,INFANTS,Infants,NATIONWIDE,6 WEEKS;10 WEEKS;14 WEEKS,WHO/UNICEF Joint Reporting Form on Immunization
JOR,Jordan,EMR,2023,HIB,Haemophilus influenzae type b vaccine,3,INFANTS,Infants,NATIONWIDE,6 WEEKS;10 WEEKS;14 WEEKS,WHO/UNICEF Joint Reporting Form on Immunization
JOR,Jordan,EMR,2023,PCV,Pneumococcal conjugate vaccine,3,INFANTS,Infants,NATIONWIDE,6 WEEKS;10 WEEKS;14 WEEKS,WHO/UNICEF Joint Reporting Form on Immunization
JOR,Jordan,EMR,2023,ROTA,Rotavirus vaccine,2,INFANTS,Infants,NATIONWIDE,6 WEEKS;10 WEEKS,WHO/UNICEF Joint Reporting Form on Immunization
JPN,Japan,WPR,2023,BCG,Bacille Calmette-Guerin vaccine,1,INFANTS,Infants,NATIONWIDE,AT BIRTH,WHO/UNICEF Joint Reporting Form on Immunization
JPN,Japan,WPR,2023,DTP,Diphtheria-tetanus-pertussis vaccine,3,INFANTS,Infants,NATIONWIDE,6 WEEKS;10 WEEKS;14 WEEKS,WHO/UNICEF Joint Reporting Form on Immunization
JPN,Japan,WPR,2023,OPV,Oral polio vaccine,4,INFANTS,Infants,NATIONWIDE,AT BIRTH;6 WEEKS;10 WEEKS;14 WEEKS,WHO/UNICEF Joint Reporting Form on Immunization
JPN,Japan,WPR,2023,MCV,Measles-containing vaccine,1,INFANTS;CHILDREN,Infants And Children,NATIONWIDE,9 MONTHS,WHO/UNICEF Joint Reporting Form on Immunization
JPN,Japan,WPR,2023,HEPB,Hepatitis B vaccine,2,INFANTS,Infants,NATIONWIDE,6 WEEKS;10 WEEKS,WHO/UNICEF Joint Reporting Form on Immunization
JPN,Japan,WPR,2023,HIB,Haemophilus influenzae type b vaccine,3,INFANTS,Infants,NATIONWIDE,6 WEEKS;10 WEEKS;14 WEEKS,WHO/UNICEF Joint Reporting Form on Immunization
JPN,Japan,WPR,2023,PCV,Pneumococcal conjugate vaccine,3,INFANTS,Infants,NATIONWIDE,6 WEEKS;10 WEEKS;14 WEEKS,WHO/UNICEF Joint Reporting Form on Immunization
JPN,Japan,WPR,2023,ROTA,Rotavirus vaccine,2,INFANTS,Infants,NATIONWIDE,6 WEEKS;10 WEEKS,WHO/UNICEF Joint Reporting Form on Immunization
KAZ,Kazakhstan,EUR,2023,BCG,Bacille Calmette-Guerin vaccine,1,INFANTS,Infants,NATIONWIDE,AT BIRTH,WHO/UNICEF Joint Reporting Form on Immunization
KAZ,Kazakhstan,EUR,2023,DTP,Diphtheria-tetanus-pertussis vaccine,3,INFANTS,Infants,NATIONWIDE,6 WEEKS;10 WEEKS;14 WEEKS,WHO/UNICEF Joint Reporting Form on Immunization
KAZ,Kazakhstan,EUR,2023,OPV,Oral polio vaccine,4,INFANTS,Infants,NATIONWIDE,AT BIRTH;6 WEEKS;10 WEEKS;14 WEEKS,WHO/UNICEF Joint Reporting Form on Immunization
KAZ,Kazakhstan,EUR,2023,MCV,Measles-containing vaccine,2,INFANTS;CHILDREN,Infants And Children,NATIONWIDE,9 MONTHS;18 MONTHS,WHO/UNICEF Joint Reporting Form on Immunization
KAZ,Kazakhstan,EUR,2023,HEPB,Hepatitis B vaccine,3,INFANTS,Infants,NATIONWIDE,6 WEEKS;10 WEEKS;14 WEEKS,WHO/UNICEF Joint Reporting Form on Immunization
KAZ,Kazakhstan,EUR,2023,HIB,Haemophilus influenzae type b vaccine,3,INFANTS,Infants,NATIONWIDE,6 WEEKS;10 WEEKS;14 WEEKS,WHO/UNICEF Joint Reporting Form on Immunization
KAZ,Kazakhstan,EUR,2023,PCV,Pneumococcal conjugate vaccine,2,INFANTS,Infants,NATIONWIDE,6 WEEKS;10 WEEKS,WHO/UNICEF Joint Reporting Form on Immunization
KAZ,Kazakhstan,EUR,2023,ROTA,Rotavirus vaccine,2,INFANTS,Infants,NATIONWIDE,6 WEEKS;10 WEEKS,WHO/UNICEF Joint Reporting Form on Immunization
KEN,Kenya,AFR,2023,BCG,Bacille Calmette-Guerin vaccine,1,INFANTS,Infants,NATIONWIDE,AT BIRTH,WHO/UNICEF Joint Reporting Form on Immunization
KEN,Kenya,AFR,2023,DTP,Diphtheria-tetanus-pertussis vaccine,3,INFANTS,Infants,NATIONWIDE,6 WEEKS;10 WEEKS;14 WEEKS,WHO/UNICEF Joint Reporting Form on Immunization
KEN,Kenya,AFR,2023,OPV,Oral polio vaccine,4,INFANTS,Infants,NATIONWIDE,AT BIRTH;6 WEEKS;10 WEEKS;14 WEEKS,WHO/UNICEF Joint Reporting Form on Immunization
KEN,Kenya,AFR,2023,MCV,Measles-containing vaccine,2,INFANTS;CHILDREN,Infants And Children,NATIONWIDE,9 MONTHS;18 MONTHS,WHO/UNICEF Joint Reporting Form on Immunization
KEN,Kenya,AFR,2023,HEPB,Hepatitis B vaccine,3,INFANTS,Infants,NATIONWIDE,6 WEEKS;10 WEEKS;14 WEEKS,WHO/UNICEF Joint Reporting Form on Immunization
KEN,Kenya,AFR,2023,HIB,Haemophilus influenzae type b vaccine,3,INFANTS,Infants,NATIONWIDE,6 WEEKS;10 WEEKS;14 WEEKS,WHO/UNICEF Joint Reporting Form on Immunization
KEN,Kenya,AFR,2023,PCV,Pneumococcal conjugate vaccine,3,INFANTS,Infants,NATIONWIDE,6 WEEKS;10 WEEKS;14 WEEKS,WHO/UNICEF Joint Reporting Form on Immunization
KEN,Kenya,AFR,2023,ROTA,Rotavirus vaccine,2,INFANTS,Infants,NATIONWIDE,6 WEEKS;10 WEEKS,WHO/UNICEF Joint Reporting Form on Immunization
KGZ,Kyrgyzstan,EUR,2023,BCG,Bacille Calmette-Guerin vaccine,1,INFANTS,Infants,NATIONWIDE,AT BIRTH,WHO/UNICEF Joint Reporting Form on Immunization
KGZ,Kyrgyzstan,EUR,2023,DTP,Diphtheria-tetanus-pertussis vaccine,3,INFANTS,Infants,NATIONWIDE,6 WEEKS;10 WEEKS;14 WEEKS,WHO/UNICEF Joint Reporting Form on Immunization
KGZ,Kyrgyzstan,EUR,2023,OPV,Oral polio vaccine,4,INFANTS,Infants,NATIONWIDE,AT BIRTH;6 WEEKS;10 WEEKS;14 WEEKS,WHO/UNICEF Joint Reporting Form on Immunization
KGZ,Kyrgyzstan,EUR,2023,MCV,Measles-containing vaccine,2,INFANTS;CHILDREN,Infants And Children,NATIONWIDE,9 MONTHS;18 MONTHS,WHO/UNICEF Joint Reporting Form on Immunization
KGZ,Kyrgyzstan,EUR,2023,HEPB,Hepatitis B vaccine,2,INFANTS,Infants,NATIONWIDE,6 WEEKS;10 WEEKS,WHO/UNICEF Joint Reporting Form on Immunization
KGZ,Kyrgyzstan,EUR,2023,HIB,Haemophilus influenzae type b vaccine,3,INFANTS,Infants,NATIONWIDE,6 WEEKS;10 WEEKS;14 WEEKS,WHO/UNICEF Joint Reporting Form on Immunization
KGZ,Kyrgyzstan,EUR,2023,PCV,Pneumococcal conjugate vaccine,3,INFANTS,Infants,NATIONWIDE,6 WEEKS;10 WEEKS;14 WEEKS,WHO/UNICEF Joint Reporting Form on Immunization
KGZ,Kyrgyzstan,EUR,2023,ROTA,Rotavirus vaccine,2,INFANTS,Infants,NATIONWIDE,6 WEEKS;10 WEEKS,WHO/UNICEF Joint Reporting Form on Immunization
KHM,Cambodia,WPR,2023,BCG,Bacille Calmette-Guerin vaccine,1,INFANTS,Infants,NATIONWIDE,AT BIRTH,WHO/UNICEF Joint Reporting Form on Immunization
KHM,Cambodia,WPR,2023,DTP,Diphtheria-tetanus-pertussis vaccine,3,INFANTS,Infants,NATIONWIDE,6 WEEKS;10 WEEKS;14 WEEKS,WHO/UNICEF Joint Reporting Form on Immunization
KHM,Cambodia,WPR,2023,OPV,Oral polio vaccine,3,INFANTS,Infants,NATIONWIDE,AT BIRTH;6 WEEKS;10 WEEKS,WHO/UNICEF Joint Reporting Form on Immunization
KHM,Cambodia,WPR,2023,MCV,Measles-containing vaccine,2,INFANTS;CHILDREN,Infants And Children,NATIONWIDE,9 MONTHS;18 MONTHS,WHO/UNICEF Joint Reporting Form on Immunization
KHM,Cambodia,WPR,2023,HEPB,Hepatitis B vaccine,3,INFANTS,Infants,NATIONWIDE,6 WEEKS;10 WEEKS;14 WEEKS,WHO/UNICEF Joint Reporting Form on Immunization
KHM,Cambodia,WPR,2023,HIB,Haemophilus influenzae type b vaccine,3,INFANTS,Infants,NATIONWIDE,6 WEEKS;10 WEEKS;14 WEEKS,WHO/UNICEF Joint Reporting Form on Immunization
KHM,Cambodia,WPR,2023,PCV,Pneumococcal conjugate vaccine,3,INFANTS,Infants,NATIONWIDE,6 WEEKS;10 WEEKS;14 WEEKS,WHO/UNICEF Joint Reporting Form on Immunization
KHM,Cambodia,WPR,2023,ROTA,Rotavirus vaccine,2,INFANTS,Infants,NATIONWIDE,6 WEEKS;10 WEEKS,WHO/UNICEF Joint Reporting Form on Immunization
KIR,Kiribati,WPR,2023,BCG,Bacille Calmette-Guerin vaccine,1,INFANTS,Infants,NATIONWIDE,AT BIRTH,WHO/UNICEF Joint Reporting Form on Immunization
KIR,Kiribati,WPR,2023,DTP,Diphtheria-tetanus-pertussis vaccine,3,INFANTS,Infants,NATIONWIDE,6 WEEKS;10 WEEKS;14 WEEKS,WHO/UNICEF Joint Reporting Form on Immunization
KIR,Kiribati,WPR,2023,OPV,Oral polio vaccine,4,INFANTS,Infants,NATIONWIDE,AT BIRTH;6 WEEKS;10 WEEKS;14 WEEKS,WHO/UNICEF Joint Reporting Form on Immunization
KIR,Kiribati,WPR,2023,MCV,Measles-containing vaccine,2,INFANTS;CHILDREN,Infants And Children,NATIONWIDE,9 MONTHS;18 MONTHS,WHO/UNICEF Joint Reporting Form on Immunization
KIR,Kiribati,WPR,2023,HEPB,Hepatitis B vaccine,3,INFANTS,Infants,NATIONWIDE,6 WEEKS;10 WEEKS;14 WEEKS,WHO/UNICEF Joint Reporting Form on Immunization
KIR,Kiribati,WPR,2023,HIB,Haemophilus influenzae type b vaccine,3,INFANTS,Infants,NATIONWIDE,6 WEEKS;10 WEEKS;14 WEEKS,WHO/UNICEF Joint Reporting Form on Immunization
KIR,Kiribati,WPR,2023,PCV,Pneumococcal conjugate vaccine,3,INFANTS,Infants,NATIONWIDE,6 WEEKS;10 WEEKS;14 WEEKS,WHO/UNICEF Joint Reporting Form on Immunization
KIR,Kiribati,WPR,2023,ROTA,Rotavirus vaccine,2,INFANTS,Infants,NATIONWIDE,6 WEEKS;10 WEEKS,WHO/UNICEF Joint Reporting Form on Immunization
KNA,Saint Kitts and Nevis,AMR,2023,BCG,Bacille Calmette-Guerin vaccine,1,INFANTS,Infants,NATIONWIDE,AT BIRTH,WHO/UNICEF Joint Reporting Form on Immunization
KNA,Saint Kitts and Nevis,AMR,2023,DTP,Diphtheria-tetanus-pertussis vaccine,3,INFANTS,Infants,NATIONWIDE,6 WEEKS;10 WEEKS;14 WEEKS,WHO/UNICEF Joint Reporting Form on Immunization
KNA,Saint Kitts and Nevis,AMR,2023,OPV,Oral polio vaccine,4,INFANTS,Infants,NATIONWIDE,AT BIRTH;6 WEEKS;10 WEEKS;14 WEEKS,WHO/UNICEF Joint Reporting Form on Immunization
KNA,Saint Kitts and Nevis,AMR,2023,MCV,Measles-containing vaccine,2,INFANTS;CHILDREN,Infants And Children,NATIONWIDE,9 MONTHS;18 MONTHS,WHO/UNICEF Joint Reporting Form on Immunization
KNA,Saint Kitts and Nevis,AMR,2023,HEPB,Hepatitis B vaccine,3,INFANTS,Infants,NATIONWIDE,6 WEEKS;10 WEEKS;14 WEEKS,WHO/UNICEF Joint Reporting Form on Immunization
KNA,Saint Kitts and Nevis,AMR,2023,HIB,Haemophilus influenzae type b vaccine,2,INFANTS,Infants,NATIONWIDE,6 WEEKS;10 WEEKS,WHO/UNICEF Joint Reporting Form on Immunization
KNA,Saint Kitts and Nevis,AMR,2023,PCV,Pneumococcal conjugate vaccine,3,INFANTS,Infants,NATIONWIDE,6 WEEKS;10 WEEKS;14 WEEKS,WHO/UNICEF Joint Reporting Form on Immunization
KNA,Saint Kitts and Nevis,AMR,2023,ROTA,Rotavirus vaccine,2,INFANTS,Infants,NATIONWIDE,6 WEEKS;10 WEEKS,WHO/UNICEF Joint Reporting Form on Immunization
KOR,Republic of Korea,WPR,2023,BCG,Bacille Calmette-Guerin vaccine,1,INFANTS,Infants,NATIONWIDE,AT BIRTH,WHO/UNICEF Joint Reporting Form on Immunization
KOR,Republic of Korea,WPR,2023,DTP,Diphtheria-tetanus-pertussis vaccine,3,INFANTS,Infants,NATIONWIDE,6 WEEKS;10 WEEKS;14 WEEKS,WHO/UNICEF Joint Reporting Form on Immunization
KOR,Republic of Korea,WPR,2023,OPV,Oral polio vaccine,4,INFANTS,Infants,NATIONWIDE,AT BIRTH;6 WEEKS;10 WEEKS;14 WEEKS,WHO/UNICEF Joint Reporting Form on Immunization
KOR,Republic of Korea,WPR,2023,MCV,Measles-containing vaccine,2,INFANTS;CHILDREN,Infants And Children,NATIONWIDE,9 MONTHS;18 MONTHS,WHO/UNICEF Joint Reporting Form on Immunization
KOR,Republic of Korea,WPR,2023,HEPB,Hepatitis B vaccine,3,INFANTS,Infants,NATIONWIDE,6 WEEKS;10 WEEKS;14 WEEKS,WHO/UNICEF Joint Reporting Form on Immunization
KOR,Republic of Korea,WPR,2023,HIB,Haemophilus influenzae type b vaccine,3,INFANTS,Infants,NATIONWIDE,6 WEEKS;10 WEEKS;14 WEEKS,WHO/UNICEF Joint Reporting Form on Immunization
KOR,Republic of Korea,WPR,2023,PCV,Pneumococcal conjugate vaccine,3,INFANTS,Infants,NATIONWIDE,6 WEEKS;10 WEEKS;14 WEEKS,WHO/UNICEF Joint Reporting Form on Immunization
KOR,Republic of Korea,WPR,2023,ROTA,Rotavirus vaccine,2,INFANTS,Infants,NATIONWIDE,6 WEEKS;10 WEEKS,WHO/UNICEF Joint Reporting Form on Immunization
KWT,Kuwait,EMR,2023,BCG,Bacille Calmette-Guerin vaccine,1,INFANTS,Infants,NATIONWIDE,AT BIRTH,WHO/UNICEF Joint Reporting Form on Immunization
KWT,Kuwait,EMR,2023,DTP,Diphtheria-tetanus-pertussis vaccine,3,INFANTS,Infants,NATIONWIDE,6 WEEKS;10 WEEKS;14 WEEKS,WHO/UNICEF Joint Reporting Form on Immunization
KWT,Kuwait,EMR,2023,OPV,Oral polio vaccine,3,INFANTS,Infants,NATIONWIDE,AT BIRTH;6 WEEKS;10 WEEKS,WHO/UNICEF Joint Reporting Form on Immunization
KWT,Kuwait,EMR,2023,MCV,Measles-containing vaccine,2,INFANTS;CHILDREN,Infants And Children,NATIONWIDE,9 MONTHS;18 MONTHS,WHO/UNICEF Joint Reporting Form on Immunization
KWT,Kuwait,EMR,2023,HEPB,Hepatitis B vaccine,3,INFANTS,Infants,NATIONWIDE,6 WEEKS;10 WEEKS;14 WEEKS,WHO/UNICEF Joint Reporting Form on Immunization
KWT,Kuwait,EMR,2023,HIB,Haemophilus influenzae type b vaccine,3,INFANTS,Infants,NATIONWIDE,6 WEEKS;10 WEEKS;14 WEEKS,WHO/UNICEF Joint Reporting Form on Immunization
KWT,Kuwait,EMR,2023,PCV,Pneumococcal conjugate vaccine,3,INFANTS,Infants,NATIONWIDE,6 WEEKS;10 WEEKS;14 WEEKS,WHO/UNICEF Joint Reporting Form on Immunization
KWT,Kuwait,EMR,2023,ROTA,Rotavirus vaccine,1,INFANTS,Infants,NATIONWIDE,6 WEEKS,WHO/UNICEF Joint Reporting Form on Immunization
LAO,Lao People's Democratic Republic,WPR,2023,BCG,Bacille Calmette-Guerin vaccine,1,INFANTS,Infants,NATIONWIDE,AT BIRTH,WHO/UNICEF Joint Reporting Form on Immunization
LAO,Lao People's Democratic Republic,WPR,2023,DTP,Diphtheria-tetanus-pertussis vaccine,3,INFANTS,Infants,NATIONWIDE,6 WEEKS;10 WEEKS;14 WEEKS,WHO/UNICEF Joint Reporting Form on Immunization
LAO,Lao People's Democratic Republic,WPR,2023,OPV,Oral polio vaccine,4,INFANTS,Infants,NATIONWIDE,AT BIRTH;6 WEEKS;10 WEEKS;14 WEEKS,WHO/UNICEF Joint Reporting Form on Immunization
LAO,Lao People's Democratic Republic,WPR,2023,MCV,Measles-containing vaccine,2,INFANTS;CHILDREN,Infants And Children,NATIONWIDE,9 MONTHS;18 MONTHS,WHO/UNICEF Joint Reporting Form on Immunization
LAO,Lao People's Democratic Republic,WPR,2023,HEPB,Hepatitis B vaccine,3,INFANTS,Infants,NATIONWIDE,6 WEEKS;10 WEEKS;14 WEEKS,WHO/UNICEF Joint Reporting Form on Immunization
LAO,Lao People's Democratic Republic,WPR,2023,HIB,Haemophilus influenzae type b vaccine,3,INFANTS,Infants,NATIONWIDE,6 WEEKS;10 WEEKS;14 WEEKS,WHO/UNICEF Joint Reporting Form on Immunization
LAO,Lao People's Democratic Republic,WPR,2023,PCV,Pneumococcal conjugate vaccine,3,INFANTS,Infants,NATIONWIDE,6 WEEKS;10 WEEKS;14 WEEKS,WHO/UNICEF Joint Reporting Form on Immunization
LAO,Lao People's Democratic Republic,WPR,2023,ROTA,Rotavirus vaccine,2,INFANTS,Infants,NATIONWIDE,6 WEEKS;10 WEEKS,WHO/UNICEF Joint Reporting Form on Immunization
LBN,Lebanon,EMR,2023,BCG,Bacille Calmette-Guerin vaccine,1,INFANTS,Infants,NATIONWIDE,AT BIRTH,WHO/UNICEF Joint Reporting Form on Immunization
LBN,Lebanon,EMR,2023,DTP,Diphtheria-tetanus-pertussis vaccine,3,INFANTS,Infants,NATIONWIDE,6 WEEKS;10 WEEKS;14 WEEKS,WHO/UNICEF Joint Reporting Form on Immunization
LBN,Lebanon,EMR,2023,OPV,Oral polio vaccine,3,INFANTS,Infants,NATIONWIDE,AT BIRTH;6 WEEKS;10 WEEKS,WHO/UNICEF Joint Reporting Form on Immunization
LBN,Lebanon,EMR,2023,MCV,Measles-containing vaccine,2,INFANTS;CHILDREN,Infants And Children,NATIONWIDE,9 MONTHS;18 MONTHS,WHO/UNICEF Joint Reporting Form on Immunization
LBN,Lebanon,EMR,2023,HEPB,Hepatitis B vaccine,3,INFANTS,Infants,NATIONWIDE,6 WEEKS;10 WEEKS;14 WEEKS,WHO/UNICEF Joint Reporting Form on Immunization
LBN,Lebanon,EMR,2023,HIB,Haemophilus influenzae type b vaccine,3,INFANTS,Infants,NATIONWIDE,6 WEEKS;10 WEEKS;14 WEEKS,WHO/UNICEF Joint Reporting Form on Immunization
LBN,Lebanon,EMR,2023,PCV,Pneumococcal conjugate vaccine,3,INFANTS,Infants,NATIONWIDE,6 WEEKS;10 WEEKS;14 WEEKS,WHO/UNICEF Joint Reporting Form on Immunization
LBN,Lebanon,EMR,2023,ROTA,Rotavirus vaccine,2,INFANTS,Infants,NATIONWIDE,6 WEEKS;10 WEEKS,WHO/UNICEF Joint Reporting Form on Immunization
LBR,Liberia,AFR,2023,BCG,Bacille Calmette-Guerin vaccine,1,INFANTS,Infants,NATIONWIDE,AT BIRTH,WHO/UNICEF Joint Reporting Form on Immunization
LBR,Liberia,AFR,2023,DTP,Diphtheria-tetanus-pertussis vaccine,2,INFANTS,Infants,NATIONWIDE,6 WEEKS;10 WEEKS,WHO/UNICEF Joint Reporting Form on Immunization
LBR,Liberia,AFR,2023,OPV,Oral polio vaccine,4,INFANTS,Infants,NATIONWIDE,AT BIRTH;6 WEEKS;10 WEEKS;14 WEEKS,WHO/UNICEF Joint Reporting Form on Immunization
LBR,Liberia,AFR,2023,MCV,Measles-containing vaccine,2,INFANTS;CHILDREN,Infants And Children,NATIONWIDE,9 MONTHS;18 MONTHS,WHO/UNICEF Joint Reporting Form on Immunization
LBR,Liberia,AFR,2023,HEPB,Hepatitis B vaccine,3,INFANTS,Infants,NATIONWIDE,6 WEEKS;10 WEEKS;14 WEEKS,WHO/UNICEF Joint Reporting Form on Immunization
LBR,Liberia,AFR,2023,HIB,Haemophilus influenzae type b vaccine,3,INFANTS,Infants,NATIONWIDE,6 WEEKS;10 WEEKS;14 WEEKS,WHO/UNICEF Joint Reporting Form on Immunization
LBR,Liberia,AFR,2023,PCV,Pneumococcal conjugate vaccine,3,INFANTS,Infants,NATIONWIDE,6 WEEKS;10 WEEKS;14 WEEKS,WHO/UNICEF Joint Reporting Form on Immunization
LBR,Liberia,AFR,2023,ROTA,Rotavirus vaccine,2,INFANTS,Infants,NATIONWIDE,6 WEEKS;10 WEEKS,WHO/UNICEF Joint Reporting Form on Immunization
LBY,Libya,EMR,2023,BCG,Bacille Calmette-Guerin vaccine,1,INFANTS,Infants,NATIONWIDE,AT BIRTH,WHO/UNICEF Joint Reporting Form on Immunization
LBY,Libya,EMR,2023,DTP,Diphtheria-tetanus-pertussis vaccine,3,INFANTS,Infants,NATIONWIDE,6 WEEKS;10 WEEKS;14 WEEKS,WHO/UNICEF Joint Reporting Form on Immunization
LBY,Libya,EMR,2023,OPV,Oral polio vaccine,4,INFANTS,Infants,NATIONWIDE,AT BIRTH;6 WEEKS;10 WEEKS;14 WEEKS,WHO/UNICEF Joint Reporting Form on Immunization
LBY,Libya,EMR,2023,MCV,Measles-containing vaccine,2,INFANTS;CHILDREN,Infants And Children,NATIONWIDE,9 MONTHS;18 MONTHS,WHO/UNICEF Joint Reporting Form on Immunization
LBY,Libya,EMR,2023,HEPB,Hepatitis B vaccine,2,INFANTS,Infants,NATIONWIDE,6 WEEKS;10 WEEKS,WHO/UNICEF Joint Reporting Form on Immunization
LBY,Libya,EMR,2023,HIB,Haemophilus influenzae type b vaccine,3,INFANTS,Infants,NATIONWIDE,6 WEEKS;10 WEEKS;14 WEEKS,WHO/UNICEF Joint Reporting Form on Immunization
LBY,Libya,EMR,2023,PCV,Pneumococcal conjugate vaccine,3,INFANTS,Infants,NATIONWIDE,6 WEEKS;10 WEEKS;14 WEEKS,WHO/UNICEF Joint Reporting Form on Immunization
LBY,Libya,EMR,2023,ROTA,Rotavirus vaccine,1,INFANTS,Infants,NATIONWIDE,6 WEEKS,WHO/UNICEF Joint Reporting Form on Immunization
LCA,Saint Lucia,AMR,2023,BCG,Bacille Calmette-Guerin vaccine,1,INFANTS,Infants,NATIONWIDE,AT BIRTH,WHO/UNICEF Joint Reporting Form on Immunization
LCA,Saint Lucia,AMR,2023,DTP,Diphtheria-tetanus-pertussis vaccine,2,INFANTS,Infants,NATIONWIDE,6 WEEKS;10 WEEKS,WHO/UNICEF Joint Reporting Form on Immunization
LCA,Saint Lucia,AMR,2023,OPV,Oral polio vaccine,4,INFANTS,Infants,NATIONWIDE,AT BIRTH;6 WEEKS;10 WEEKS;14 WEEKS,WHO/UNICEF Joint Reporting Form on Immunization
LCA,Saint Lucia,AMR,2023,MCV,Measles-containing vaccine,2,INFANTS;CHILDREN,Infants And Children,NATIONWIDE,9 MONTHS;18 MONTHS,WHO/UNICEF Joint Reporting Form on Immunization
LCA,Saint Lucia,AMR,2023,HEPB,Hepatitis B vaccine,3,INFANTS,Infants,NATIONWIDE,6 WEEKS;10 WEEKS;14 WEEKS,WHO/UNICEF Joint Reporting Form on Immunization
LCA,Saint Lucia,AMR,2023,HIB,Haemophilus influenzae type b vaccine,3,INFANTS,Infants,NATIONWIDE,6 WEEKS;10 WEEKS;14 WEEKS,WHO/UNICEF Joint Reporting Form on Immunization
LCA,Saint Lucia,AMR,2023,PCV,Pneumococcal conjugate vaccine,3,INFANTS,Infants,NATIONWIDE,6 WEEKS;10 WEEKS;14 WEEKS,WHO/UNICEF Joint Reporting Form on Immunization
LCA,Saint Lucia,AMR,2023,ROTA,Rotavirus vaccine,2,INFANTS,Infants,NATIONWIDE,6 WEEKS;10 WEEKS,WHO/UNICEF Joint Reporting Form on Immunization
LIE,Liechtenstein,EUR,2023,BCG,Bacille Calmette-Guerin vaccine,1,INFANTS,Infants,NATIONWIDE,AT BIRTH,WHO/UNICEF Joint Reporting Form on Immunization
LIE,Liechtenstein,EUR,2023,DTP,Diphtheria-tetanus-pertussis vaccine,3,INFANTS,Infants,NATIONWIDE,6 WEEKS;10 WEEKS;14 WEEKS,WHO/UNICEF Joint Reporting Form on Immunization
LIE,Liechtenstein,EUR,2023,OPV,Oral polio vaccine,4,INFANTS,Infants,NATIONWIDE,AT BIRTH;6 WEEKS;10 WEEKS;14 WEEKS,WHO/UNICEF Joint Reporting Form on Immunization
LIE,Liechtenstein,EUR,2023,MCV,Measles-containing vaccine,2,INFANTS;CHILDREN,Infants And Children,NATIONWIDE,9 MONTHS;18 MONTHS,WHO/UNICEF Joint Reporting Form on Immunization
LIE,Liechtenstein,EUR,2023,HEPB,Hepatitis B vaccine,3,INFANTS,Infants,NATIONWIDE,6 WEEKS;10 WEEKS;14 WEEKS,WHO/UNICEF Joint Reporting Form on Immunization
LIE,Liechtenstein,EUR,2023,HIB,Haemophilus influenzae type b vaccine,3,INFANTS,Infants,NATIONWIDE,6 WEEKS;10 WEEKS;14 WEEKS,WHO/UNICEF Joint Reporting Form on Immunization
LIE,Liechtenstein,EUR,2023,PCV,Pneumococcal conjugate vaccine,2,INFANTS,Infants,NATIONWIDE,6 WEEKS;10 WEEKS,WHO/UNICEF Joint Reporting Form on Immunization
LIE,Liechtenstein,EUR,2023,ROTA,Rotavirus vaccine,2,INFANTS,Infants,NATIONWIDE,6 WEEKS;10 WEEKS,WHO/UNICEF Joint Reporting Form on Immunization
LKA,Sri Lanka,SEAR,2023,BCG,Bacille Calmette-Guerin vaccine,1,INFANTS,Infants,NATIONWIDE,AT BIRTH,WHO/UNICEF Joint Reporting Form on Immunization
LKA,Sri Lanka,SEAR,2023,DTP,Diphtheria-tetanus-pertussis vaccine,3,INFANTS,Infants,NATIONWIDE,6 WEEKS;10 WEEKS;14 WEEKS,WHO/UNICEF Joint Reporting Form on Immunization
LKA,Sri Lanka,SEAR,2023,OPV,Oral polio vaccine,4,INFANTS,Infants,NATIONWIDE,AT BIRTH;6 WEEKS;10 WEEKS;14 WEEKS,WHO/UNICEF Joint Reporting Form on Immunization
LKA,Sri Lanka,SEAR,2023,MCV,Measles-containing vaccine,2,INFANTS;CHILDREN,Infants And Children,NATIONWIDE,9 MONTHS;18 MONTHS,WHO/UNICEF Joint Reporting Form on Immunization
LKA,Sri Lanka,SEAR,2023,HEPB,Hepatitis B vaccine,3,INFANTS,Infants,NATIONWIDE,6 WEEKS;10 WEEKS;14 WEEKS,WHO/UNICEF Joint Reporting Form on Immunization
LKA,Sri Lanka,SEAR,2023,HIB,Haemophilus influenzae type b vaccine,3,INFANTS,Infants,NATIONWIDE,6 WEEKS;10 WEEKS;14 WEEKS,WHO/UNICEF Joint Reporting Form on Immunization
LKA,Sri Lanka,SEAR,2023,PCV,Pneumococcal conjugate vaccine,2,INFANTS,Infants,NATIONWIDE,6 WEEKS;10 WEEKS,WHO/UNICEF Joint Reporting Form on Immunization
LKA,Sri Lanka,SEAR,2023,ROTA,Rotavirus vaccine,2,INFANTS,Infants,NATIONWIDE,6 WEEKS;10 WEEKS,WHO/UNICEF Joint Reporting Form on Immunization
LSO,Lesotho,AFR,2023,BCG,Bacille Calmette-Guerin vaccine,1,INFANTS,Infants,NATIONWIDE,AT BIRTH,WHO/UNICEF Joint Reporting Form on Immunization
LSO,Lesotho,AFR,2023,DTP,Diphtheria-tetanus-pertussis vaccine,2,INFANTS,Infants,NATIONWIDE,6 WEEKS;10 WEEKS,WHO/UNICEF Joint Reporting Form on Immunization
LSO,Lesotho,AFR,2023,OPV,Oral polio vaccine,3,INFANTS,Infants,NATIONWIDE,AT BIRTH;6 WEEKS;10 WEEKS,WHO/UNICEF Joint Reporting Form on Immunization
LSO,Lesotho,AFR,2023,MCV,Measles-containing vaccine,2,INFANTS;CHILDREN,Infants And Children,NATIONWIDE,9 MONTHS;18 MONTHS,WHO/UNICEF Joint Reporting Form on Immunization
LSO,Lesotho,AFR,2023,HEPB,Hepatitis B vaccine,3,INFANTS,Infants,NATIONWIDE,6 WEEKS;10 WEEKS;14 WEEKS,WHO/UNICEF Joint Reporting Form on Immunization
LSO,Lesotho,AFR,2023,HIB,Haemophilus influenzae type b vaccine,3,INFANTS,Infants,NATIONWIDE,6 WEEKS;10 WEEKS;14 WEEKS,WHO/UNICEF Joint Reporting Form on Immunization
LSO,Lesotho,AFR,2023,PCV,Pneumococcal conjugate vaccine,3,INFANTS,Infants,NATIONWIDE,6 WEEKS;10 WEEKS;14 WEEKS,WHO/UNICEF Joint Reporting Form on Immunization
LSO,Lesotho,AFR,2023,ROTA,Rotavirus vaccine,2,INFANTS,Infants,NATIONWIDE,6 WEEKS;10 WEEKS,WHO/UNICEF Joint Reporting Form on Immunization
LTU,Lithuania,EUR,2023,BCG,Bacille Calmette-Guerin vaccine,1,INFANTS,Infants,NATIONWIDE,AT BIRTH,WHO/UNICEF Joint Reporting Form on Immunization
LTU,Lithuania,EUR,2023,DTP,Diphtheria-tetanus-pertussis vaccine,3,INFANTS,Infants,NATIONWIDE,6 WEEKS;10 WEEKS;14 WEEKS,WHO/UNICEF Joint Reporting Form on Immunization
LTU,Lithuania,EUR,2023,OPV,Oral polio vaccine,4,INFANTS,Infants,NATIONWIDE,AT BIRTH;6 WEEKS;10 WEEKS;14 WEEKS,WHO/UNICEF Joint Reporting Form on Immunization
LTU,Lithuania,EUR,2023,MCV,Measles-containing vaccine,2,INFANTS;CHILDREN,Infants And Children,NATIONWIDE,9 MONTHS;18 MONTHS,WHO/UNICEF Joint Reporting Form on Immunization
LTU,Lithuania,EUR,2023,HEPB,Hepatitis B vaccine,3,INFANTS,Infants,NATIONWIDE,6 WEEKS;10 WEEKS;14 WEEKS,WHO/UNICEF Joint Reporting Form on Immunization
LTU,Lithuania,EUR,2023,HIB,Haemophilus influenzae type b vaccine,3,INFANTS,Infants,NATIONWIDE,6 WEEKS;10 WEEKS;14 WEEKS,WHO/UNICEF Joint Reporting Form on Immunization
LTU,Lithuania,EUR,2023,PCV,Pneumococcal conjugate vaccine,3,INFANTS,Infants,NATIONWIDE,6 WEEKS;10 WEEKS;14 WEEKS,WHO/UNICEF Joint Reporting Form on Immunization
LTU,Lithuania,EUR,2023,ROTA,Rotavirus vaccine,2,INFANTS,Infants,NATIONWIDE,6 WEEKS;10 WEEKS,WHO/UNICEF Joint Reporting Form on Immunization
LUX,Luxembourg,EUR,2023,BCG,Bacille Calmette-Guerin vaccine,1,INFANTS,Infants,NATIONWIDE,AT BIRTH,WHO/UNICEF Joint Reporting Form on Immunization
LUX,Luxembourg,EUR,2023,DTP,Diphtheria-tetanus-pertussis vaccine,2,INFANTS,Infants,NATIONWIDE,6 WEEKS;10 WEEKS,WHO/UNICEF Joint Reporting Form on Immunization
LUX,Luxembourg,EUR,2023,OPV,Oral polio vaccine,3,INFANTS,Infants,NATIONWIDE,AT BIRTH;6 WEEKS;10 WEEKS,WHO/UNICEF Joint Reporting Form on Immunization
LUX,Luxembourg,EUR,2023,MCV,Measles-containing vaccine,1,INFANTS;CHILDREN,Infants And Children,NATIONWIDE,9 MONTHS,WHO/UNICEF Joint Reporting Form on Immunization
LUX,Luxembourg,EUR,2023,HEPB,Hepatitis B vaccine,2,INFANTS,Infants,NATIONWIDE,6 WEEKS;10 WEEKS,WHO/UNICEF Joint Reporting Form on Immunization
LUX,Luxembourg,EUR,2023,HIB,Haemophilus influenzae type b vaccine,3,INFANTS,Infants,NATIONWIDE,6 WEEKS;10 WEEKS;14 WEEKS,WHO/UNICEF Joint Reporting Form on Immunization
LUX,Luxembourg,EUR,2023,PCV,Pneumococcal conjugate vaccine,3,INFANTS,Infants,NATIONWIDE,6 WEEKS;10 WEEKS;14 WEEKS,WHO/UNICEF Joint Reporting Form on Immunization
LUX,Luxembourg,EUR,2023,ROTA,Rotavirus vaccine,2,INFANTS,Infants,NATIONWIDE,6 WEEKS;10 WEEKS,WHO/UNICEF Joint Reporting Form on Immunization
LVA,Latvia,EUR,2023,BCG,Bacille Calmette-Guerin vaccine,1,INFANTS,Infants,NATIONWIDE,AT BIRTH,WHO/UNICEF Joint Reporting Form on Immunization
LVA,Latvia,EUR,2023,DTP,Diphtheria-tetanus-pertussis vaccine,3,INFANTS,Infants,NATIONWIDE,6 WEEKS;10 WEEKS;14 WEEKS,WHO/UNICEF Joint Reporting Form on Immunization
LVA,Latvia,EUR,2023,OPV,Oral polio vaccine,4,INFANTS,Infants,NATIONWIDE,AT BIRTH;6 WEEKS;10 WEEKS;14 WEEKS,WHO/UNICEF Joint Reporting Form on Immunization
LVA,Latvia,EUR,2023,MCV,Measles-containing vaccine,1,INFANTS;CHILDREN,Infants And Children,NATIONWIDE,9 MONTHS,WHO/UNICEF Joint Reporting Form on Immunization
LVA,Latvia,EUR,2023,HEPB,Hepatitis B vaccine,3,INFANTS,Infants,NATIONWIDE,6 WEEKS;10 WEEKS;14 WEEKS,WHO/UNICEF Joint Reporting Form on Immunization
LVA,Latvia,EUR,2023,HIB,Haemophilus influenzae type b vaccine,2,INFANTS,Infants,NATIONWIDE,6 WEEKS;10 WEEKS,WHO/UNICEF Joint Reporting Form on Immunization
LVA,Latvia,EUR,2023,PCV,Pneumococcal conjugate vaccine,3,INFANTS,Infants,NATIONWIDE,6 WEEKS;10 WEEKS;14 WEEKS,WHO/UNICEF Joint Reporting Form on Immunization
LVA,Latvia,EUR,2023,ROTA,Rotavirus vaccine,2,INFANTS,Infants,NATIONWIDE,6 WEEKS;10 WEEKS,WHO/UNICEF Joint Reporting Form on Immunization
MAR,Morocco,EMR,2023,BCG,Bacille Calmette-Guerin vaccine,1,INFANTS,Infants,NATIONWIDE,AT BIRTH,WHO/UNICEF Joint Reporting Form on Immunization
MAR,Morocco,EMR,2023,DTP,Diphtheria-tetanus-pertussis vaccine,3,INFANTS,Infants,NATIONWIDE,6 WEEKS;10 WEEKS;14 WEEKS,WHO/UNICEF Joint Reporting Form on Immunization
MAR,Morocco,EMR,2023,OPV,Oral polio vaccine,4,INFANTS,Infants,NATIONWIDE,AT BIRTH;6 WEEKS;10 WEEKS;14 WEEKS,WHO/UNICEF Joint Reporting Form on Immunization
MAR,Morocco,EMR,2023,MCV,Measles-containing vaccine,2,INFANTS;CHILDREN,Infants And Children,NATIONWIDE,9 MONTHS;18 MONTHS,WHO/UNICEF Joint Reporting Form on Immunization
MAR,Morocco,EMR,2023,HEPB,Hepatitis B vaccine,2,INFANTS,Infants,NATIONWIDE,6 WEEKS;10 WEEKS,WHO/UNICEF Joint Reporting Form on Immunization
MAR,Morocco,EMR,2023,HIB,Haemophilus influenzae type b vaccine,3,INFANTS,Infants,NATIONWIDE,6 WEEKS;10 WEEKS;14 WEEKS,WHO/UNICEF Joint Reporting Form on Immunization
MAR,Morocco,EMR,2023,PCV,Pneumococcal conjugate vaccine,3,INFANTS,Infants,NATIONWIDE,6 WEEKS;10 WEEKS;14 WEEKS,WHO/UNICEF Joint Reporting Form on Immunization
MAR,Morocco,EMR,2023,ROTA,Rotavirus vaccine,2,INFANTS,Infants,NATIONWIDE,6 WEEKS;10 WEEKS,WHO/UNICEF Joint Reporting Form on Immunization
MCO,Monaco,EUR,2023,BCG,Bacille Calmette-Guerin vaccine,1,INFANTS,Infants,NATIONWIDE,AT BIRTH,WHO/UNICEF Joint Reporting Form on Immunization
MCO,Monaco,EUR,2023,DTP,Diphtheria-tetanus-pertussis vaccine,3,INFANTS,Infants,NATIONWIDE,6 WEEKS;10 WEEKS;14 WEEKS,WHO/UNICEF Joint Reporting Form on Immunization
MCO,Monaco,EUR,2023,OPV,Oral polio vaccine,4,INFANTS,Infants,NATIONWIDE,AT BIRTH;6 WEEKS;10 WEEKS;14 WEEKS,WHO/UNICEF Joint Reporting Form on Immunization
MCO,Monaco,EUR,2023,MCV,Measles-containing vaccine,2,INFANTS;CHILDREN,Infants And Children,NATIONWIDE,9 MONTHS;18 MONTHS,WHO/UNICEF Joint Reporting Form on Immunization
MCO,Monaco,EUR,2023,HEPB,Hepatitis B vaccine,3,INFANTS,Infants,NATIONWIDE,6 WEEKS;10 WEEKS;14 WEEKS,WHO/UNICEF Joint Reporting Form on Immunization
MCO,Monaco,EUR,2023,HIB,Haemophilus influenzae type b vaccine,3,INFANTS,Infants,NATIONWIDE,6 WEEKS;10 WEEKS;14 WEEKS,WHO/UNICEF Joint Reporting Form on Immunization
MCO,Monaco,EUR,2023,PCV,Pneumococcal conjugate vaccine,3,INFANTS,Infants,NATIONWIDE,6 WEEKS;10 WEEKS;14 WEEKS,WHO/UNICEF Joint Reporting Form on Immunization
MCO,Monaco,EUR,2023,ROTA,Rotavirus vaccine,2,INFANTS,Infants,NATIONWIDE,6 WEEKS;10 WEEKS,WHO/UNICEF Joint Reporting Form on Immunization
MDA,Republic of Moldova,EUR,2023,BCG,Bacille Calmette-Guerin vaccine,1,INFANTS,Infants,NATIONWIDE,AT BIRTH,WHO/UNICEF Joint Reporting Form on Immunization
MDA,Republic of Moldova,EUR,2023,DTP,Diphtheria-tetanus-pertussis vaccine,3,INFANTS,Infants,NATIONWIDE,6 WEEKS;10 WEEKS;14 WEEKS,WHO/UNICEF Joint Reporting Form on Immunization
MDA,Republic of Moldova,EUR,2023,OPV,Oral polio vaccine,4,INFANTS,Infants,NATIONWIDE,AT BIRTH;6 WEEKS;10 WEEKS;14 WEEKS,WHO/UNICEF Joint Reporting Form on Immunization
MDA,Republic of Moldova,EUR,2023,MCV,Measles-containing vaccine,2,INFANTS;CHILDREN,Infants And Children,NATIONWIDE,9 MONTHS;18 MONTHS,WHO/UNICEF Joint Reporting Form on Immunization
MDA,Republic of Moldova,EUR,2023,HEPB,Hepatitis B vaccine,3,INFANTS,Infants,NATIONWIDE,6 WEEKS;10 WEEKS;14 WEEKS,WHO/UNICEF Joint Reporting Form on Immunization
MDA,Republic of Moldova,EUR,2023,HIB,Haemophilus influenzae type b vaccine,3,INFANTS,Infants,NATIONWIDE,6 WEEKS;10 WEEKS;14 WEEKS,WHO/UNICEF Joint Reporting Form on Immunization
MDA,Republic of Moldova,EUR,2023,PCV,Pneumococcal conjugate vaccine,3,INFANTS,Infants,NATIONWIDE,6 WEEKS;10 WEEKS;14 WEEKS,WHO/UNICEF Joint Reporting Form on Immunization
MDA,Republic of Moldova,EUR,2023,ROTA,Rotavirus vaccine,2,INFANTS,Infants,NATIONWIDE,6 WEEKS;10 WEEKS,WHO/UNICEF Joint Reporting Form on Immunization
MDG,Madagascar,AFR,2023,BCG,Bacille Calmette-Guerin vaccine,1,INFANTS,Infants,NATIONWIDE,AT BIRTH,WHO/UNICEF Joint Reporting Form on Immunization
MDG,Madagascar,AFR,2023,DTP,Diphtheria-tetanus-pertussis vaccine,3,INFANTS,Infants,NATIONWIDE,6 WEEKS;10 WEEKS;14 WEEKS,WHO/UNICEF Joint Reporting Form on Immunization
MDG,Madagascar,AFR,2023,OPV,Oral polio vaccine,3,INFANTS,Infants,NATIONWIDE,AT BIRTH;6 WEEKS;10 WEEKS,WHO/UNICEF Joint Reporting Form on Immunization
MDG,Madagascar,AFR,2023,MCV,Measles-containing vaccine,2,INFANTS;CHILDREN,Infants And Children,NATIONWIDE,9 MONTHS;18 MONTHS,WHO/UNICEF Joint Reporting Form on Immunization
MDG,Madagascar,AFR,2023,HEPB,Hepatitis B vaccine,3,INFANTS,Infants,NATIONWIDE,6 WEEKS;10 WEEKS;14 WEEKS,WHO/UNICEF Joint Reporting Form on Immunization
MDG,Madagascar,AFR,2023,HIB,Haemophilus influenzae type b vaccine,3,INFANTS,Infants,NATIONWIDE,6 WEEKS;10 WEEKS;14 WEEKS,WHO/UNICEF Joint Reporting Form on Immunization
MDG,Madagascar,AFR,2023,PCV,Pneumococcal conjugate vaccine,3,INFANTS,Infants,NATIONWIDE,6 WEEKS;10 WEEKS;14 WEEKS,WHO/UNICEF Joint Reporting Form on Immunization
MDG,Madagascar,AFR,2023,ROTA,Rotavirus vaccine,2,INFANTS,Infants,NATIONWIDE,6 WEEKS;10 WEEKS,WHO/UNICEF Joint Reporting Form on Immunization
MDV,Maldives,SEAR,2023,BCG,Bacille Calmette-Guerin vaccine,1,INFANTS,Infants,NATIONWIDE,AT BIRTH,WHO/UNICEF Joint Reporting Form on Immunization
MDV,Maldives,SEAR,2023,DTP,Diphtheria-tetanus-pertussis vaccine,3,INFANTS,Infants,NATIONWIDE,6 WEEKS;10 WEEKS;14 WEEKS,WHO/UNICEF Joint Reporting Form on Immunization
MDV,Maldives,SEAR,2023,OPV,Oral polio vaccine,4,INFANTS,Infants,NATIONWIDE,AT BIRTH;6 WEEKS;10 WEEKS;14 WEEKS,WHO/UNICEF Joint Reporting Form on Immunization
MDV,Maldives,SEAR,2023,MCV,Measles-containing vaccine,2,INFANTS;CHILDREN,Infants And Children,NATIONWIDE,9 MONTHS;18 MONTHS,WHO/UNICEF Joint Reporting Form on Immunization
MDV,Maldives,SEAR,2023,HEPB,Hepatitis B vaccine,3,INFANTS,Infants,NATIONWIDE,6 WEEKS;10 WEEKS;14 WEEKS,WHO/UNICEF Joint Reporting Form on Immunization
MDV,Maldives,SEAR,2023,HIB,Haemophilus influenzae type b vaccine,2,INFANTS,Infants,NATIONWIDE,6 WEEKS;10 WEEKS,WHO/UNICEF Joint Reporting Form on Immunization
MDV,Maldives,SEAR,2023,PCV,Pneumococcal conjugate vaccine,3,INFANTS,Infants,NATIONWIDE,6 WEEKS;10 WEEKS;14 WEEKS,WHO/UNICEF Joint Reporting Form on Immunization
MDV,Maldives,SEAR,2023,ROTA,Rotavirus vaccine,2,INFANTS,Infants,NATIONWIDE,6 WEEKS;10 WEEKS,WHO/UNICEF Joint Reporting Form on Immunization
MEX,Mexico,AMR,2023,BCG,Bacille Calmette-Guerin vaccine,1,INFANTS,Infants,NATIONWIDE,AT BIRTH,WHO/UNICEF Joint Reporting Form on Immunization
MEX,Mexico,AMR,2023,DTP,Diphtheria-tetanus-pertussis vaccine,3,INFANTS,Infants,NATIONWIDE,6 WEEKS;10 WEEKS;14 WEEKS,WHO/UNICEF Joint Reporting Form on Immunization
MEX,Mexico,AMR,2023,OPV,Oral polio vaccine,4,INFANTS,Infants,NATIONWIDE,AT BIRTH;6 WEEKS;10 WEEKS;14 WEEKS,WHO/UNICEF Joint Reporting Form on Immunization
MEX,Mexico,AMR,2023,MCV,Measles-containing vaccine,1,INFANTS;CHILDREN,Infants And Children,NATIONWIDE,9 MONTHS,WHO/UNICEF Joint Reporting Form on Immunization
MEX,Mexico,AMR,2023,HEPB,Hepatitis B vaccine,3,INFANTS,Infants,NATIONWIDE,6 WEEKS;10 WEEKS;14 WEEKS,WHO/UNICEF Joint Reporting Form on Immunization
MEX,Mexico,AMR,2023,HIB,Haemophilus influenzae type b vaccine,3,INFANTS,Infants,NATIONWIDE,6 WEEKS;10 WEEKS;14 WEEKS,WHO/UNICEF Joint Reporting Form on Immunization
MEX,Mexico,AMR,2023,PCV,Pneumococcal conjugate vaccine,3,INFANTS,Infants,NATIONWIDE,6 WEEKS;10 WEEKS;14 WEEKS,WHO/UNICEF Joint Reporting Form on Immunization
MEX,Mexico,AMR,2023,ROTA,Rotavirus vaccine,2,INFANTS,Infants,NATIONWIDE,6 WEEKS;10 WEEKS,WHO/UNICEF Joint Reporting Form on Immunization
MHL,Marshall Islands,WPR,2023,BCG,Bacille Calmette-Guerin vaccine,1,INFANTS,Infants,NATIONWIDE,AT BIRTH,WHO/UNICEF Joint Reporting Form on Immunization
MHL,Marshall Islands,WPR,2023,DTP,Diphtheria-tetanus-pertussis vaccine,3,INFANTS,Infants,NATIONWIDE,6 WEEKS;10 WEEKS;14 WEEKS,WHO/UNICEF Joint Reporting Form on Immunization
MHL,Marshall Islands,WPR,2023,OPV,Oral polio vaccine,4,INFANTS,Infants,NATIONWIDE,AT BIRTH;6 WEEKS;10 WEEKS;14 WEEKS,WHO/UNICEF Joint Reporting Form on Immunization
MHL,Marshall Islands,WPR,2023,MCV,Measles-containing vaccine,2,INFANTS;CHILDREN,Infants And Children,NATIONWIDE,9 MONTHS;18 MONTHS,WHO/UNICEF Joint Reporting Form on Immunization
MHL,Marshall Islands,WPR,2023,HEPB,Hepatitis B vaccine,3,INFANTS,Infants,NATIONWIDE,6 WEEKS;10 WEEKS;14 WEEKS,WHO/UNICEF Joint Reporting Form on Immunization
MHL,Marshall Islands,WPR,2023,HIB,Haemophilus influenzae type b vaccine,2,INFANTS,Infants,NATIONWIDE,6 WEEKS;10 WEEKS,WHO/UNICEF Joint Reporting Form on Immunization
MHL,Marshall Islands,WPR,2023,PCV,Pneumococcal conjugate vaccine,3,INFANTS,Infants,NATIONWIDE,6 WEEKS;10 WEEKS;14 WEEKS,WHO/UNICEF Joint Reporting Form on Immunization
MHL,Marshall Islands,WPR,2023,ROTA,Rotavirus vaccine,1,INFANTS,Infants,NATIONWIDE,6 WEEKS,WHO/UNICEF Joint Reporting Form on Immunization
MKD,North Macedonia,EUR,2023,BCG,Bacille Calmette-Guerin vaccine,1,INFANTS,Infants,NATIONWIDE,AT BIRTH,WHO/UNICEF Joint Reporting Form on Immunization
MKD,North Macedonia,EUR,2023,DTP,Diphtheria-tetanus-pertussis vaccine,3,INFANTS,Infants,NATIONWIDE,6 WEEKS;10 WEEKS;14 WEEKS,WHO/UNICEF Joint Reporting Form on Immunization
MKD,North Macedonia,EUR,2023,OPV,Oral polio vaccine,4,INFANTS,Infants,NATIONWIDE,AT BIRTH;6 WEEKS;10 WEEKS;14 WEEKS,WHO/UNICEF Joint Reporting Form on Immunization
MKD,North Macedonia,EUR,2023,MCV,Measles-containing vaccine,2,INFANTS;CHILDREN,Infants And Children,NATIONWIDE,9 MONTHS;18 MONTHS,WHO/UNICEF Joint Reporting Form on Immunization
MKD,North Macedonia,EUR,2023,HEPB,Hepatitis B vaccine,3,INFANTS,Infants,NATIONWIDE,6 WEEKS;10 WEEKS;14 WEEKS,WHO/UNICEF Joint Reporting Form on Immunization
MKD,North Macedonia,EUR,2023,HIB,Haemophilus influenzae type b vaccine,3,INFANTS,Infants,NATIONWIDE,6 WEEKS;10 WEEKS;14 WEEKS,WHO/UNICEF Joint Reporting Form on Immunization
MKD,North Macedonia,EUR,2023,PCV,Pneumococcal conjugate vaccine,3,INFANTS,Infants,NATIONWIDE,6 WEEKS;10 WEEKS;14 WEEKS,WHO/UNICEF Joint Reporting Form on Immunization
MKD,North Macedonia,EUR,2023,ROTA,Rotavirus vaccine,2,INFANTS,Infants,NATIONWIDE,6 WEEKS;10 WEEKS,WHO/UNICEF Joint Reporting Form on Immunization
MLI,Mali,AFR,2023,BCG,Bacille Calmette-Guerin vaccine,1,INFANTS,Infants,NATIONWIDE,AT BIRTH,WHO/UNICEF Joint Reporting Form on Immunization
MLI,Mali,AFR,2023,DTP,Diphtheria-tetanus-pertussis vaccine,2,INFANTS,Infants,NATIONWIDE,6 WEEKS;10 WEEKS,WHO/UNICEF Joint Reporting Form on Immunization
MLI,Mali,AFR,2023,OPV,Oral polio vaccine,4,INFANTS,Infants,NATIONWIDE,AT BIRTH;6 WEEKS;10 WEEKS;14 WEEKS,WHO/UNICEF Joint Reporting Form on Immunization
MLI,Mali,AFR,2023,MCV,Measles-containing vaccine,2,INFANTS;CHILDREN,Infants And Children,NATIONWIDE,9 MONTHS;18 MONTHS,WHO/UNICEF Joint Reporting Form on Immunization
MLI,Mali,AFR,2023,HEPB,Hepatitis B vaccine,2,INFANTS,Infants,NATIONWIDE,6 WEEKS;10 WEEKS,WHO/UNICEF Joint Reporting Form on Immunization
MLI,Mali,AFR,2023,HIB,Haemophilus influenzae type b vaccine,3,INFANTS,Infants,NATIONWIDE,6 WEEKS;10 WEEKS;14 WEEKS,WHO/UNICEF Joint Reporting Form on Immunization
MLI,Mali,AFR,2023,PCV,Pneumococcal conjugate vaccine,3,INFANTS,Infants,NATIONWIDE,6 WEEKS;10 WEEKS;14 WEEKS,WHO/UNICEF Joint Reporting Form on Immunization
MLI,Mali,AFR,2023,ROTA,Rotavirus vaccine,1,INFANTS,Infants,NATIONWIDE,6 WEEKS,WHO/UNICEF Joint Reporting Form on Immunization
MLT,Malta,EUR,2023,BCG,Bacille Calmette-Guerin vaccine,1,INFANTS,Infants,NATIONWIDE,AT BIRTH,WHO/UNICEF Joint Reporting Form on Immunization
MLT,Malta,EUR,2023,DTP,Diphtheria-tetanus-pertussis vaccine,3,INFANTS,Infants,NATIONWIDE,6 WEEKS;10 WEEKS;14 WEEKS,WHO/UNICEF Joint Reporting Form on Immunization
MLT,Malta,EUR,2023,OPV,Oral polio vaccine,4,INFANTS,Infants,NATIONWIDE,AT BIRTH;6 WEEKS;10 WEEKS;14 WEEKS,WHO/UNICEF Joint Reporting Form on Immunization
MLT,Malta,EUR,2023,MCV,Measles-containing vaccine,1,INFANTS;CHILDREN,Infants And Children,NATIONWIDE,9 MONTHS,WHO/UNICEF Joint Reporting Form on Immunization
MLT,Malta,EUR,2023,HEPB,Hepatitis B vaccine,3,INFANTS,Infants,NATIONWIDE,6 WEEKS;10 WEEKS;14 WEEKS,WHO/UNICEF Joint Reporting Form on Immunization
MLT,Malta,EUR,2023,HIB,Haemophilus influenzae type b vaccine,3,INFANTS,Infants,NATIONWIDE,6 WEEKS;10 WEEKS;14 WEEKS,WHO/UNICEF Joint Reporting Form on Immunization
MLT,Malta,EUR,2023,PCV,Pneumococcal conjugate vaccine,3,INFANTS,Infants,NATIONWIDE,6 WEEKS;10 WEEKS;14 WEEKS,WHO/UNICEF Joint Reporting Form on Immunization
MLT,Malta,EUR,2023,ROTA,Rotavirus vaccine,2,INFANTS,Infants,NATIONWIDE,6 WEEKS;10 WEEKS,WHO/UNICEF Joint Reporting Form on Immunization
MMR,Myanmar,SEAR,2023,BCG,Bacille Calmette-Guerin vaccine,1,INFANTS,Infants,NATIONWIDE,AT BIRTH,WHO/UNICEF Joint Reporting Form on Immunization
MMR,Myanmar,SEAR,2023,DTP,Diphtheria-tetanus-pertussis vaccine,3,INFANTS,Infants,NATIONWIDE,6 WEEKS;10 WEEKS;14 WEEKS,WHO/UNICEF Joint Reporting Form on Immunization
MMR,Myanmar,SEAR,2023,OPV,Oral polio vaccine,3,INFANTS,Infants,NATIONWIDE,AT BIRTH;6 WEEKS;10 WEEKS,WHO/UNICEF Joint Reporting Form on Immunization
MMR,Myanmar,SEAR,2023,MCV,Measles-containing vaccine,2,INFANTS;CHILDREN,Infants And Children,NATIONWIDE,9 MONTHS;18 MONTHS,WHO/UNICEF Joint Reporting Form on Immunization
MMR,Myanmar,SEAR,2023,HEPB,Hepatitis B vaccine,3,INFANTS,Infants,NATIONWIDE,6 WEEKS;10 WEEKS;14 WEEKS,WHO/UNICEF Joint Reporting Form on Immunization
MMR,Myanmar,SEAR,2023,HIB,Haemophilus influenzae type b vaccine,3,INFANTS,Infants,NATIONWIDE,6 WEEKS;10 WEEKS;14 WEEKS,WHO/UNICEF Joint Reporting Form on Immunization
MMR,Myanmar,SEAR,2023,PCV,Pneumococcal conjugate vaccine,3,INFANTS,Infants,NATIONWIDE,6 WEEKS;10 WEEKS;14 WEEKS,WHO/UNICEF Joint Reporting Form on Immunization
MMR,Myanmar,SEAR,2023,ROTA,Rotavirus vaccine,2,INFANTS,Infants,NATIONWIDE,6 WEEKS;10 WEEKS,WHO/UNICEF Joint Reporting Form on Immunization
MNE,Montenegro,EUR,2023,BCG,Bacille Calmette-Guerin vaccine,1,INFANTS,Infants,NATIONWIDE,AT BIRTH,WHO/UNICEF Joint Reporting Form on Immunization
MNE,Montenegro,EUR,2023,DTP,Diphtheria-tetanus-pertussis vaccine,3,INFANTS,Infants,NATIONWIDE,6 WEEKS;10 WEEKS;14 WEEKS,WHO/UNICEF Joint Reporting Form on Immunization
MNE,Montenegro,EUR,2023,OPV,Oral polio vaccine,4,INFANTS,Infants,NATIONWIDE,AT BIRTH;6 WEEKS;10 WEEKS;14 WEEKS,WHO/UNICEF Joint Reporting Form on Immunization
MNE,Montenegro,EUR,2023,MCV,Measles-containing vaccine,2,INFANTS;CHILDREN,Infants And Children,NATIONWIDE,9 MONTHS;18 MONTHS,WHO/UNICEF Joint Reporting Form on Immunization
MNE,Montenegro,EUR,2023,HEPB,Hepatitis B vaccine,3,INFANTS,Infants,NATIONWIDE,6 WEEKS;10 WEEKS;14 WEEKS,WHO/UNICEF Joint Reporting Form on Immunization
MNE,Montenegro,EUR,2023,HIB,Haemophilus influenzae type b vaccine,3,INFANTS,Infants,NATIONWIDE,6 WEEKS;10 WEEKS;14 WEEKS,WHO/UNICEF Joint Reporting Form on Immunization
MNE,Montenegro,EUR,2023,PCV,Pneumococcal conjugate vaccine,2,INFANTS,Infants,NATIONWIDE,6 WEEKS;10 WEEKS,WHO/UNICEF Joint Reporting Form on Immunization
MNE,Montenegro,EUR,2023,ROTA,Rotavirus vaccine,2,INFANTS,Infants,NATIONWIDE,6 WEEKS;10 WEEKS,WHO/UNICEF Joint Reporting Form on Immunization
MNG,Mongolia,WPR,2023,BCG,Bacille Calmette-Guerin vaccine,1,INFANTS,Infants,NATIONWIDE,AT BIRTH,WHO/UNICEF Joint Reporting Form on Immunization
MNG,Mongolia,WPR,2023,DTP,Diphtheria-tetanus-pertussis vaccine,2,INFANTS,Infants,NATIONWIDE,6 WEEKS;10 WEEKS,WHO/UNICEF Joint Reporting Form on Immunization
MNG,Mongolia,WPR,2023,OPV,Oral polio vaccine,4,INFANTS,Infants,NATIONWIDE,AT BIRTH;6 WEEKS;10 WEEKS;14 WEEKS,WHO/UNICEF Joint Reporting Form on Immunization
MNG,Mongolia,WPR,2023,MCV,Measles-containing vaccine,1,INFANTS;CHILDREN,Infants And Children,NATIONWIDE,9 MONTHS,WHO/UNICEF Joint Reporting Form on Immunization
MNG,Mongolia,WPR,2023,HEPB,Hepatitis B vaccine,3,INFANTS,Infants,NATIONWIDE,6 WEEKS;10 WEEKS;14 WEEKS,WHO/UNICEF Joint Reporting Form on Immunization
MNG,Mongolia,WPR,2023,HIB,Haemophilus influenzae type b vaccine,3,INFANTS,Infants,NATIONWIDE,6 WEEKS;10 WEEKS;14 WEEKS,WHO/UNICEF Joint Reporting Form on Immunization
MNG,Mongolia,WPR,2023,PCV,Pneumococcal conjugate vaccine,3,INFANTS,Infants,NATIONWIDE,6 WEEKS;10 WEEKS;14 WEEKS,WHO/UNICEF Joint Reporting Form on Immunization
MNG,Mongolia,WPR,2023,ROTA,Rotavirus vaccine,2,INFANTS,Infants,NATIONWIDE,6 WEEKS;10 WEEKS,WHO/UNICEF Joint Reporting Form on Immunization
MNP,Northern Mariana Islands,WPR,2023,BCG,Bacille Calmette-Guerin vaccine,1,INFANTS,Infants,NATIONWIDE,AT BIRTH,WHO/UNICEF Joint Reporting Form on Immunization
MNP,Northern Mariana Islands,WPR,2023,DTP,Diphtheria-tetanus-pertussis vaccine,3,INFANTS,Infants,NATIONWIDE,6 WEEKS;10 WEEKS;14 WEEKS,WHO/UNICEF Joint Reporting Form on Immunization
MNP,Northern Mariana Islands,WPR,2023,OPV,Oral polio vaccine,4,INFANTS,Infants,NATIONWIDE,AT BIRTH;6 WEEKS;10 WEEKS;14 WEEKS,WHO/UNICEF Joint Reporting Form on Immunization
MNP,Northern Mariana Islands,WPR,2023,MCV,Measles-containing vaccine,2,INFANTS;CHILDREN,Infants And Children,NATIONWIDE,9 MONTHS;18 MONTHS,WHO/UNICEF Joint Reporting Form on Immunization
MNP,Northern Mariana Islands,WPR,2023,HEPB,Hepatitis B vaccine,3,INFANTS,Infants,NATIONWIDE,6 WEEKS;10 WEEKS;14 WEEKS,WHO/UNICEF Joint Reporting Form on Immunization
MNP,Northern Mariana Islands,WPR,2023,HIB,Haemophilus influenzae type b vaccine,3,INFANTS,Infants,NATIONWIDE,6 WEEKS;10 WEEKS;14 WEEKS,WHO/UNICEF Joint Reporting Form on Immunization
MNP,Northern Mariana Islands,WPR,2023,PCV,Pneumococcal conjugate vaccine,3,INFANTS,Infants,NATIONWIDE,6 WEEKS;10 WEEKS;14 WEEKS,WHO/UNICEF Joint Reporting Form on Immunization
MNP,Northern Mariana Islands,WPR,2023,ROTA,Rotavirus vaccine,2,INFANTS,Infants,NATIONWIDE,6 WEEKS;10 WEEKS,WHO/UNICEF Joint Reporting Form on Immunization
MOZ,Mozambique,AFR,2023,BCG,Bacille Calmette-Guerin vaccine,1,INFANTS,Infants,NATIONWIDE,AT BIRTH,WHO/UNICEF Joint Reporting Form on Immunization
MOZ,Mozambique,AFR,2023,DTP,Diphtheria-tetanus-pertussis vaccine,3,INFANTS,Infants,NATIONWIDE,6 WEEKS;10 WEEKS;14 WEEKS,WHO/UNICEF Joint Reporting Form on Immunization
MOZ,Mozambique,AFR,2023,OPV,Oral polio vaccine,4,INFANTS,Infants,NATIONWIDE,AT BIRTH;6 WEEKS;10 WEEKS;14 WEEKS,WHO/UNICEF Joint Reporting Form on Immunization
MOZ,Mozambique,AFR,2023,MCV,Measles-containing vaccine,2,INFANTS;CHILDREN,Infants And Children,NATIONWIDE,9 MONTHS;18 MONTHS,WHO/UNICEF Joint Reporting Form on Immunization
MOZ,Mozambique,AFR,2023,HEPB,Hepatitis B vaccine,3,INFANTS,Infants,NATIONWIDE,6 WEEKS;10 WEEKS;14 WEEKS,WHO/UNICEF Joint Reporting Form on Immunization
MOZ,Mozambique,AFR,2023,HIB,Haemophilus influenzae type b vaccine,3,INFANTS,Infants,NATIONWIDE,6 WEEKS;10 WEEKS;14 WEEKS,WHO/UNICEF Joint Reporting Form on Immunization
MOZ,Mozambique,AFR,2023,PCV,Pneumococcal conjugate vaccine,3,INFANTS,Infants,NATIONWIDE,6 WEEKS;10 WEEKS;14 WEEKS,WHO/UNICEF Joint Reporting Form on Immunization
MOZ,Mozambique,AFR,2023,ROTA,Rotavirus vaccine,2,INFANTS,Infants,NATIONWIDE,6 WEEKS;10 WEEKS,WHO/UNICEF Joint Reporting Form on Immunization
MRT,Mauritania,AFR,2023,BCG,Bacille Calmette-Guerin vaccine,1,INFANTS,Infants,NATIONWIDE,AT BIRTH,WHO/UNICEF Joint Reporting Form on Immunization
MRT,Mauritania,AFR,2023,DTP,Diphtheria-tetanus-pertussis vaccine,3,INFANTS,Infants,NATIONWIDE,6 WEEKS;10 WEEKS;14 WEEKS,WHO/UNICEF Joint Reporting Form on Immunization
MRT,Mauritania,AFR,2023,OPV,Oral polio vaccine,4,INFANTS,Infants,NATIONWIDE,AT BIRTH;6 WEEKS;10 WEEKS;14 WEEKS,WHO/UNICEF Joint Reporting Form on Immunization
MRT,Mauritania,AFR,2023,MCV,Measles-containing vaccine,2,INFANTS;CHILDREN,Infants And Children,NATIONWIDE,9 MONTHS;18 MONTHS,WHO/UNICEF Joint Reporting Form on Immunization
MRT,Mauritania,AFR,2023,HEPB,Hepatitis B vaccine,3,INFANTS,Infants,NATIONWIDE,6 WEEKS;10 WEEKS;14 WEEKS,WHO/UNICEF Joint Reporting Form on Immunization
MRT,Mauritania,AFR,2023,HIB,Haemophilus influenzae type b vaccine,3,INFANTS,Infants,NATIONWIDE,6 WEEKS;10 WEEKS;14 WEEKS,WHO/UNICEF Joint Reporting Form on Immunization
MRT,Mauritania,AFR,2023,PCV,Pneumococcal conjugate vaccine,3,INFANTS,Infants,NATIONWIDE,6 WEEKS;10 WEEKS;14 WEEKS,WHO/UNICEF Joint Reporting Form on Immunization
MRT,Mauritania,AFR,2023,ROTA,Rotavirus vaccine,2,INFANTS,Infants,NATIONWIDE,6 WEEKS;10 WEEKS,WHO/UNICEF Joint Reporting Form on Immunization
MSR,Montserrat,AMR,2023,BCG,Bacille Calmette-Guerin vaccine,1,INFANTS,Infants,NATIONWIDE,AT BIRTH,WHO/UNICEF Joint Reporting Form on Immunization
MSR,Montserrat,AMR,2023,DTP,Diphtheria-tetanus-pertussis vaccine,3,INFANTS,Infants,NATIONWIDE,6 WEEKS;10 WEEKS;14 WEEKS,WHO/UNICEF Joint Reporting Form on Immunization
MSR,Montserrat,AMR,2023,OPV,Oral polio vaccine,4,INFANTS,Infants,NATIONWIDE,AT BIRTH;6 WEEKS;10 WEEKS;14 WEEKS,WHO/UNICEF Joint Reporting Form on Immunization
MSR,Montserrat,AMR,2023,MCV,Measles-containing vaccine,1,INFANTS;CHILDREN,Infants And Children,NATIONWIDE,9 MONTHS,WHO/UNICEF Joint Reporting Form on Immunization
MSR,Montserrat,AMR,2023,HEPB,Hepatitis B vaccine,3,INFANTS,Infants,NATIONWIDE,6 WEEKS;10 WEEKS;14 WEEKS,WHO/UNICEF Joint Reporting Form on Immunization
MSR,Montserrat,AMR,2023,HIB,Haemophilus influenzae type b vaccine,3,INFANTS,Infants,NATIONWIDE,6 WEEKS;10 WEEKS;14 WEEKS,WHO/UNICEF Joint Reporting Form on Immunization
MSR,Montserrat,AMR,2023,PCV,Pneumococcal conjugate vaccine,3,INFANTS,Infants,NATIONWIDE,6 WEEKS;10 WEEKS;14 WEEKS,WHO/UNICEF Joint Reporting Form on Immunization
MSR,Montserrat,AMR,2023,ROTA,Rotavirus vaccine,1,INFANTS,Infants,NATIONWIDE,6 WEEKS,WHO/UNICEF Joint Reporting Form on Immunization
MTQ,Martinique,AMR,2023,BCG,Bacille Calmette-Guerin vaccine,1,INFANTS,Infants,NATIONWIDE,AT BIRTH,WHO/UNICEF Joint Reporting Form on Immunization
MTQ,Martinique,AMR,2023,DTP,Diphtheria-tetanus-pertussis vaccine,2,INFANTS,Infants,NATIONWIDE,6 WEEKS;10 WEEKS,WHO/UNICEF Joint Reporting Form on Immunization
MTQ,Martinique,AMR,2023,OPV,Oral polio vaccine,4,INFANTS,Infants,NATIONWIDE,AT BIRTH;6 WEEKS;10 WEEKS;14 WEEKS,WHO/UNICEF Joint Reporting Form on Immunization
MTQ,Martinique,AMR,2023,MCV,Measles-containing vaccine,2,INFANTS;CHILDREN,Infants And Children,NATIONWIDE,9 MONTHS;18 MONTHS,WHO/UNICEF Joint Reporting Form on Immunization
MTQ,Martinique,AMR,2023,HEPB,Hepatitis B vaccine,3,INFANTS,Infants,NATIONWIDE,6 WEEKS;10 WEEKS;14 WEEKS,WHO/UNICEF Joint Reporting Form on Immunization
MTQ,Martinique,AMR,2023,HIB,Haemophilus influenzae type b vaccine,3,INFANTS,Infants,NATIONWIDE,6 WEEKS;10 WEEKS;14 WEEKS,WHO/UNICEF Joint Reporting Form on Immunization
MTQ,Martinique,AMR,2023,PCV,Pneumococcal conjugate vaccine,3,INFANTS,Infants,NATIONWIDE,6 WEEKS;10 WEEKS;14 WEEKS,WHO/UNICEF Joint Reporting Form on Immunization
MTQ,Martinique,AMR,2023,ROTA,Rotavirus vaccine,1,INFANTS,Infants,NATIONWIDE,6 WEEKS,WHO/UNICEF Joint Reporting Form on Immunization
MUS,Mauritius,AFR,2023,BCG,Bacille Calmette-Guerin vaccine,1,INFANTS,Infants,NATIONWIDE,AT BIRTH,WHO/UNICEF Joint Reporting Form on Immunization
MUS,Mauritius,AFR,2023,DTP,Diphtheria-tetanus-pertussis vaccine,2,INFANTS,Infants,NATIONWIDE,6 WEEKS;10 WEEKS,WHO/UNICEF Joint Reporting Form on Immunization
MUS,Mauritius,AFR,2023,OPV,Oral polio vaccine,4,INFANTS,Infants,NATIONWIDE,AT BIRTH;6 WEEKS;10 WEEKS;14 WEEKS,WHO/UNICEF Joint Reporting Form on Immunization
MUS,Mauritius,AFR,2023,MCV,Measles-containing vaccine,2,INFANTS;CHILDREN,Infants And Children,NATIONWIDE,9 MONTHS;18 MONTHS,WHO/UNICEF Joint Reporting Form on Immunization
MUS,Mauritius,AFR,2023,HEPB,Hepatitis B vaccine,3,INFANTS,Infants,NATIONWIDE,6 WEEKS;10 WEEKS;14 WEEKS,WHO/UNICEF Joint Reporting Form on Immunization
MUS,Mauritius,AFR,2023,HIB,Haemophilus influenzae type b vaccine,3,INFANTS,Infants,NATIONWIDE,6 WEEKS;10 WEEKS;14 WEEKS,WHO/UNICEF Joint Reporting Form on Immunization
MUS,Mauritius,AFR,2023,PCV,Pneumococcal conjugate vaccine,3,INFANTS,Infants,NATIONWIDE,6 WEEKS;10 WEEKS;14 WEEKS,WHO/UNICEF Joint Reporting Form on Immunization
MUS,Mauritius,AFR,2023,ROTA,Rotavirus vaccine,2,INFANTS,Infants,NATIONWIDE,6 WEEKS;10 WEEKS,WHO/UNICEF Joint Reporting Form on Immunization
MWI,Malawi,AFR,2023,BCG,Bacille Calmette-Guerin vaccine,1,INFANTS,Infants,NATIONWIDE,AT BIRTH,WHO/UNICEF Joint Reporting Form on Immunization
MWI,Malawi,AFR,2023,DTP,Diphtheria-tetanus-pertussis vaccine,3,INFANTS,Infants,NATIONWIDE,6 WEEKS;10 WEEKS;14 WEEKS,WHO/UNICEF Joint Reporting Form on Immunization
MWI,Malawi,AFR,2023,OPV,Oral polio vaccine,4,INFANTS,Infants,NATIONWIDE,AT BIRTH;6 WEEKS;10 WEEKS;14 WEEKS,WHO/UNICEF Joint Reporting Form on Immunization
MWI,Malawi,AFR,2023,MCV,Measles-containing vaccine,2,INFANTS;CHILDREN,Infants And Children,NATIONWIDE,9 MONTHS;18 MONTHS,WHO/UNICEF Joint Reporting Form on Immunization
MWI,Malawi,AFR,2023,HEPB,Hepatitis B vaccine,3,INFANTS,Infants,NATIONWIDE,6 WEEKS;10 WEEKS;14 WEEKS,WHO/UNICEF Joint Reporting Form on Immunization
MWI,Malawi,AFR,2023,HIB,Haemophilus influenzae type b vaccine,3,INFANTS,Infants,NATIONWIDE,6 WEEKS;10 WEEKS;14 WEEKS,WHO/UNICEF Joint Reporting Form on Immunization
MWI,Malawi,AFR,2023,PCV,Pneumococcal conjugate vaccine,3,INFANTS,Infants,NATIONWIDE,6 WEEKS;10 WEEKS;14 WEEKS,WHO/UNICEF Joint Reporting Form on Immunization
MWI,Malawi,AFR,2023,ROTA,Rotavirus vaccine,2,INFANTS,Infants,NATIONWIDE,6 WEEKS;10 WEEKS,WHO/UNICEF Joint Reporting Form on Immunization
MYS,Malaysia,WPR,2023,BCG,Bacille Calmette-Guerin vaccine,1,INFANTS,Infants,NATIONWIDE,AT BIRTH,WHO/UNICEF Joint Reporting Form on Immunization
MYS,Malaysia,WPR,2023,DTP,Diphtheria-tetanus-pertussis vaccine,3,INFANTS,Infants,NATIONWIDE,6 WEEKS;10 WEEKS;14 WEEKS,WHO/UNICEF Joint Reporting Form on Immunization
MYS,Malaysia,WPR,2023,OPV,Oral polio vaccine,4,INFANTS,Infants,NATIONWIDE,AT BIRTH;6 WEEKS;10 WEEKS;14 WEEKS,WHO/UNICEF Joint Reporting Form on Immunization
MYS,Malaysia,WPR,2023,MCV,Measles-containing vaccine,1,INFANTS;CHILDREN,Infants And Children,NATIONWIDE,9 MONTHS,WHO/UNICEF Joint Reporting Form on Immunization
MYS,Malaysia,WPR,2023,HEPB,Hepatitis B vaccine,3,INFANTS,Infants,NATIONWIDE,6 WEEKS;10 WEEKS;14 WEEKS,WHO/UNICEF Joint Reporting Form on Immunization
MYS,Malaysia,WPR,2023,HIB,Haemophilus influenzae type b vaccine,2,INFANTS,Infants,NATIONWIDE,6 WEEKS;10 WEEKS,WHO/UNICEF Joint Reporting Form on Immunization
MYS,Malaysia,WPR,2023,PCV,Pneumococcal conjugate vaccine,3,INFANTS,Infants,NATIONWIDE,6 WEEKS;10 WEEKS;14 WEEKS,WHO/UNICEF Joint Reporting Form on Immunization
MYS,Malaysia,WPR,2023,ROTA,Rotavirus vaccine,2,INFANTS,Infants,NATIONWIDE,6 WEEKS;10 WEEKS,WHO/UNICEF Joint Reporting Form on Immunization
MYT,Mayotte,AFR,2023,BCG,Bacille Calmette-Guerin vaccine,1,INFANTS,Infants,NATIONWIDE,AT BIRTH,WHO/UNICEF Joint Reporting Form on Immunization
MYT,Mayotte,AFR,2023,DTP,Diphtheria-tetanus-pertussis vaccine,3,INFANTS,Infants,NATIONWIDE,6 WEEKS;10 WEEKS;14 WEEKS,WHO/UNICEF Joint Reporting Form on Immunization
MYT,Mayotte,AFR,2023,OPV,Oral polio vaccine,4,INFANTS,Infants,NATIONWIDE,AT BIRTH;6 WEEKS;10 WEEKS;14 WEEKS,WHO/UNICEF Joint Reporting Form on Immunization
MYT,Mayotte,AFR,2023,MCV,Measles-containing vaccine,2,INFANTS;CHILDREN,Infants And Children,NATIONWIDE,9 MONTHS;18 MONTHS,WHO/UNICEF Joint Reporting Form on Immunization
MYT,Mayotte,AFR,2023,HEPB,Hepatitis B vaccine,3,INFANTS,Infants,NATIONWIDE,6 WEEKS;10 WEEKS;14 WEEKS,WHO/UNICEF Joint Reporting Form on Immunization
MYT,Mayotte,AFR,2023,HIB,Haemophilus influenzae type b vaccine,3,INFANTS,Infants,NATIONWIDE,6 WEEKS;10 WEEKS;14 WEEKS,WHO/UNICEF Joint Reporting Form on Immunization
MYT,Mayotte,AFR,2023,PCV,Pneumococcal conjugate vaccine,3,INFANTS,Infants,NATIONWIDE,6 WEEKS;10 WEEKS;14 WEEKS,WHO/UNICEF Joint Reporting Form on Immunization
MYT,Mayotte,AFR,2023,ROTA,Rotavirus vaccine,2,INFANTS,Infants,NATIONWIDE,6 WEEKS;10 WEEKS,WHO/UNICEF Joint Reporting Form on Immunization
NAM,Namibia,AFR,2023,BCG,Bacille Calmette-Guerin vaccine,1,INFANTS,Infants,NATIONWIDE,AT BIRTH,WHO/UNICEF Joint Reporting Form on Immunization
NAM,Namibia,AFR,2023,DTP,Diphtheria-tetanus-pertussis vaccine,3,INFANTS,Infants,NATIONWIDE,6 WEEKS;10 WEEKS;14 WEEKS,WHO/UNICEF Joint Reporting Form on Immunization
NAM,Namibia,AFR,2023,OPV,Oral polio vaccine,4,INFANTS,Infants,NATIONWIDE,AT BIRTH;6 WEEKS;10 WEEKS;14 WEEKS,WHO/UNICEF Joint Reporting Form on Immunization
NAM,Namibia,AFR,2023,MCV,Measles-containing vaccine,2,INFANTS;CHILDREN,Infants And Children,NATIONWIDE,9 MONTHS;18 MONTHS,WHO/UNICEF Joint Reporting Form on Immunization
NAM,Namibia,AFR,2023,HEPB,Hepatitis B vaccine,3,INFANTS,Infants,NATIONWIDE,6 WEEKS;10 WEEKS;14 WEEKS,WHO/UNICEF Joint Reporting Form on Immunization
NAM,Namibia,AFR,2023,HIB,Haemophilus influenzae type b vaccine,3,INFANTS,Infants,NATIONWIDE,6 WEEKS;10 WEEKS;14 WEEKS,WHO/UNICEF Joint Reporting Form on Immunization
NAM,Namibia,AFR,2023,PCV,Pneumococcal conjugate vaccine,3,INFANTS,Infants,NATIONWIDE,6 WEEKS;10 WEEKS;14 WEEKS,WHO/UNICEF Joint Reporting Form on Immunization
NAM,Namibia,AFR,2023,ROTA,Rotavirus vaccine,2,INFANTS,Infants,NATIONWIDE,6 WEEKS;10 WEEKS,WHO/UNICEF Joint Reporting Form on Immunization
NCL,New Caledonia,WPR,2023,BCG,Bacille Calmette-Guerin vaccine,1,INFANTS,Infants,NATIONWIDE,AT BIRTH,WHO/UNICEF Joint Reporting Form on Immunization
NCL,New Caledonia,WPR,2023,DTP,Diphtheria-tetanus-pertussis vaccine,3,INFANTS,Infants,NATIONWIDE,6 WEEKS;10 WEEKS;14 WEEKS,WHO/UNICEF Joint Reporting Form on Immunization
NCL,New Caledonia,WPR,2023,OPV,Oral polio vaccine,4,INFANTS,Infants,NATIONWIDE,AT BIRTH;6 WEEKS;10 WEEKS;14 WEEKS,WHO/UNICEF Joint Reporting Form on Immunization
NCL,New Caledonia,WPR,2023,MCV,Measles-containing vaccine,2,INFANTS;CHILDREN,Infants And Children,NATIONWIDE,9 MONTHS;18 MONTHS,WHO/UNICEF Joint Reporting Form on Immunization
NCL,New Caledonia,WPR,2023,HEPB,Hepatitis B vaccine,3,INFANTS,Infants,NATIONWIDE,6 WEEKS;10 WEEKS;14 WEEKS,WHO/UNICEF Joint Reporting Form on Immunization
NCL,New Caledonia,WPR,2023,HIB,Haemophilus influenzae type b vaccine,3,INFANTS,Infants,NATIONWIDE,6 WEEKS;10 WEEKS;14 WEEKS,WHO/UNICEF Joint Reporting Form on Immunization
NCL,New Caledonia,WPR,2023,PCV,Pneumococcal conjugate vaccine,2,INFANTS,Infants,NATIONWIDE,6 WEEKS;10 WEEKS,WHO/UNICEF Joint Reporting Form on Immunization
NCL,New Caledonia,WPR,2023,ROTA,Rotavirus vaccine,2,INFANTS,Infants,NATIONWIDE,6 WEEKS;10 WEEKS,WHO/UNICEF Joint Reporting Form on Immunization
NER,Niger,AFR,2023,BCG,Bacille Calmette-Guerin vaccine,1,INFANTS,Infants,NATIONWIDE,AT BIRTH,WHO/UNICEF Joint Reporting Form on Immunization
NER,Niger,AFR,2023,DTP,Diphtheria-tetanus-pertussis vaccine,3,INFANTS,Infants,NATIONWIDE,6 WEEKS;10 WEEKS;14 WEEKS,WHO/UNICEF Joint Reporting Form on Immunization
NER,Niger,AFR,2023,OPV,Oral polio vaccine,4,INFANTS,Infants,NATIONWIDE,AT BIRTH;6 WEEKS;10 WEEKS;14 WEEKS,WHO/UNICEF Joint Reporting Form on Immunization
NER,Niger,AFR,2023,MCV,Measles-containing vaccine,1,INFANTS;CHILDREN,Infants And Children,NATIONWIDE,9 MONTHS,WHO/UNICEF Joint Reporting Form on Immunization
NER,Niger,AFR,2023,HEPB,Hepatitis B vaccine,3,INFANTS,Infants,NATIONWIDE,6 WEEKS;10 WEEKS;14 WEEKS,WHO/UNICEF Joint Reporting Form on Immunization
NER,Niger,AFR,2023,HIB,Haemophilus influenzae type b vaccine,3,INFANTS,Infants,NATIONWIDE,6 WEEKS;10 WEEKS;14 WEEKS,WHO/UNICEF Joint Reporting Form on Immunization
NER,Niger,AFR,2023,PCV,Pneumococcal conjugate vaccine,2,INFANTS,Infants,NATIONWIDE,6 WEEKS;10 WEEKS,WHO/UNICEF Joint Reporting Form on Immunization
NER,Niger,AFR,2023,ROTA,Rotavirus vaccine,2,INFANTS,Infants,NATIONWIDE,6 WEEKS;10 WEEKS,WHO/UNICEF Joint Reporting Form on Immunization
NGA,Nigeria,AFR,2023,BCG,Bacille Calmette-Guerin vaccine,1,INFANTS,Infants,NATIONWIDE,AT BIRTH,WHO/UNICEF Joint Reporting Form on Immunization
NGA,Nigeria,AFR,2023,DTP,Diphtheria-tetanus-pertussis vaccine,3,INFANTS,Infants,NATIONWIDE,6 WEEKS;10 WEEKS;14 WEEKS,WHO/UNICEF Joint Reporting Form on Immunization
NGA,Nigeria,AFR,2023,OPV,Oral polio vaccine,4,INFANTS,Infants,NATIONWIDE,AT BIRTH;6 WEEKS;10 WEEKS;14 WEEKS,WHO/UNICEF Joint Reporting Form on Immunization
NGA,Nigeria,AFR,2023,MCV,Measles-containing vaccine,2,INFANTS;CHILDREN,Infants And Children,NATIONWIDE,9 MONTHS;18 MONTHS,WHO/UNICEF Joint Reporting Form on Immunization
NGA,Nigeria,AFR,2023,HEPB,Hepatitis B vaccine,3,INFANTS,Infants,NATIONWIDE,6 WEEKS;10 WEEKS;14 WEEKS,WHO/UNICEF Joint Reporting Form on Immunization
NGA,Nigeria,AFR,2023,HIB,Haemophilus influenzae type b vaccine,2,INFANTS,Infants,NATIONWIDE,6 WEEKS;10 WEEKS,WHO/UNICEF Joint Reporting Form on Immunization
NGA,Nigeria,AFR,2023,PCV,Pneumococcal conjugate vaccine,2,INFANTS,Infants,NATIONWIDE,6 WEEKS;10 WEEKS,WHO/UNICEF Joint Reporting Form on Immunization
NGA,Nigeria,AFR,2023,ROTA,Rotavirus vaccine,2,INFANTS,Infants,NATIONWIDE,6 WEEKS;10 WEEKS,WHO/UNICEF Joint Reporting Form on Immunization
NIC,Nicaragua,AMR,2023,BCG,Bacille Calmette-Guerin vaccine,1,INFANTS,Infants,NATIONWIDE,AT BIRTH,WHO/UNICEF Joint Reporting Form on Immunization
NIC,Nicaragua,AMR,2023,DTP,Diphtheria-tetanus-pertussis vaccine,3,INFANTS,Infants,NATIONWIDE,6 WEEKS;10 WEEKS;14 WEEKS,WHO/UNICEF Joint Reporting Form on Immunization
NIC,Nicaragua,AMR,2023,OPV,Oral polio vaccine,4,INFANTS,Infants,NATIONWIDE,AT BIRTH;6 WEEKS;10 WEEKS;14 WEEKS,WHO/UNICEF Joint Reporting Form on Immunization
NIC,Nicaragua,AMR,2023,MCV,Measles-containing vaccine,2,INFANTS;CHILDREN,Infants And Children,NATIONWIDE,9 MONTHS;18 MONTHS,WHO/UNICEF Joint Reporting Form on Immunization
NIC,Nicaragua,AMR,2023,HEPB,Hepatitis B vaccine,3,INFANTS,Infants,NATIONWIDE,6 WEEKS;10 WEEKS;14 WEEKS,WHO/UNICEF Joint Reporting Form on Immunization
NIC,Nicaragua,AMR,2023,HIB,Haemophilus influenzae type b vaccine,3,INFANTS,Infants,NATIONWIDE,6 WEEKS;10 WEEKS;14 WEEKS,WHO/UNICEF Joint Reporting Form on Immunization
NIC,Nicaragua,AMR,2023,PCV,Pneumococcal conjugate vaccine,3,INFANTS,Infants,NATIONWIDE,6 WEEKS;10 WEEKS;14 WEEKS,WHO/UNICEF Joint Reporting Form on Immunization
NIC,Nicaragua,AMR,2023,ROTA,Rotavirus vaccine,2,INFANTS,Infants,NATIONWIDE,6 WEEKS;10 WEEKS,WHO/UNICEF Joint Reporting Form on Immunization
NIU,Niue,WPR,2023,BCG,Bacille Calmette-Guerin vaccine,1,INFANTS,Infants,NATIONWIDE,AT BIRTH,WHO/UNICEF Joint Reporting Form on Immunization
NIU,Niue,WPR,2023,DTP,Diphtheria-tetanus-pertussis vaccine,3,INFANTS,Infants,NATIONWIDE,6 WEEKS;10 WEEKS;14 WEEKS,WHO/UNICEF Joint Reporting Form on Immunization
NIU,Niue,WPR,2023,OPV,Oral polio vaccine,4,INFANTS,Infants,NATIONWIDE,AT BIRTH;6 WEEKS;10 WEEKS;14 WEEKS,WHO/UNICEF Joint Reporting Form on Immunization
NIU,Niue,WPR,2023,MCV,Measles-containing vaccine,2,INFANTS;CHILDREN,Infants And Children,NATIONWIDE,9 MONTHS;18 MONTHS,WHO/UNICEF Joint Reporting Form on Immunization
NIU,Niue,WPR,2023,HEPB,Hepatitis B vaccine,3,INFANTS,Infants,NATIONWIDE,6 WEEKS;10 WEEKS;14 WEEKS,WHO/UNICEF Joint Reporting Form on Immunization
NIU,Niue,WPR,2023,HIB,Haemophilus influenzae type b vaccine,3,INFANTS,Infants,NATIONWIDE,6 WEEKS;10 WEEKS;14 WEEKS,WHO/UNICEF Joint Reporting Form on Immunization
NIU,Niue,WPR,2023,PCV,Pneumococcal conjugate vaccine,3,INFANTS,Infants,NATIONWIDE,6 WEEKS;10 WEEKS;14 WEEKS,WHO/UNICEF Joint Reporting Form on Immunization
NIU,Niue,WPR,2023,ROTA,Rotavirus vaccine,2,INFANTS,Infants,NATIONWIDE,6 WEEKS;10 WEEKS,WHO/UNICEF Joint Reporting Form on Immunization
NLD,Netherlands (Kingdom of the),EUR,2023,BCG,Bacille Calmette-Guerin vaccine,1,INFANTS,Infants,NATIONWIDE,AT BIRTH,WHO/UNICEF Joint Reporting Form on Immunization
NLD,Netherlands (Kingdom of the),EUR,2023,DTP,Diphtheria-tetanus-pertussis vaccine,2,INFANTS,Infants,NATIONWIDE,6 WEEKS;10 WEEKS,WHO/UNICEF Joint Reporting Form on Immunization
NLD,Netherlands (Kingdom of the),EUR,2023,OPV,Oral polio vaccine,4,INFANTS,Infants,NATIONWIDE,AT BIRTH;6 WEEKS;10 WEEKS;14 WEEKS,WHO/UNICEF Joint Reporting Form on Immunization
NLD,Netherlands (Kingdom of the),EUR,2023,MCV,Measles-containing vaccine,2,INFANTS;CHILDREN,Infants And Children,NATIONWIDE,9 MONTHS;18 MONTHS,WHO/UNICEF Joint Reporting Form on Immunization
NLD,Netherlands (Kingdom of the),EUR,2023,HEPB,Hepatitis B vaccine,3,INFANTS,Infants,NATIONWIDE,6 WEEKS;10 WEEKS;14 WEEKS,WHO/UNICEF Joint Reporting Form on Immunization
NLD,Netherlands (Kingdom of the),EUR,2023,HIB,Haemophilus influenzae type b vaccine,3,INFANTS,Infants,NATIONWIDE,6 WEEKS;10 WEEKS;14 WEEKS,WHO/UNICEF Joint Reporting Form on Immunization
NLD,Netherlands (Kingdom of the),EUR,2023,PCV,Pneumococcal conjugate vaccine,3,INFANTS,Infants,NATIONWIDE,6 WEEKS;10 WEEKS;14 WEEKS,WHO/UNICEF Joint Reporting Form on Immunization
NLD,Netherlands (Kingdom of the),EUR,2023,ROTA,Rotavirus vaccine,2,INFANTS,Infants,NATIONWIDE,6 WEEKS;10 WEEKS,WHO/UNICEF Joint Reporting Form on Immunization
NOR,Norway,EUR,2023,BCG,Bacille Calmette-Guerin vaccine,1,INFANTS,Infants,NATIONWIDE,AT BIRTH,WHO/UNICEF Joint Reporting Form on Immunization
NOR,Norway,EUR,2023,DTP,Diphtheria-tetanus-pertussis vaccine,3,INFANTS,Infants,NATIONWIDE,6 WEEKS;10 WEEKS;14 WEEKS,WHO/UNICEF Joint Reporting Form on Immunization
NOR,Norway,EUR,2023,OPV,Oral polio vaccine,4,INFANTS,Infants,NATIONWIDE,AT BIRTH;6 WEEKS;10 WEEKS;14 WEEKS,WHO/UNICEF Joint Reporting Form on Immunization
NOR,Norway,EUR,2023,MCV,Measles-containing vaccine,2,INFANTS;CHILDREN,Infants And Children,NATIONWIDE,9 MONTHS;18 MONTHS,WHO/UNICEF Joint Reporting Form on Immunization
NOR,Norway,EUR,2023,HEPB,Hepatitis B vaccine,3,INFANTS,Infants,NATIONWIDE,6 WEEKS;10 WEEKS;14 WEEKS,WHO/UNICEF Joint Reporting Form on Immunization
NOR,Norway,EUR,2023,HIB,Haemophilus influenzae type b vaccine,3,INFANTS,Infants,NATIONWIDE,6 WEEKS;10 WEEKS;14 WEEKS,WHO/UNICEF Joint Reporting Form on Immunization
NOR,Norway,EUR,2023,PCV,Pneumococcal conjugate vaccine,3,INFANTS,Infants,NATIONWIDE,6 WEEKS;10 WEEKS;14 WEEKS,WHO/UNICEF Joint Reporting Form on Immunization
NOR,Norway,EUR,2023,ROTA,Rotavirus vaccine,2,INFANTS,Infants,NATIONWIDE,6 WEEKS;10 WEEKS,WHO/UNICEF Joint Reporting Form on Immunization
NPL,Nepal,SEAR,2023,BCG,Bacille Calmette-Guerin vaccine,1,INFANTS,Infants,NATIONWIDE,AT BIRTH,WHO/UNICEF Joint Reporting Form on Immunization
NPL,Nepal,SEAR,2023,DTP,Diphtheria-tetanus-pertussis vaccine,3,INFANTS,Infants,NATIONWIDE,6 WEEKS;10 WEEKS;14 WEEKS,WHO/UNICEF Joint Reporting Form on Immunization
NPL,Nepal,SEAR,2023,OPV,Oral polio vaccine,4,INFANTS,Infants,NATIONWIDE,AT BIRTH;6 WEEKS;10 WEEKS;14 WEEKS,WHO/UNICEF Joint Reporting Form on Immunization
NPL,Nepal,SEAR,2023,MCV,Measles-containing vaccine,2,INFANTS;CHILDREN,Infants And Children,NATIONWIDE,9 MONTHS;18 MONTHS,WHO/UNICEF Joint Reporting Form on Immunization
NPL,Nepal,SEAR,2023,HEPB,Hepatitis B vaccine,3,INFANTS,Infants,NATIONWIDE,6 WEEKS;10 WEEKS;14 WEEKS,WHO/UNICEF Joint Reporting Form on Immunization
NPL,Nepal,SEAR,2023,HIB,Haemophilus influenzae type b vaccine,3,INFANTS,Infants,NATIONWIDE,6 WEEKS;10 WEEKS;14 WEEKS,WHO/UNICEF Joint Reporting Form on Immunization
NPL,Nepal,SEAR,2023,PCV,Pneumococcal conjugate vaccine,3,INFANTS,Infants,NATIONWIDE,6 WEEKS;10 WEEKS;14 WEEKS,WHO/UNICEF Joint Reporting Form on Immunization
NPL,Nepal,SEAR,2023,ROTA,Rotavirus vaccine,2,INFANTS,Infants,NATIONWIDE,6 WEEKS;10 WEEKS,WHO/UNICEF Joint Reporting Form on Immunization
NRU,Naoero,WPR,2023,BCG,Bacille Calmette-Guerin vaccine,1,INFANTS,Infants,NATIONWIDE,AT BIRTH,WHO/UNICEF Joint Reporting Form on Immunization
NRU,Naoero,WPR,2023,DTP,Diphtheria-tetanus-pertussis vaccine,3,INFANTS,Infants,NATIONWIDE,6 WEEKS;10 WEEKS;14 WEEKS,WHO/UNICEF Joint Reporting Form on Immunization
NRU,Naoero,WPR,2023,OPV,Oral polio vaccine,4,INFANTS,Infants,NATIONWIDE,AT BIRTH;6 WEEKS;10 WEEKS;14 WEEKS,WHO/UNICEF Joint Reporting Form on Immunization
NRU,Naoero,WPR,2023,MCV,Measles-containing vaccine,2,INFANTS;CHILDREN,Infants And Children,NATIONWIDE,9 MONTHS;18 MONTHS,WHO/UNICEF Joint Reporting Form on Immunization
NRU,Naoero,WPR,2023,HEPB,Hepatitis B vaccine,3,INFANTS,Infants,NATIONWIDE,6 WEEKS;10 WEEKS;14 WEEKS,WHO/UNICEF Joint Reporting Form on Immunization
NRU,Naoero,WPR,2023,HIB,Haemophilus influenzae type b vaccine,3,INFANTS,Infants,NATIONWIDE,6 WEEKS;10 WEEKS;14 WEEKS,WHO/UNICEF Joint Reporting Form on Immunization
NRU,Naoero,WPR,2023,PCV,Pneumococcal conjugate vaccine,3,INFANTS,Infants,NATIONWIDE,6 WEEKS;10 WEEKS;14 WEEKS,WHO/UNICEF Joint Reporting Form on Immunization
NRU,Naoero,WPR,2023,ROTA,Rotavirus vaccine,2,INFANTS,Infants,NATIONWIDE,6 WEEKS;10 WEEKS,WHO/UNICEF Joint Reporting Form on Immunization
NZL,New Zealand,WPR,2023,BCG,Bacille Calmette-Guerin vaccine,1,INFANTS,Infants,NATIONWIDE,AT BIRTH,WHO/UNICEF Joint Reporting Form on Immunization
NZL,New Zealand,WPR,2023,DTP,Diphtheria-tetanus-pertussis vaccine,3,INFANTS,Infants,NATIONWIDE,6 WEEKS;10 WEEKS;14 WEEKS,WHO/UNICEF Joint Reporting Form on Immunization
NZL,New Zealand,WPR,2023,OPV,Oral polio vaccine,4,INFANTS,Infants,NATIONWIDE,AT BIRTH;6 WEEKS;10 WEEKS;14 WEEKS,WHO/UNICEF Joint Reporting Form on Immunization
NZL,New Zealand,WPR,2023,MCV,Measles-containing vaccine,2,INFANTS;CHILDREN,Infants And Children,NATIONWIDE,9 MONTHS;18 MONTHS,WHO/UNICEF Joint Reporting Form on Immunization
NZL,New Zealand,WPR,2023,HEPB,Hepatitis B vaccine,3,INFANTS,Infants,NATIONWIDE,6 WEEKS;10 WEEKS;14 WEEKS,WHO/UNICEF Joint Reporting Form on Immunization
NZL,New Zealand,WPR,2023,HIB,Haemophilus influenzae type b vaccine,3,INFANTS,Infants,NATIONWIDE,6 WEEKS;10 WEEKS;14 WEEKS,WHO/UNICEF Joint Reporting Form on Immunization
NZL,New Zealand,WPR,2023,PCV,Pneumococcal conjugate vaccine,3,INFANTS,Infants,NATIONWIDE,6 WEEKS;10 WEEKS;14 WEEKS,WHO/UNICEF Joint Reporting Form on Immunization
NZL,New Zealand,WPR,2023,ROTA,Rotavirus vaccine,2,INFANTS,Infants,NATIONWIDE,6 WEEKS;10 WEEKS,WHO/UNICEF Joint Reporting Form on Immunization
OMN,Oman,EMR,2023,BCG,Bacille Calmette-Guerin vaccine,1,INFANTS,Infants,NATIONWIDE,AT BIRTH,WHO/UNICEF Joint Reporting Form on Immunization
OMN,Oman,EMR,2023,DTP,Diphtheria-tetanus-pertussis vaccine,2,INFANTS,Infants,NATIONWIDE,6 WEEKS;10 WEEKS,WHO/UNICEF Joint Reporting Form on Immunization
OMN,Oman,EMR,2023,OPV,Oral polio vaccine,4,INFANTS,Infants,NATIONWIDE,AT BIRTH;6 WEEKS;10 WEEKS;14 WEEKS,WHO/UNICEF Joint Reporting Form on Immunization
OMN,Oman,EMR,2023,MCV,Measles-containing vaccine,1,INFANTS;CHILDREN,Infants And Children,NATIONWIDE,9 MONTHS,WHO/UNICEF Joint Reporting Form on Immunization
OMN,Oman,EMR,2023,HEPB,Hepatitis B vaccine,3,INFANTS,Infants,NATIONWIDE,6 WEEKS;10 WEEKS;14 WEEKS,WHO/UNICEF Joint Reporting Form on Immunization
OMN,Oman,EMR,2023,HIB,Haemophilus influenzae type b vaccine,3,INFANTS,Infants,NATIONWIDE,6 WEEKS;10 WEEKS;14 WEEKS,WHO/UNICEF Joint Reporting Form on Immunization
OMN,Oman,EMR,2023,PCV,Pneumococcal conjugate vaccine,3,INFANTS,Infants,NATIONWIDE,6 WEEKS;10 WEEKS;14 WEEKS,WHO/UNICEF Joint Reporting Form on Immunization
OMN,Oman,EMR,2023,ROTA,Rotavirus vaccine,2,INFANTS,Infants,NATIONWIDE,6 WEEKS;10 WEEKS,WHO/UNICEF Joint Reporting Form on Immunization
PAK,Pakistan,EMR,2023,BCG,Bacille Calmette-Guerin vaccine,1,INFANTS,Infants,NATIONWIDE,AT BIRTH,WHO/UNICEF Joint Reporting Form on Immunization
PAK,Pakistan,EMR,2023,DTP,Diphtheria-tetanus-pertussis vaccine,3,INFANTS,Infants,NATIONWIDE,6 WEEKS;10 WEEKS;14 WEEKS,WHO/UNICEF Joint Reporting Form on Immunization
PAK,Pakistan,EMR,2023,OPV,Oral polio vaccine,3,INFANTS,Infants,NATIONWIDE,AT BIRTH;6 WEEKS;10 WEEKS,WHO/UNICEF Joint Reporting Form on Immunization
PAK,Pakistan,EMR,2023,MCV,Measles-containing vaccine,2,INFANTS;CHILDREN,Infants And Children,NATIONWIDE,9 MONTHS;18 MONTHS,WHO/UNICEF Joint Reporting Form on Immunization
PAK,Pakistan,EMR,2023,HEPB,Hepatitis B vaccine,2,INFANTS,Infants,NATIONWIDE,6 WEEKS;10 WEEKS,WHO/UNICEF Joint Reporting Form on Immunization
PAK,Pakistan,EMR,2023,HIB,Haemophilus influenzae type b vaccine,2,INFANTS,Infants,NATIONWIDE,6 WEEKS;10 WEEKS,WHO/UNICEF Joint Reporting Form on Immunization
PAK,Pakistan,EMR,2023,PCV,Pneumococcal conjugate vaccine,3,INFANTS,Infants,NATIONWIDE,6 WEEKS;10 WEEKS;14 WEEKS,WHO/UNICEF Joint Reporting Form on Immunization
PAK,Pakistan,EMR,2023,ROTA,Rotavirus vaccine,2,INFANTS,Infants,NATIONWIDE,6 WEEKS;10 WEEKS,WHO/UNICEF Joint Reporting Form on Immunization
PAN,Panama,AMR,2023,BCG,Bacille Calmette-Guerin vaccine,1,INFANTS,Infants,NATIONWIDE,AT BIRTH,WHO/UNICEF Joint Reporting Form on Immunization
PAN,Panama,AMR,2023,DTP,Diphtheria-tetanus-pertussis vaccine,3,INFANTS,Infants,NATIONWIDE,6 WEEKS;10 WEEKS;14 WEEKS,WHO/UNICEF Joint Reporting Form on Immunization
PAN,Panama,AMR,2023,OPV,Oral polio vaccine,3,INFANTS,Infants,NATIONWIDE,AT BIRTH;6 WEEKS;10 WEEKS,WHO/UNICEF Joint Reporting Form on Immunization
PAN,Panama,AMR,2023,MCV,Measles-containing vaccine,2,INFANTS;CHILDREN,Infants And Children,NATIONWIDE,9 MONTHS;18 MONTHS,WHO/UNICEF Joint Reporting Form on Immunization
PAN,Panama,AMR,2023,HEPB,Hepatitis B vaccine,3,INFANTS,Infants,NATIONWIDE,6 WEEKS;10 WEEKS;14 WEEKS,WHO/UNICEF Joint Reporting Form on Immunization
PAN,Panama,AMR,2023,HIB,Haemophilus influenzae type b vaccine,3,INFANTS,Infants,NATIONWIDE,6 WEEKS;10 WEEKS;14 WEEKS,WHO/UNICEF Joint Reporting Form on Immunization
PAN,Panama,AMR,2023,PCV,Pneumococcal conjugate vaccine,3,INFANTS,Infants,NATIONWIDE,6 WEEKS;10 WEEKS;14 WEEKS,WHO/UNICEF Joint Reporting Form on Immunization
PAN,Panama,AMR,2023,ROTA,Rotavirus vaccine,1,INFANTS,Infants,NATIONWIDE,6 WEEKS,WHO/UNICEF Joint Reporting Form on Immunization
PER,Peru,AMR,2023,BCG,Bacille Calmette-Guerin vaccine,1,INFANTS,Infants,NATIONWIDE,AT BIRTH,WHO/UNICEF Joint Reporting Form on Immunization
PER,Peru,AMR,2023,DTP,Diphtheria-tetanus-pertussis vaccine,3,INFANTS,Infants,NATIONWIDE,6 WEEKS;10 WEEKS;14 WEEKS,WHO/UNICEF Joint Reporting Form on Immunization
PER,Peru,AMR,2023,OPV,Oral polio vaccine,3,INFANTS,Infants,NATIONWIDE,AT BIRTH;6 WEEKS;10 WEEKS,WHO/UNICEF Joint Reporting Form on Immunization
PER,Peru,AMR,2023,MCV,Measles-containing vaccine,2,INFANTS;CHILDREN,Infants And Children,NATIONWIDE,9 MONTHS;18 MONTHS,WHO/UNICEF Joint Reporting Form on Immunization
PER,Peru,AMR,2023,HEPB,Hepatitis B vaccine,3,INFANTS,Infants,NATIONWIDE,6 WEEKS;10 WEEKS;14 WEEKS,WHO/UNICEF Joint Reporting Form on Immunization
PER,Peru,AMR,2023,HIB,Haemophilus influenzae type b vaccine,3,INFANTS,Infants,NATIONWIDE,6 WEEKS;10 WEEKS;14 WEEKS,WHO/UNICEF Joint Reporting Form on Immunization
PER,Peru,AMR,2023,PCV,Pneumococcal conjugate vaccine,3,INFANTS,Infants,NATIONWIDE,6 WEEKS;10 WEEKS;14 WEEKS,WHO/UNICEF Joint Reporting Form on Immunization
PER,Peru,AMR,2023,ROTA,Rotavirus vaccine,2,INFANTS,Infants,NATIONWIDE,6 WEEKS;10 WEEKS,WHO/UNICEF Joint Reporting Form on Immunization
PHL,Philippines,WPR,2023,BCG,Bacille Calmette-Guerin vaccine,1,INFANTS,Infants,NATIONWIDE,AT BIRTH,WHO/UNICEF Joint Reporting Form on Immunization
PHL,Philippines,WPR,2023,DTP,Diphtheria-tetanus-pertussis vaccine,3,INFANTS,Infants,NATIONWIDE,6 WEEKS;10 WEEKS;14 WEEKS,WHO/UNICEF Joint Reporting Form on Immunization
PHL,Philippines,WPR,2023,OPV,Oral polio vaccine,3,INFANTS,Infants,NATIONWIDE,AT BIRTH;6 WEEKS;10 WEEKS,WHO/UNICEF Joint Reporting Form on Immunization
PHL,Philippines,WPR,2023,MCV,Measles-containing vaccine,1,INFANTS;CHILDREN,Infants And Children,NATIONWIDE,9 MONTHS,WHO/UNICEF Joint Reporting Form on Immunization
PHL,Philippines,WPR,2023,HEPB,Hepatitis B vaccine,3,INFANTS,Infants,NATIONWIDE,6 WEEKS;10 WEEKS;14 WEEKS,WHO/UNICEF Joint Reporting Form on Immunization
PHL,Philippines,WPR,2023,HIB,Haemophilus influenzae type b vaccine,3,INFANTS,Infants,NATIONWIDE,6 WEEKS;10 WEEKS;14 WEEKS,WHO/UNICEF Joint Reporting Form on Immunization
PHL,Philippines,WPR,2023,PCV,Pneumococcal conjugate vaccine,3,INFANTS,Infants,NATIONWIDE,6 WEEKS;10 WEEKS;14 WEEKS,WHO/UNICEF Joint Reporting Form on Immunization
PHL,Philippines,WPR,2023,ROTA,Rotavirus vaccine,2,INFANTS,Infants,NATIONWIDE,6 WEEKS;10 WEEKS,WHO/UNICEF Joint Reporting Form on Immunization
PLW,Palau,WPR,2023,BCG,Bacille Calmette-Guerin vaccine,1,INFANTS,Infants,NATIONWIDE,AT BIRTH,WHO/UNICEF Joint Reporting Form on Immunization
PLW,Palau,WPR,2023,DTP,Diphtheria-tetanus-pertussis vaccine,3,INFANTS,Infants,NATIONWIDE,6 WEEKS;10 WEEKS;14 WEEKS,WHO/UNICEF Joint Reporting Form on Immunization
PLW,Palau,WPR,2023,OPV,Oral polio vaccine,4,INFANTS,Infants,NATIONWIDE,AT BIRTH;6 WEEKS;10 WEEKS;14 WEEKS,WHO/UNICEF Joint Reporting Form on Immunization
PLW,Palau,WPR,2023,MCV,Measles-containing vaccine,2,INFANTS;CHILDREN,Infants And Children,NATIONWIDE,9 MONTHS;18 MONTHS,WHO/UNICEF Joint Reporting Form on Immunization
PLW,Palau,WPR,2023,HEPB,Hepatitis B vaccine,3,INFANTS,Infants,NATIONWIDE,6 WEEKS;10 WEEKS;14 WEEKS,WHO/UNICEF Joint Reporting Form on Immunization
PLW,Palau,WPR,2023,HIB,Haemophilus influenzae type b vaccine,3,INFANTS,Infants,NATIONWIDE,6 WEEKS;10 WEEKS;14 WEEKS,WHO/UNICEF Joint Reporting Form on Immunization
PLW,Palau,WPR,2023,PCV,Pneumococcal conjugate vaccine,3,INFANTS,Infants,NATIONWIDE,6 WEEKS;10 WEEKS;14 WEEKS,WHO/UNICEF Joint Reporting Form on Immunization
PLW,Palau,WPR,2023,ROTA,Rotavirus vaccine,2,INFANTS,Infants,NATIONWIDE,6 WEEKS;10 WEEKS,WHO/UNICEF Joint Reporting Form on Immunization
PNG,Papua New Guinea,WPR,2023,BCG,Bacille Calmette-Guerin vaccine,1,INFANTS,Infants,NATIONWIDE,AT BIRTH,WHO/UNICEF Joint Reporting Form on Immunization
PNG,Papua New Guinea,WPR,2023,DTP,Diphtheria-tetanus-pertussis vaccine,3,INFANTS,Infants,NATIONWIDE,6 WEEKS;10 WEEKS;14 WEEKS,WHO/UNICEF Joint Reporting Form on Immunization
PNG,Papua New Guinea,WPR,2023,OPV,Oral polio vaccine,3,INFANTS,Infants,NATIONWIDE,AT BIRTH;6 WEEKS;10 WEEKS,WHO/UNICEF Joint Reporting Form on Immunization
PNG,Papua New Guinea,WPR,2023,MCV,Measles-containing vaccine,1,INFANTS;CHILDREN,Infants And Children,NATIONWIDE,9 MONTHS,WHO/UNICEF Joint Reporting Form on Immunization
PNG,Papua New Guinea,WPR,2023,HEPB,Hepatitis B vaccine,3,INFANTS,Infants,NATIONWIDE,6 WEEKS;10 WEEKS;14 WEEKS,WHO/UNICEF Joint Reporting Form on Immunization
PNG,Papua New Guinea,WPR,2023,HIB,Haemophilus influenzae type b vaccine,3,INFANTS,Infants,NATIONWIDE,6 WEEKS;10 WEEKS;14 WEEKS,WHO/UNICEF Joint Reporting Form on Immunization
PNG,Papua New Guinea,WPR,2023,PCV,Pneumococcal conjugate vaccine,3,INFANTS,Infants,NATIONWIDE,6 WEEKS;10 WEEKS;14 WEEKS,WHO/UNICEF Joint Reporting Form on Immunization
PNG,Papua New Guinea,WPR,2023,ROTA,Rotavirus vaccine,2,INFANTS,Infants,NATIONWIDE,6 WEEKS;10 WEEKS,WHO/UNICEF Joint Reporting Form on Immunization
POL,Poland,EUR,2023,BCG,Bacille Calmette-Guerin vaccine,1,INFANTS,Infants,NATIONWIDE,AT BIRTH,WHO/UNICEF Joint Reporting Form on Immunization
POL,Poland,EUR,2023,DTP,Diphtheria-tetanus-pertussis vaccine,3,INFANTS,Infants,NATIONWIDE,6 WEEKS;10 WEEKS;14 WEEKS,WHO/UNICEF Joint Reporting Form on Immunization
POL,Poland,EUR,2023,OPV,Oral polio vaccine,3,INFANTS,Infants,NATIONWIDE,AT BIRTH;6 WEEKS;10 WEEKS,WHO/UNICEF Joint Reporting Form on Immunization
POL,Poland,EUR,2023,MCV,Measles-containing vaccine,1,INFANTS;CHILDREN,Infants And Children,NATIONWIDE,9 MONTHS,WHO/UNICEF Joint Reporting Form on Immunization
POL,Poland,EUR,2023,HEPB,Hepatitis B vaccine,3,INFANTS,Infants,NATIONWIDE,6 WEEKS;10 WEEKS;14 WEEKS,WHO/UNICEF Joint Reporting Form on Immunization
POL,Poland,EUR,2023,HIB,Haemophilus influenzae type b vaccine,3,INFANTS,Infants,NATIONWIDE,6 WEEKS;10 WEEKS;14 WEEKS,WHO/UNICEF Joint Reporting Form on Immunization
POL,Poland,EUR,2023,PCV,Pneumococcal conjugate vaccine,3,INFANTS,Infants,NATIONWIDE,6 WEEKS;10 WEEKS;14 WEEKS,WHO/UNICEF Joint Reporting Form on Immunization
POL,Poland,EUR,2023,ROTA,Rotavirus vaccine,1,INFANTS,Infants,NATIONWIDE,6 WEEKS,WHO/UNICEF Joint Reporting Form on Immunization
PRI,Puerto Rico,AMR,2023,BCG,Bacille Calmette-Guerin vaccine,1,INFANTS,Infants,NATIONWIDE,AT BIRTH,WHO/UNICEF Joint Reporting Form on Immunization
PRI,Puerto Rico,AMR,2023,DTP,Diphtheria-tetanus-pertussis vaccine,3,INFANTS,Infants,NATIONWIDE,6 WEEKS;10 WEEKS;14 WEEKS,WHO/UNICEF Joint Reporting Form on Immunization
PRI,Puerto Rico,AMR,2023,OPV,Oral polio vaccine,4,INFANTS,Infants,NATIONWIDE,AT BIRTH;6 WEEKS;10 WEEKS;14 WEEKS,WHO/UNICEF Joint Reporting Form on Immunization
PRI,Puerto Rico,AMR,2023,MCV,Measles-containing vaccine,2,INFANTS;CHILDREN,Infants And Children,NATIONWIDE,9 MONTHS;18 MONTHS,WHO/UNICEF Joint Reporting Form on Immunization
PRI,Puerto Rico,AMR,2023,HEPB,Hepatitis B vaccine,3,INFANTS,Infants,NATIONWIDE,6 WEEKS;10 WEEKS;14 WEEKS,WHO/UNICEF Joint Reporting Form on Immunization
PRI,Puerto Rico,AMR,2023,HIB,Haemophilus influenzae type b vaccine,3,INFANTS,Infants,NATIONWIDE,6 WEEKS;10 WEEKS;14 WEEKS,WHO/UNICEF Joint Reporting Form on Immunization
PRI,Puerto Rico,AMR,2023,PCV,Pneumococcal conjugate vaccine,3,INFANTS,Infants,NATIONWIDE,6 WEEKS;10 WEEKS;14 WEEKS,WHO/UNICEF Joint Reporting Form on Immunization
PRI,Puerto Rico,AMR,2023,ROTA,Rotavirus vaccine,2,INFANTS,Infants,NATIONWIDE,6 WEEKS;10 WEEKS,WHO/UNICEF Joint Reporting Form on Immunization
PRK,Democratic People's Republic of Korea,SEAR,2023,BCG,Bacille Calmette-Guerin vaccine,1,INFANTS,Infants,NATIONWIDE,AT BIRTH,WHO/UNICEF Joint Reporting Form on Immunization
PRK,Democratic People's Republic of Korea,SEAR,2023,DTP,Diphtheria-tetanus-pertussis vaccine,3,INFANTS,Infants,NATIONWIDE,6 WEEKS;10 WEEKS;14 WEEKS,WHO/UNICEF Joint Reporting Form on Immunization
PRK,Democratic People's Republic of Korea,SEAR,2023,OPV,Oral polio vaccine,4,INFANTS,Infants,NATIONWIDE,AT BIRTH;6 WEEKS;10 WEEKS;14 WEEKS,WHO/UNICEF Joint Reporting Form on Immunization
PRK,Democratic People's Republic of Korea,SEAR,2023,MCV,Measles-containing vaccine,1,INFANTS;CHILDREN,Infants And Children,NATIONWIDE,9 MONTHS,WHO/UNICEF Joint Reporting Form on Immunization
PRK,Democratic People's Republic of Korea,SEAR,2023,HEPB,Hepatitis B vaccine,3,INFANTS,Infants,NATIONWIDE,6 WEEKS;10 WEEKS;14 WEEKS,WHO/UNICEF Joint Reporting Form on Immunization
PRK,Democratic People's Republic of Korea,SEAR,2023,HIB,Haemophilus influenzae type b vaccine,3,INFANTS,Infants,NATIONWIDE,6 WEEKS;10 WEEKS;14 WEEKS,WHO/UNICEF Joint Reporting Form on Immunization
PRK,Democratic People's Republic of Korea,SEAR,2023,PCV,Pneumococcal conjugate vaccine,3,INFANTS,Infants,NATIONWIDE,6 WEEKS;10 WEEKS;14 WEEKS,WHO/UNICEF Joint Reporting Form on Immunization
PRK,Democratic People's Republic of Korea,SEAR,2023,ROTA,Rotavirus vaccine,2,INFANTS,Infants,NATIONWIDE,6 WEEKS;10 WEEKS,WHO/UNICEF Joint Reporting Form on Immunization
PRT,Portugal,EUR,2023,BCG,Bacille Calmette-Guerin vaccine,1,INFANTS,Infants,NATIONWIDE,AT BIRTH,WHO/UNICEF Joint Reporting Form on Immunization
PRT,Portugal,EUR,2023,DTP,Diphtheria-tetanus-pertussis vaccine,3,INFANTS,Infants,NATIONWIDE,6 WEEKS;10 WEEKS;14 WEEKS,WHO/UNICEF Joint Reporting Form on Immunization
PRT,Portugal,EUR,2023,OPV,Oral polio vaccine,4,INFANTS,Infants,NATIONWIDE,AT BIRTH;6 WEEKS;10 WEEKS;14 WEEKS,WHO/UNICEF Joint Reporting Form on Immunization
PRT,Portugal,EUR,2023,MCV,Measles-containing vaccine,2,INFANTS;CHILDREN,Infants And Children,NATIONWIDE,9 MONTHS;18 MONTHS,WHO/UNICEF Joint Reporting Form on Immunization
PRT,Portugal,EUR,2023,HEPB,Hepatitis B vaccine,3,INFANTS,Infants,NATIONWIDE,6 WEEKS;10 WEEKS;14 WEEKS,WHO/UNICEF Joint Reporting Form on Immunization
PRT,Portugal,EUR,2023,HIB,Haemophilus influenzae type b vaccine,2,INFANTS,Infants,NATIONWIDE,6 WEEKS;10 WEEKS,WHO/UNICEF Joint Reporting Form on Immunization
PRT,Portugal,EUR,2023,PCV,Pneumococcal conjugate vaccine,3,INFANTS,Infants,NATIONWIDE,6 WEEKS;10 WEEKS;14 WEEKS,WHO/UNICEF Joint Reporting Form on Immunization
PRT,Portugal,EUR,2023,ROTA,Rotavirus vaccine,1,INFANTS,Infants,NATIONWIDE,6 WEEKS,WHO/UNICEF Joint Reporting Form on Immunization
PRY,Paraguay,AMR,2023,BCG,Bacille Calmette-Guerin vaccine,1,INFANTS,Infants,NATIONWIDE,AT BIRTH,WHO/UNICEF Joint Reporting Form on Immunization
PRY,Paraguay,AMR,2023,DTP,Diphtheria-tetanus-pertussis vaccine,3,INFANTS,Infants,NATIONWIDE,6 WEEKS;10 WEEKS;14 WEEKS,WHO/UNICEF Joint Reporting Form on Immunization
PRY,Paraguay,AMR,2023,OPV,Oral polio vaccine,4,INFANTS,Infants,NATIONWIDE,AT BIRTH;6 WEEKS;10 WEEKS;14 WEEKS,WHO/UNICEF Joint Reporting Form on Immunization
PRY,Paraguay,AMR,2023,MCV,Measles-containing vaccine,2,INFANTS;CHILDREN,Infants And Children,NATIONWIDE,9 MONTHS;18 MONTHS,WHO/UNICEF Joint Reporting Form on Immunization
PRY,Paraguay,AMR,2023,HEPB,Hepatitis B vaccine,3,INFANTS,Infants,NATIONWIDE,6 WEEKS;10 WEEKS;14 WEEKS,WHO/UNICEF Joint Reporting Form on Immunization
PRY,Paraguay,AMR,2023,HIB,Haemophilus influenzae type b vaccine,3,INFANTS,Infants,NATIONWIDE,6 WEEKS;10 WEEKS;14 WEEKS,WHO/UNICEF Joint Reporting Form on Immunization
PRY,Paraguay,AMR,2023,PCV,Pneumococcal conjugate vaccine,3,INFANTS,Infants,NATIONWIDE,6 WEEKS;10 WEEKS;14 WEEKS,WHO/UNICEF Joint Reporting Form on Immunization
PRY,Paraguay,AMR,2023,ROTA,Rotavirus vaccine,2,INFANTS,Infants,NATIONWIDE,6 WEEKS;10 WEEKS,WHO/UNICEF Joint Reporting Form on Immunization
PSE,"occupied Palestinian territory, including east Jerusalem",EMR,2023,BCG,Bacille Calmette-Guerin vaccine,1,INFANTS,Infants,NATIONWIDE,AT BIRTH,WHO/UNICEF Joint Reporting Form on Immunization
PSE,"occupied Palestinian territory, including east Jerusalem",EMR,2023,DTP,Diphtheria-tetanus-pertussis vaccine,3,INFANTS,Infants,NATIONWIDE,6 WEEKS;10 WEEKS;14 WEEKS,WHO/UNICEF Joint Reporting Form on Immunization
PSE,"occupied Palestinian territory, including east Jerusalem",EMR,2023,OPV,Oral polio vaccine,4,INFANTS,Infants,NATIONWIDE,AT BIRTH;6 WEEKS;10 WEEKS;14 WEEKS,WHO/UNICEF Joint Reporting Form on Immunization
PSE,"occupied Palestinian territory, including east Jerusalem",EMR,2023,MCV,Measles-containing vaccine,2,INFANTS;CHILDREN,Infants And Children,NATIONWIDE,9 MONTHS;18 MONTHS,WHO/UNICEF Joint Reporting Form on Immunization
PSE,"occupied Palestinian territory, including east Jerusalem",EMR,2023,HEPB,Hepatitis B vaccine,2,INFANTS,Infants,NATIONWIDE,6 WEEKS;10 WEEKS,WHO/UNICEF Joint Reporting Form on Immunization
PSE,"occupied Palestinian territory, including east Jerusalem",EMR,2023,HIB,Haemophilus influenzae type b vaccine,3,INFANTS,Infants,NATIONWIDE,6 WEEKS;10 WEEKS;14 WEEKS,WHO/UNICEF Joint Reporting Form on Immunization
PSE,"occupied Palestinian territory, including east Jerusalem",EMR,2023,PCV,Pneumococcal conjugate vaccine,3,INFANTS,Infants,NATIONWIDE,6 WEEKS;10 WEEKS;14 WEEKS,WHO/UNICEF Joint Reporting Form on Immunization
PSE,"occupied Palestinian territory, including east Jerusalem",EMR,2023,ROTA,Rotavirus vaccine,2,INFANTS,Infants,NATIONWIDE,6 WEEKS;10 WEEKS,WHO/UNICEF Joint Reporting Form on Immunization
PYF,French Polynesia,WPR,2023,BCG,Bacille Calmette-Guerin vaccine,1,INFANTS,Infants,NATIONWIDE,AT BIRTH,WHO/UNICEF Joint Reporting Form on Immunization
PYF,French Polynesia,WPR,2023,DTP,Diphtheria-tetanus-pertussis vaccine,3,INFANTS,Infants,NATIONWIDE,6 WEEKS;10 WEEKS;14 WEEKS,WHO/UNICEF Joint Reporting Form on Immunization
PYF,French Polynesia,WPR,2023,OPV,Oral polio vaccine,4,INFANTS,Infants,NATIONWIDE,AT BIRTH;6 WEEKS;10 WEEKS;14 WEEKS,WHO/UNICEF Joint Reporting Form on Immunization
PYF,French Polynesia,WPR,2023,MCV,Measles-containing vaccine,2,INFANTS;CHILDREN,Infants And Children,NATIONWIDE,9 MONTHS;18 MONTHS,WHO/UNICEF Joint Reporting Form on Immunization
PYF,French Polynesia,WPR,2023,HEPB,Hepatitis B vaccine,2,INFANTS,Infants,NATIONWIDE,6 WEEKS;10 WEEKS,WHO/UNICEF Joint Reporting Form on Immunization
PYF,French Polynesia,WPR,2023,HIB,Haemophilus influenzae type b vaccine,2,INFANTS,Infants,NATIONWIDE,6 WEEKS;10 WEEKS,WHO/UNICEF Joint Reporting Form on Immunization
PYF,French Polynesia,WPR,2023,PCV,Pneumococcal conjugate vaccine,3,INFANTS,Infants,NATIONWIDE,6 WEEKS;10 WEEKS;14 WEEKS,WHO/UNICEF Joint Reporting Form on Immunization
PYF,French Polynesia,WPR,2023,ROTA,Rotavirus vaccine,2,INFANTS,Infants,NATIONWIDE,6 WEEKS;10 WEEKS,WHO/UNICEF Joint Reporting Form on Immunization
QAT,Qatar,EMR,2023,BCG,Bacille Calmette-Guerin vaccine,1,INFANTS,Infants,NATIONWIDE,AT BIRTH,WHO/UNICEF Joint Reporting Form on Immunization
QAT,Qatar,EMR,2023,DTP,Diphtheria-tetanus-pertussis vaccine,3,INFANTS,Infants,NATIONWIDE,6 WEEKS;10 WEEKS;14 WEEKS,WHO/UNICEF Joint Reporting Form on Immunization
QAT,Qatar,EMR,2023,OPV,Oral polio vaccine,4,INFANTS,Infants,NATIONWIDE,AT BIRTH;6 WEEKS;10 WEEKS;14 WEEKS,WHO/UNICEF Joint Reporting Form on Immunization
QAT,Qatar,EMR,2023,MCV,Measles-containing vaccine,2,INFANTS;CHILDREN,Infants And Children,NATIONWIDE,9 MONTHS;18 MONTHS,WHO/UNICEF Joint Reporting Form on Immunization
QAT,Qatar,EMR,2023,HEPB,Hepatitis B vaccine,3,INFANTS,Infants,NATIONWIDE,6 WEEKS;10 WEEKS;14 WEEKS,WHO/UNICEF Joint Reporting Form on Immunization
QAT,Qatar,EMR,2023,HIB,Haemophilus influenzae type b vaccine,3,INFANTS,Infants,NATIONWIDE,6 WEEKS;10 WEEKS;14 WEEKS,WHO/UNICEF Joint Reporting Form on Immunization
QAT,Qatar,EMR,2023,PCV,Pneumococcal conjugate vaccine,3,INFANTS,Infants,NATIONWIDE,6 WEEKS;10 WEEKS;14 WEEKS,WHO/UNICEF Joint Reporting Form on Immunization
QAT,Qatar,EMR,2023,ROTA,Rotavirus vaccine,2,INFANTS,Infants,NATIONWIDE,6 WEEKS;10 WEEKS,WHO/UNICEF Joint Reporting Form on Immunization
REU,Reunion,AFR,2023,BCG,Bacille Calmette-Guerin vaccine,1,INFANTS,Infants,NATIONWIDE,AT BIRTH,WHO/UNICEF Joint Reporting Form on Immunization
REU,Reunion,AFR,2023,DTP,Diphtheria-tetanus-pertussis vaccine,3,INFANTS,Infants,NATIONWIDE,6 WEEKS;10 WEEKS;14 WEEKS,WHO/UNICEF Joint Reporting Form on Immunization
REU,Reunion,AFR,2023,OPV,Oral polio vaccine,4,INFANTS,Infants,NATIONWIDE,AT BIRTH;6 WEEKS;10 WEEKS;14 WEEKS,WHO/UNICEF Joint Reporting Form on Immunization
REU,Reunion,AFR,2023,MCV,Measles-containing vaccine,1,INFANTS;CHILDREN,Infants And Children,NATIONWIDE,9 MONTHS,WHO/UNICEF Joint Reporting Form on Immunization
REU,Reunion,AFR,2023,HEPB,Hepatitis B vaccine,3,INFANTS,Infants,NATIONWIDE,6 WEEKS;10 WEEKS;14 WEEKS,WHO/UNICEF Joint Reporting Form on Immunization
REU,Reunion,AFR,2023,HIB,Haemophilus influenzae type b vaccine,3,INFANTS,Infants,NATIONWIDE,6 WEEKS;10 WEEKS;14 WEEKS,WHO/UNICEF Joint Reporting Form on Immunization
REU,Reunion,AFR,2023,PCV,Pneumococcal conjugate vaccine,3,INFANTS,Infants,NATIONWIDE,6 WEEKS;10 WEEKS;14 WEEKS,WHO/UNICEF Joint Reporting Form on Immunization
REU,Reunion,AFR,2023,ROTA,Rotavirus vaccine,2,INFANTS,Infants,NATIONWIDE,6 WEEKS;10 WEEKS,WHO/UNICEF Joint Reporting Form on Immunization
ROU,Romania,EUR,2023,BCG,Bacille Calmette-Guerin vaccine,1,INFANTS,Infants,NATIONWIDE,AT BIRTH,WHO/UNICEF Joint Reporting Form on Immunization
ROU,Romania,EUR,2023,DTP,Diphtheria-tetanus-pertussis vaccine,3,INFANTS,Infants,NATIONWIDE,6 WEEKS;10 WEEKS;14 WEEKS,WHO/UNICEF Joint Reporting Form on Immunization
ROU,Romania,EUR,2023,OPV,Oral polio vaccine,3,INFANTS,Infants,NATIONWIDE,AT BIRTH;6 WEEKS;10 WEEKS,WHO/UNICEF Joint Reporting Form on Immunization
ROU,Romania,EUR,2023,MCV,Measles-containing vaccine,2,INFANTS;CHILDREN,Infants And Children,NATIONWIDE,9 MONTHS;18 MONTHS,WHO/UNICEF Joint Reporting Form on Immunization
ROU,Romania,EUR,2023,HEPB,Hepatitis B vaccine,3,INFANTS,Infants,NATIONWIDE,6 WEEKS;10 WEEKS;14 WEEKS,WHO/UNICEF Joint Reporting Form on Immunization
ROU,Romania,EUR,2023,HIB,Haemophilus influenzae type b vaccine,3,INFANTS,Infants,NATIONWIDE,6 WEEKS;10 WEEKS;14 WEEKS,WHO/UNICEF Joint Reporting Form on Immunization
ROU,Romania,EUR,2023,PCV,Pneumococcal conjugate vaccine,3,INFANTS,Infants,NATIONWIDE,6 WEEKS;10 WEEKS;14 WEEKS,WHO/UNICEF Joint Reporting Form on Immunization
ROU,Romania,EUR,2023,ROTA,Rotavirus vaccine,2,INFANTS,Infants,NATIONWIDE,6 WEEKS;10 WEEKS,WHO/UNICEF Joint Reporting Form on Immunization
RUS,Russian Federation,EUR,2023,BCG,Bacille Calmette-Guerin vaccine,1,INFANTS,Infants,NATIONWIDE,AT BIRTH,WHO/UNICEF Joint Reporting Form on Immunization
RUS,Russian Federation,EUR,2023,DTP,Diphtheria-tetanus-pertussis vaccine,3,INFANTS,Infants,NATIONWIDE,6 WEEKS;10 WEEKS;14 WEEKS,WHO/UNICEF Joint Reporting Form on Immunization
RUS,Russian Federation,EUR,2023,OPV,Oral polio vaccine,4,INFANTS,Infants,NATIONWIDE,AT BIRTH;6 WEEKS;10 WEEKS;14 WEEKS,WHO/UNICEF Joint Reporting Form on Immunization
RUS,Russian Federation,EUR,2023,MCV,Measles-containing vaccine,2,INFANTS;CHILDREN,Infants And Children,NATIONWIDE,9 MONTHS;18 MONTHS,WHO/UNICEF Joint Reporting Form on Immunization
RUS,Russian Federation,EUR,2023,HEPB,Hepatitis B vaccine,3,INFANTS,Infants,NATIONWIDE,6 WEEKS;10 WEEKS;14 WEEKS,WHO/UNICEF Joint Reporting Form on Immunization
RUS,Russian Federation,EUR,2023,HIB,Haemophilus influenzae type b vaccine,2,INFANTS,Infants,NATIONWIDE,6 WEEKS;10 WEEKS,WHO/UNICEF Joint Reporting Form on Immunization
RUS,Russian Federation,EUR,2023,PCV,Pneumococcal conjugate vaccine,3,INFANTS,Infants,NATIONWIDE,6 WEEKS;10 WEEKS;14 WEEKS,WHO/UNICEF Joint Reporting Form on Immunization
RUS,Russian Federation,EUR,2023,ROTA,Rotavirus vaccine,1,INFANTS,Infants,NATIONWIDE,6 WEEKS,WHO/UNICEF Joint Reporting Form on Immunization
RWA,Rwanda,AFR,2023,BCG,Bacille Calmette-Guerin vaccine,1,INFANTS,Infants,NATIONWIDE,AT BIRTH,WHO/UNICEF Joint Reporting Form on Immunization
RWA,Rwanda,AFR,2023,DTP,Diphtheria-tetanus-pertussis vaccine,2,INFANTS,Infants,NATIONWIDE,6 WEEKS;10 WEEKS,WHO/UNICEF Joint Reporting Form on Immunization
RWA,Rwanda,AFR,2023,OPV,Oral polio vaccine,4,INFANTS,Infants,NATIONWIDE,AT BIRTH;6 WEEKS;10 WEEKS;14 WEEKS,WHO/UNICEF Joint Reporting Form on Immunization
RWA,Rwanda,AFR,2023,MCV,Measles-containing vaccine,2,INFANTS;CHILDREN,Infants And Children,NATIONWIDE,9 MONTHS;18 MONTHS,WHO/UNICEF Joint Reporting Form on Immunization
RWA,Rwanda,AFR,2023,HEPB,Hepatitis B vaccine,3,INFANTS,Infants,NATIONWIDE,6 WEEKS;10 WEEKS;14 WEEKS,WHO/UNICEF Joint Reporting Form on Immunization
RWA,Rwanda,AFR,2023,HIB,Haemophilus influenzae type b vaccine,3,INFANTS,Infants,NATIONWIDE,6 WEEKS;10 WEEKS;14 WEEKS,WHO/UNICEF Joint Reporting Form on Immunization
RWA,Rwanda,AFR,2023,PCV,Pneumococcal conjugate vaccine,3,INFANTS,Infants,NATIONWIDE,6 WEEKS;10 WEEKS;14 WEEKS,WHO/UNICEF Joint Reporting Form on Immunization
RWA,Rwanda,AFR,2023,ROTA,Rotavirus vaccine,2,INFANTS,Infants,NATIONWIDE,6 WEEKS;10 WEEKS,WHO/UNICEF Joint Reporting Form on Immunization
SAU,Saudi Arabia,EMR,2023,BCG,Bacille Calmette-Guerin vaccine,1,INFANTS,Infants,NATIONWIDE,AT BIRTH,WHO/UNICEF Joint Reporting Form on Immunization
SAU,Saudi Arabia,EMR,2023,DTP,Diphtheria-tetanus-pertussis vaccine,3,INFANTS,Infants,NATIONWIDE,6 WEEKS;10 WEEKS;14 WEEKS,WHO/UNICEF Joint Reporting Form on Immunization
SAU,Saudi Arabia,EMR,2023,OPV,Oral polio vaccine,4,INFANTS,Infants,NATIONWIDE,AT BIRTH;6 WEEKS;10 WEEKS;14 WEEKS,WHO/UNICEF Joint Reporting Form on Immunization
SAU,Saudi Arabia,EMR,2023,MCV,Measles-containing vaccine,2,INFANTS;CHILDREN,Infants And Children,NATIONWIDE,9 MONTHS;18 MONTHS,WHO/UNICEF Joint Reporting Form on Immunization
SAU,Saudi Arabia,EMR,2023,HEPB,Hepatitis B vaccine,3,INFANTS,Infants,NATIONWIDE,6 WEEKS;10 WEEKS;14 WEEKS,WHO/UNICEF Joint Reporting Form on Immunization
SAU,Saudi Arabia,EMR,2023,HIB,Haemophilus influenzae type b vaccine,3,INFANTS,Infants,NATIONWIDE,6 WEEKS;10 WEEKS;14 WEEKS,WHO/UNICEF Joint Reporting Form on Immunization
SAU,Saudi Arabia,EMR,2023,PCV,Pneumococcal conjugate vaccine,3,INFANTS,Infants,NATIONWIDE,6 WEEKS;10 WEEKS;14 WEEKS,WHO/UNICEF Joint Reporting Form on Immunization
SAU,Saudi Arabia,EMR,2023,ROTA,Rotavirus vaccine,2,INFANTS,Infants,NATIONWIDE,6 WEEKS;10 WEEKS,WHO/UNICEF Joint Reporting Form on Immunization
SDN,Sudan,EMR,2023,BCG,Bacille Calmette-Guerin vaccine,1,INFANTS,Infants,NATIONWIDE,AT BIRTH,WHO/UNICEF Joint Reporting Form on Immunization
SDN,Sudan,EMR,2023,DTP,Diphtheria-tetanus-pertussis vaccine,3,INFANTS,Infants,NATIONWIDE,6 WEEKS;10 WEEKS;14 WEEKS,WHO/UNICEF Joint Reporting Form on Immunization
SDN,Sudan,EMR,2023,OPV,Oral polio vaccine,4,INFANTS,Infants,NATIONWIDE,AT BIRTH;6 WEEKS;10 WEEKS;14 WEEKS,WHO/UNICEF Joint Reporting Form on Immunization
SDN,Sudan,EMR,2023,MCV,Measles-containing vaccine,2,INFANTS;CHILDREN,Infants And Children,NATIONWIDE,9 MONTHS;18 MONTHS,WHO/UNICEF Joint Reporting Form on Immunization
SDN,Sudan,EMR,2023,HEPB,Hepatitis B vaccine,3,INFANTS,Infants,NATIONWIDE,6 WEEKS;10 WEEKS;14 WEEKS,WHO/UNICEF Joint Reporting Form on Immunization
SDN,Sudan,EMR,2023,HIB,Haemophilus influenzae type b vaccine,3,INFANTS,Infants,NATIONWIDE,6 WEEKS;10 WEEKS;14 WEEKS,WHO/UNICEF Joint Reporting Form on Immunization
SDN,Sudan,EMR,2023,PCV,Pneumococcal conjugate vaccine,3,INFANTS,Infants,NATIONWIDE,6 WEEKS;10 WEEKS;14 WEEKS,WHO/UNICEF Joint Reporting Form on Immunization
SDN,Sudan,EMR,2023,ROTA,Rotavirus vaccine,2,INFANTS,Infants,NATIONWIDE,6 WEEKS;10 WEEKS,WHO/UNICEF Joint Reporting Form on Immunization
SDN736,Sudan (former),EMR,2023,BCG,Bacille Calmette-Guerin vaccine,1,INFANTS,Infants,NATIONWIDE,AT BIRTH,WHO/UNICEF Joint Reporting Form on Immunization
SDN736,Sudan (former),EMR,2023,DTP,Diphtheria-tetanus-pertussis vaccine,3,INFANTS,Infants,NATIONWIDE,6 WEEKS;10 WEEKS;14 WEEKS,WHO/UNICEF Joint Reporting Form on Immunization
SDN736,Sudan (former),EMR,2023,OPV,Oral polio vaccine,4,INFANTS,Infants,NATIONWIDE,AT BIRTH;6 WEEKS;10 WEEKS;14 WEEKS,WHO/UNICEF Joint Reporting Form on Immunization
SDN736,Sudan (former),EMR,2023,MCV,Measles-containing vaccine,1,INFANTS;CHILDREN,Infants And Children,NATIONWIDE,9 MONTHS,WHO/UNICEF Joint Reporting Form on Immunization
SDN736,Sudan (former),EMR,2023,HEPB,Hepatitis B vaccine,3,INFANTS,Infants,NATIONWIDE,6 WEEKS;10 WEEKS;14 WEEKS,WHO/UNICEF Joint Reporting Form on Immunization
SDN736,Sudan (former),EMR,2023,HIB,Haemophilus influenzae type b vaccine,2,INFANTS,Infants,NATIONWIDE,6 WEEKS;10 WEEKS,WHO/UNICEF Joint Reporting Form on Immunization
SDN736,Sudan (former),EMR,2023,PCV,Pneumococcal conjugate vaccine,3,INFANTS,Infants,NATIONWIDE,6 WEEKS;10 WEEKS;14 WEEKS,WHO/UNICEF Joint Reporting Form on Immunization
SDN736,Sudan (former),EMR,2023,ROTA,Rotavirus vaccine,2,INFANTS,Infants,NATIONWIDE,6 WEEKS;10 WEEKS,WHO/UNICEF Joint Reporting Form on Immunization
SEN,Senegal,AFR,2023,BCG,Bacille Calmette-Guerin vaccine,1,INFANTS,Infants,NATIONWIDE,AT BIRTH,WHO/UNICEF Joint Reporting Form on Immunization
SEN,Senegal,AFR,2023,DTP,Diphtheria-tetanus-pertussis vaccine,3,INFANTS,Infants,NATIONWIDE,6 WEEKS;10 WEEKS;14 WEEKS,WHO/UNICEF Joint Reporting Form on Immunization
SEN,Senegal,AFR,2023,OPV,Oral polio vaccine,3,INFANTS,Infants,NATIONWIDE,AT BIRTH;6 WEEKS;10 WEEKS,WHO/UNICEF Joint Reporting Form on Immunization
SEN,Senegal,AFR,2023,MCV,Measles-containing vaccine,2,INFANTS;CHILDREN,Infants And Children,NATIONWIDE,9 MONTHS;18 MONTHS,WHO/UNICEF Joint Reporting Form on Immunization
SEN,Senegal,AFR,2023,HEPB,Hepatitis B vaccine,2,INFANTS,Infants,NATIONWIDE,6 WEEKS;10 WEEKS,WHO/UNICEF Joint Reporting Form on Immunization
SEN,Senegal,AFR,2023,HIB,Haemophilus influenzae type b vaccine,2,INFANTS,Infants,NATIONWIDE,6 WEEKS;10 WEEKS,WHO/UNICEF Joint Reporting Form on Immunization
SEN,Senegal,AFR,2023,PCV,Pneumococcal conjugate vaccine,3,INFANTS,Infants,NATIONWIDE,6 WEEKS;10 WEEKS;14 WEEKS,WHO/UNICEF Joint Reporting Form on Immunization
SEN,Senegal,AFR,2023,ROTA,Rotavirus vaccine,2,INFANTS,Infants,NATIONWIDE,6 WEEKS;10 WEEKS,WHO/UNICEF Joint Reporting Form on Immunization
SGP,Singapore,WPR,2023,BCG,Bacille Calmette-Guerin vaccine,1,INFANTS,Infants,NATIONWIDE,AT BIRTH,WHO/UNICEF Joint Reporting Form on Immunization
SGP,Singapore,WPR,2023,DTP,Diphtheria-tetanus-pertussis vaccine,3,INFANTS,Infants,NATIONWIDE,6 WEEKS;10 WEEKS;14 WEEKS,WHO/UNICEF Joint Reporting Form on Immunization
SGP,Singapore,WPR,2023,OPV,Oral polio vaccine,4,INFANTS,Infants,NATIONWIDE,AT BIRTH;6 WEEKS;10 WEEKS;14 WEEKS,WHO/UNICEF Joint Reporting Form on Immunization
SGP,Singapore,WPR,2023,MCV,Measles-containing vaccine,2,INFANTS;CHILDREN,Infants And Children,NATIONWIDE,9 MONTHS;18 MONTHS,WHO/UNICEF Joint Reporting Form on Immunization
SGP,Singapore,WPR,2023,HEPB,Hepatitis B vaccine,2,INFANTS,Infants,NATIONWIDE,6 WEEKS;10 WEEKS,WHO/UNICEF Joint Reporting Form on Immunization
SGP,Singapore,WPR,2023,HIB,Haemophilus influenzae type b vaccine,3,INFANTS,Infants,NATIONWIDE,6 WEEKS;10 WEEKS;14 WEEKS,WHO/UNICEF Joint Reporting Form on Immunization
SGP,Singapore,WPR,2023,PCV,Pneumococcal conjugate vaccine,3,INFANTS,Infants,NATIONWIDE,6 WEEKS;10 WEEKS;14 WEEKS,WHO/UNICEF Joint Reporting Form on Immunization
SGP,Singapore,WPR,2023,ROTA,Rotavirus vaccine,2,INFANTS,Infants,NATIONWIDE,6 WEEKS;10 WEEKS,WHO/UNICEF Joint Reporting Form on Immunization
SHN,"St Helena, Ascension and Tristan da Cunha",AFR,2023,BCG,Bacille Calmette-Guerin vaccine,1,INFANTS,Infants,NATIONWIDE,AT BIRTH,WHO/UNICEF Joint Reporting Form on Immunization
SHN,"St Helena, Ascension and Tristan da Cunha",AFR,2023,DTP,Diphtheria-tetanus-pertussis vaccine,2,INFANTS,Infants,NATIONWIDE,6 WEEKS;10 WEEKS,WHO/UNICEF Joint Reporting Form on Immunization
SHN,"St Helena, Ascension and Tristan da Cunha",AFR,2023,OPV,Oral polio vaccine,4,INFANTS,Infants,NATIONWIDE,AT BIRTH;6 WEEKS;10 WEEKS;14 WEEKS,WHO/UNICEF Joint Reporting Form on Immunization
SHN,"St Helena, Ascension and Tristan da Cunha",AFR,2023,MCV,Measles-containing vaccine,1,INFANTS;CHILDREN,Infants And Children,NATIONWIDE,9 MONTHS,WHO/UNICEF Joint Reporting Form on Immunization
SHN,"St Helena, Ascension and Tristan da Cunha",AFR,2023,HEPB,Hepatitis B vaccine,3,INFANTS,Infants,NATIONWIDE,6 WEEKS;10 WEEKS;14 WEEKS,WHO/UNICEF Joint Reporting Form on Immunization
SHN,"St Helena, Ascension and Tristan da Cunha",AFR,2023,HIB,Haemophilus influenzae type b vaccine,2,INFANTS,Infants,NATIONWIDE,6 WEEKS;10 WEEKS,WHO/UNICEF Joint Reporting Form on Immunization
SHN,"St Helena, Ascension and Tristan da Cunha",AFR,2023,PCV,Pneumococcal conjugate vaccine,3,INFANTS,Infants,NATIONWIDE,6 WEEKS;10 WEEKS;14 WEEKS,WHO/UNICEF Joint Reporting Form on Immunization
SHN,"St Helena, Ascension and Tristan da Cunha",AFR,2023,ROTA,Rotavirus vaccine,2,INFANTS,Infants,NATIONWIDE,6 WEEKS;10 WEEKS,WHO/UNICEF Joint Reporting Form on Immunization
SLB,Solomon Islands,WPR,2023,BCG,Bacille Calmette-Guerin vaccine,1,INFANTS,Infants,NATIONWIDE,AT BIRTH,WHO/UNICEF Joint Reporting Form on Immunization
SLB,Solomon Islands,WPR,2023,DTP,Diphtheria-tetanus-pertussis vaccine,3,INFANTS,Infants,NATIONWIDE,6 WEEKS;10 WEEKS;14 WEEKS,WHO/UNICEF Joint Reporting Form on Immunization
SLB,Solomon Islands,WPR,2023,OPV,Oral polio vaccine,4,INFANTS,Infants,NATIONWIDE,AT BIRTH;6 WEEKS;10 WEEKS;14 WEEKS,WHO/UNICEF Joint Reporting Form on Immunization
SLB,Solomon Islands,WPR,2023,MCV,Measles-containing vaccine,2,INFANTS;CHILDREN,Infants And Children,NATIONWIDE,9 MONTHS;18 MONTHS,WHO/UNICEF Joint Reporting Form on Immunization
SLB,Solomon Islands,WPR,2023,HEPB,Hepatitis B vaccine,3,INFANTS,Infants,NATIONWIDE,6 WEEKS;10 WEEKS;14 WEEKS,WHO/UNICEF Joint Reporting Form on Immunization
SLB,Solomon Islands,WPR,2023,HIB,Haemophilus influenzae type b vaccine,3,INFANTS,Infants,NATIONWIDE,6 WEEKS;10 WEEKS;14 WEEKS,WHO/UNICEF Joint Reporting Form on Immunization
SLB,Solomon Islands,WPR,2023,PCV,Pneumococcal conjugate vaccine,3,INFANTS,Infants,NATIONWIDE,6 WEEKS;10 WEEKS;14 WEEKS,WHO/UNICEF Joint Reporting Form on Immunization
SLB,Solomon Islands,WPR,2023,ROTA,Rotavirus vaccine,2,INFANTS,Infants,NATIONWIDE,6 WEEKS;10 WEEKS,WHO/UNICEF Joint Reporting Form on Immunization
SLE,Sierra Leone,AFR,2023,BCG,Bacille Calmette-Guerin vaccine,1,INFANTS,Infants,NATIONWIDE,AT BIRTH,WHO/UNICEF Joint Reporting Form on Immunization
SLE,Sierra Leone,AFR,2023,DTP,Diphtheria-tetanus-pertussis vaccine,3,INFANTS,Infants,NATIONWIDE,6 WEEKS;10 WEEKS;14 WEEKS,WHO/UNICEF Joint Reporting Form on Immunization
SLE,Sierra Leone,AFR,2023,OPV,Oral polio vaccine,4,INFANTS,Infants,NATIONWIDE,AT BIRTH;6 WEEKS;10 WEEKS;14 WEEKS,WHO/UNICEF Joint Reporting Form on Immunization
SLE,Sierra Leone,AFR,2023,MCV,Measles-containing vaccine,2,INFANTS;CHILDREN,Infants And Children,NATIONWIDE,9 MONTHS;18 MONTHS,WHO/UNICEF Joint Reporting Form on Immunization
SLE,Sierra Leone,AFR,2023,HEPB,Hepatitis B vaccine,3,INFANTS,Infants,NATIONWIDE,6 WEEKS;10 WEEKS;14 WEEKS,WHO/UNICEF Joint Reporting Form on Immunization
SLE,Sierra Leone,AFR,2023,HIB,Haemophilus influenzae type b vaccine,3,INFANTS,Infants,NATIONWIDE,6 WEEKS;10 WEEKS;14 WEEKS,WHO/UNICEF Joint Reporting Form on Immunization
SLE,Sierra Leone,AFR,2023,PCV,Pneumococcal conjugate vaccine,3,INFANTS,Infants,NATIONWIDE,6 WEEKS;10 WEEKS;14 WEEKS,WHO/UNICEF Joint Reporting Form on Immunization
SLE,Sierra Leone,AFR,2023,ROTA,Rotavirus vaccine,1,INFANTS,Infants,NATIONWIDE,6 WEEKS,WHO/UNICEF Joint Reporting Form on Immunization
SLV,El Salvador,AMR,2023,BCG,Bacille Calmette-Guerin vaccine,1,INFANTS,Infants,NATIONWIDE,AT BIRTH,WHO/UNICEF Joint Reporting Form on Immunization
SLV,El Salvador,AMR,2023,DTP,Diphtheria-tetanus-pertussis vaccine,3,INFANTS,Infants,NATIONWIDE,6 WEEKS;10 WEEKS;14 WEEKS,WHO/UNICEF Joint Reporting Form on Immunization
SLV,El Salvador,AMR,2023,OPV,Oral polio vaccine,4,INFANTS,Infants,NATIONWIDE,AT BIRTH;6 WEEKS;10 WEEKS;14 WEEKS,WHO/UNICEF Joint Reporting Form on Immunization
SLV,El Salvador,AMR,2023,MCV,Measles-containing vaccine,2,INFANTS;CHILDREN,Infants And Children,NATIONWIDE,9 MONTHS;18 MONTHS,WHO/UNICEF Joint Reporting Form on Immunization
SLV,El Salvador,AMR,2023,HEPB,Hepatitis B vaccine,3,INFANTS,Infants,NATIONWIDE,6 WEEKS;10 WEEKS;14 WEEKS,WHO/UNICEF Joint Reporting Form on Immunization
SLV,El Salvador,AMR,2023,HIB,Haemophilus influenzae type b vaccine,3,INFANTS,Infants,NATIONWIDE,6 WEEKS;10 WEEKS;14 WEEKS,WHO/UNICEF Joint Reporting Form on Immunization
SLV,El Salvador,AMR,2023,PCV,Pneumococcal conjugate vaccine,3,INFANTS,Infants,NATIONWIDE,6 WEEKS;10 WEEKS;14 WEEKS,WHO/UNICEF Joint Reporting Form on Immunization
SLV,El Salvador,AMR,2023,ROTA,Rotavirus vaccine,2,INFANTS,Infants,NATIONWIDE,6 WEEKS;10 WEEKS,WHO/UNICEF Joint Reporting Form on Immunization
SMR,San Marino,EUR,2023,BCG,Bacille Calmette-Guerin vaccine,1,INFANTS,Infants,NATIONWIDE,AT BIRTH,WHO/UNICEF Joint Reporting Form on Immunization
SMR,San Marino,EUR,2023,DTP,Diphtheria-tetanus-pertussis vaccine,3,INFANTS,Infants,NATIONWIDE,6 WEEKS;10 WEEKS;14 WEEKS,WHO/UNICEF Joint Reporting Form on Immunization
SMR,San Marino,EUR,2023,OPV,Oral polio vaccine,3,INFANTS,Infants,NATIONWIDE,AT BIRTH;6 WEEKS;10 WEEKS,WHO/UNICEF Joint Reporting Form on Immunization
SMR,San Marino,EUR,2023,MCV,Measles-containing vaccine,1,INFANTS;CHILDREN,Infants And Children,NATIONWIDE,9 MONTHS,WHO/UNICEF Joint Reporting Form on Immunization
SMR,San Marino,EUR,2023,HEPB,Hepatitis B vaccine,2,INFANTS,Infants,NATIONWIDE,6 WEEKS;10 WEEKS,WHO/UNICEF Joint Reporting Form on Immunization
SMR,San Marino,EUR,2023,HIB,Haemophilus influenzae type b vaccine,2,INFANTS,Infants,NATIONWIDE,6 WEEKS;10 WEEKS,WHO/UNICEF Joint Reporting Form on Immunization
SMR,San Marino,EUR,2023,PCV,Pneumococcal conjugate vaccine,3,INFANTS,Infants,NATIONWIDE,6 WEEKS;10 WEEKS;14 WEEKS,WHO/UNICEF Joint Reporting Form on Immunization
SMR,San Marino,EUR,2023,ROTA,Rotavirus vaccine,2,INFANTS,Infants,NATIONWIDE,6 WEEKS;10 WEEKS,WHO/UNICEF Joint Reporting Form on Immunization
SOM,Somalia,EMR,2023,BCG,Bacille Calmette-Guerin vaccine,1,INFANTS,Infants,NATIONWIDE,AT BIRTH,WHO/UNICEF Joint Reporting Form on Immunization
SOM,Somalia,EMR,2023,DTP,Diphtheria-tetanus-pertussis vaccine,3,INFANTS,Infants,NATIONWIDE,6 WEEKS;10 WEEKS;14 WEEKS,WHO/UNICEF Joint Reporting Form on Immunization
SOM,Somalia,EMR,2023,OPV,Oral polio vaccine,4,INFANTS,Infants,NATIONWIDE,AT BIRTH;6 WEEKS;10 WEEKS;14 WEEKS,WHO/UNICEF Joint Reporting Form on Immunization
SOM,Somalia,EMR,2023,MCV,Measles-containing vaccine,1,INFANTS;CHILDREN,Infants And Children,NATIONWIDE,9 MONTHS,WHO/UNICEF Joint Reporting Form on Immunization
SOM,Somalia,EMR,2023,HEPB,Hepatitis B vaccine,3,INFANTS,Infants,NATIONWIDE,6 WEEKS;10 WEEKS;14 WEEKS,WHO/UNICEF Joint Reporting Form on Immunization
SOM,Somalia,EMR,2023,HIB,Haemophilus influenzae type b vaccine,3,INFANTS,Infants,NATIONWIDE,6 WEEKS;10 WEEKS;14 WEEKS,WHO/UNICEF Joint Reporting Form on Immunization
SOM,Somalia,EMR,2023,PCV,Pneumococcal conjugate vaccine,3,INFANTS,Infants,NATIONWIDE,6 WEEKS;10 WEEKS;14 WEEKS,WHO/UNICEF Joint Reporting Form on Immunization
SOM,Somalia,EMR,2023,ROTA,Rotavirus vaccine,2,INFANTS,Infants,NATIONWIDE,6 WEEKS;10 WEEKS,WHO/UNICEF Joint Reporting Form on Immunization
SPM,Saint Pierre and Miquelon,AMR,2023,BCG,Bacille Calmette-Guerin vaccine,1,INFANTS,Infants,NATIONWIDE,AT BIRTH,WHO/UNICEF Joint Reporting Form on Immunization
SPM,Saint Pierre and Miquelon,AMR,2023,DTP,Diphtheria-tetanus-pertussis vaccine,3,INFANTS,Infants,NATIONWIDE,6 WEEKS;10 WEEKS;14 WEEKS,WHO/UNICEF Joint Reporting Form on Immunization
SPM,Saint Pierre and Miquelon,AMR,2023,OPV,Oral polio vaccine,4,INFANTS,Infants,NATIONWIDE,AT BIRTH;6 WEEKS;10 WEEKS;14 WEEKS,WHO/UNICEF Joint Reporting Form on Immunization
SPM,Saint Pierre and Miquelon,AMR,2023,MCV,Measles-containing vaccine,2,INFANTS;CHILDREN,Infants And Children,NATIONWIDE,9 MONTHS;18 MONTHS,WHO/UNICEF Joint Reporting Form on Immunization
SPM,Saint Pierre and Miquelon,AMR,2023,HEPB,Hepatitis B vaccine,2,INFANTS,Infants,NATIONWIDE,6 WEEKS;10 WEEKS,WHO/UNICEF Joint Reporting Form on Immunization
SPM,Saint Pierre and Miquelon,AMR,2023,HIB,Haemophilus influenzae type b vaccine,3,INFANTS,Infants,NATIONWIDE,6 WEEKS;10 WEEKS;14 WEEKS,WHO/UNICEF Joint Reporting Form on Immunization
SPM,Saint Pierre and Miquelon,AMR,2023,PCV,Pneumococcal conjugate vaccine,3,INFANTS,Infants,NATIONWIDE,6 WEEKS;10 WEEKS;14 WEEKS,WHO/UNICEF Joint Reporting Form on Immunization
SPM,Saint Pierre and Miquelon,AMR,2023,ROTA,Rotavirus vaccine,2,INFANTS,Infants,NATIONWIDE,6 WEEKS;10 WEEKS,WHO/UNICEF Joint Reporting Form on Immunization
SRB,Serbia,EUR,2023,BCG,Bacille Calmette-Guerin vaccine,1,INFANTS,Infants,NATIONWIDE,AT BIRTH,WHO/UNICEF Joint Reporting Form on Immunization
SRB,Serbia,EUR,2023,DTP,Diphtheria-tetanus-pertussis vaccine,3,INFANTS,Infants,NATIONWIDE,6 WEEKS;10 WEEKS;14 WEEKS,WHO/UNICEF Joint Reporting Form on Immunization
SRB,Serbia,EUR,2023,OPV,Oral polio vaccine,3,INFANTS,Infants,NATIONWIDE,AT BIRTH;6 WEEKS;10 WEEKS,WHO/UNICEF Joint Reporting Form on Immunization
SRB,Serbia,EUR,2023,MCV,Measles-containing vaccine,2,INFANTS;CHILDREN,Infants And Children,NATIONWIDE,9 MONTHS;18 MONTHS,WHO/UNICEF Joint Reporting Form on Immunization
SRB,Serbia,EUR,2023,HEPB,Hepatitis B vaccine,3,INFANTS,Infants,NATIONWIDE,6 WEEKS;10 WEEKS;14 WEEKS,WHO/UNICEF Joint Reporting Form on Immunization
SRB,Serbia,EUR,2023,HIB,Haemophilus influenzae type b vaccine,3,INFANTS,Infants,NATIONWIDE,6 WEEKS;10 WEEKS;14 WEEKS,WHO/UNICEF Joint Reporting Form on Immunization
SRB,Serbia,EUR,2023,PCV,Pneumococcal conjugate vaccine,3,INFANTS,Infants,NATIONWIDE,6 WEEKS;10 WEEKS;14 WEEKS,WHO/UNICEF Joint Reporting Form on Immunization
SRB,Serbia,EUR,2023,ROTA,Rotavirus vaccine,2,INFANTS,Infants,NATIONWIDE,6 WEEKS;10 WEEKS,WHO/UNICEF Joint Reporting Form on Immunization
SSD,South Sudan,AFR,2023,BCG,Bacille Calmette-Guerin vaccine,1,INFANTS,Infants,NATIONWIDE,AT BIRTH,WHO/UNICEF Joint Reporting Form on Immunization
SSD,South Sudan,AFR,2023,DTP,Diphtheria-tetanus-pertussis vaccine,2,INFANTS,Infants,NATIONWIDE,6 WEEKS;10 WEEKS,WHO/UNICEF Joint Reporting Form on Immunization
SSD,South Sudan,AFR,2023,OPV,Oral polio vaccine,4,INFANTS,Infants,NATIONWIDE,AT BIRTH;6 WEEKS;10 WEEKS;14 WEEKS,WHO/UNICEF Joint Reporting Form on Immunization
SSD,South Sudan,AFR,2023,MCV,Measles-containing vaccine,2,INFANTS;CHILDREN,Infants And Children,NATIONWIDE,9 MONTHS;18 MONTHS,WHO/UNICEF Joint Reporting Form on Immunization
SSD,South Sudan,AFR,2023,HEPB,Hepatitis B vaccine,3,INFANTS,Infants,NATIONWIDE,6 WEEKS;10 WEEKS;14 WEEKS,WHO/UNICEF Joint Reporting Form on Immunization
SSD,South Sudan,AFR,2023,HIB,Haemophilus influenzae type b vaccine,3,INFANTS,Infants,NATIONWIDE,6 WEEKS;10 WEEKS;14 WEEKS,WHO/UNICEF Joint Reporting Form on Immunization
SSD,South Sudan,AFR,2023,PCV,Pneumococcal conjugate vaccine,2,INFANTS,Infants,NATIONWIDE,6 WEEKS;10 WEEKS,WHO/UNICEF Joint Reporting Form on Immunization
SSD,South Sudan,AFR,2023,ROTA,Rotavirus vaccine,2,INFANTS,Infants,NATIONWIDE,6 WEEKS;10 WEEKS,WHO/UNICEF Joint Reporting Form on Immunization
STP,Sao Tome and Principe,AFR,2023,BCG,Bacille Calmette-Guerin vaccine,1,INFANTS,Infants,NATIONWIDE,AT BIRTH,WHO/UNICEF Joint Reporting Form on Immunization
STP,Sao Tome and Principe,AFR,2023,DTP,Diphtheria-tetanus-pertussis vaccine,3,INFANTS,Infants,NATIONWIDE,6 WEEKS;10 WEEKS;14 WEEKS,WHO/UNICEF Joint Reporting Form on Immunization
STP,Sao Tome and Principe,AFR,2023,OPV,Oral polio vaccine,4,INFANTS,Infants,NATIONWIDE,AT BIRTH;6 WEEKS;10 WEEKS;14 WEEKS,WHO/UNICEF Joint Reporting Form on Immunization
STP,Sao Tome and Principe,AFR,2023,MCV,Measles-containing vaccine,2,INFANTS;CHILDREN,Infants And Children,NATIONWIDE,9 MONTHS;18 MONTHS,WHO/UNICEF Joint Reporting Form on Immunization
STP,Sao Tome and Principe,AFR,2023,HEPB,Hepatitis B vaccine,3,INFANTS,Infants,NATIONWIDE,6 WEEKS;10 WEEKS;14 WEEKS,WHO/UNICEF Joint Reporting Form on Immunization
STP,Sao Tome and Principe,AFR,2023,HIB,Haemophilus influenzae type b vaccine,3,INFANTS,Infants,NATIONWIDE,6 WEEKS;10 WEEKS;14 WEEKS,WHO/UNICEF Joint Reporting Form on Immunization
STP,Sao Tome and Principe,AFR,2023,PCV,Pneumococcal conjugate vaccine,3,INFANTS,Infants,NATIONWIDE,6 WEEKS;10 WEEKS;14 WEEKS,WHO/UNICEF Joint Reporting Form on Immunization
STP,Sao Tome and Principe,AFR,2023,ROTA,Rotavirus vaccine,2,INFANTS,Infants,NATIONWIDE,6 WEEKS;10 WEEKS,WHO/UNICEF Joint Reporting Form on Immunization
SUR,Suriname,AMR,2023,BCG,Bacille Calmette-Guerin vaccine,1,INFANTS,Infants,NATIONWIDE,AT BIRTH,WHO/UNICEF Joint Reporting Form on Immunization
SUR,Suriname,AMR,2023,DTP,Diphtheria-tetanus-pertussis vaccine,3,INFANTS,Infants,NATIONWIDE,6 WEEKS;10 WEEKS;14 WEEKS,WHO/UNICEF Joint Reporting Form on Immunization
SUR,Suriname,AMR,2023,OPV,Oral polio vaccine,4,INFANTS,Infants,NATIONWIDE,AT BIRTH;6 WEEKS;10 WEEKS;14 WEEKS,WHO/UNICEF Joint Reporting Form on Immunization
SUR,Suriname,AMR,2023,MCV,Measles-containing vaccine,2,INFANTS;CHILDREN,Infants And Children,NATIONWIDE,9 MONTHS;18 MONTHS,WHO/UNICEF Joint Reporting Form on Immunization
SUR,Suriname,AMR,2023,HEPB,Hepatitis B vaccine,3,INFANTS,Infants,NATIONWIDE,6 WEEKS;10 WEEKS;14 WEEKS,WHO/UNICEF Joint Reporting Form on Immunization
SUR,Suriname,AMR,2023,HIB,Haemophilus influenzae type b vaccine,3,INFANTS,Infants,NATIONWIDE,6 WEEKS;10 WEEKS;14 WEEKS,WHO/UNICEF Joint Reporting Form on Immunization
SUR,Suriname,AMR,2023,PCV,Pneumococcal conjugate vaccine,3,INFANTS,Infants,NATIONWIDE,6 WEEKS;10 WEEKS;14 WEEKS,WHO/UNICEF Joint Reporting Form on Immunization
SUR,Suriname,AMR,2023,ROTA,Rotavirus vaccine,2,INFANTS,Infants,NATIONWIDE,6 WEEKS;10 WEEKS,WHO/UNICEF Joint Reporting Form on Immunization
SVK,Slovakia,EUR,2023,BCG,Bacille Calmette-Guerin vaccine,1,INFANTS,Infants,NATIONWIDE,AT BIRTH,WHO/UNICEF Joint Reporting Form on Immunization
SVK,Slovakia,EUR,2023,DTP,Diphtheria-tetanus-pertussis vaccine,3,INFANTS,Infants,NATIONWIDE,6 WEEKS;10 WEEKS;14 WEEKS,WHO/UNICEF Joint Reporting Form on Immunization
SVK,Slovakia,EUR,2023,OPV,Oral polio vaccine,4,INFANTS,Infants,NATIONWIDE,AT BIRTH;6 WEEKS;10 WEEKS;14 WEEKS,WHO/UNICEF Joint Reporting Form on Immunization
SVK,Slovakia,EUR,2023,MCV,Measles-containing vaccine,2,INFANTS;CHILDREN,Infants And Children,NATIONWIDE,9 MONTHS;18 MONTHS,WHO/UNICEF Joint Reporting Form on Immunization
SVK,Slovakia,EUR,2023,HEPB,Hepatitis B vaccine,3,INFANTS,Infants,NATIONWIDE,6 WEEKS;10 WEEKS;14 WEEKS,WHO/UNICEF Joint Reporting Form on Immunization
SVK,Slovakia,EUR,2023,HIB,Haemophilus influenzae type b vaccine,3,INFANTS,Infants,NATIONWIDE,6 WEEKS;10 WEEKS;14 WEEKS,WHO/UNICEF Joint Reporting Form on Immunization
SVK,Slovakia,EUR,2023,PCV,Pneumococcal conjugate vaccine,3,INFANTS,Infants,NATIONWIDE,6 WEEKS;10 WEEKS;14 WEEKS,WHO/UNICEF Joint Reporting Form on Immunization
SVK,Slovakia,EUR,2023,ROTA,Rotavirus vaccine,2,INFANTS,Infants,NATIONWIDE,6 WEEKS;10 WEEKS,WHO/UNICEF Joint Reporting Form on Immunization
SVN,Slovenia,EUR,2023,BCG,Bacille Calmette-Guerin vaccine,1,INFANTS,Infants,NATIONWIDE,AT BIRTH,WHO/UNICEF Joint Reporting Form on Immunization
SVN,Slovenia,EUR,2023,DTP,Diphtheria-tetanus-pertussis vaccine,2,INFANTS,Infants,NATIONWIDE,6 WEEKS;10 WEEKS,WHO/UNICEF Joint Reporting Form on Immunization
SVN,Slovenia,EUR,2023,OPV,Oral polio vaccine,4,INFANTS,Infants,NATIONWIDE,AT BIRTH;6 WEEKS;10 WEEKS;14 WEEKS,WHO/UNICEF Joint Reporting Form on Immunization
SVN,Slovenia,EUR,2023,MCV,Measles-containing vaccine,2,INFANTS;CHILDREN,Infants And Children,NATIONWIDE,9 MONTHS;18 MONTHS,WHO/UNICEF Joint Reporting Form on Immunization
SVN,Slovenia,EUR,2023,HEPB,Hepatitis B vaccine,2,INFANTS,Infants,NATIONWIDE,6 WEEKS;10 WEEKS,WHO/UNICEF Joint Reporting Form on Immunization
SVN,Slovenia,EUR,2023,HIB,Haemophilus influenzae type b vaccine,2,INFANTS,Infants,NATIONWIDE,6 WEEKS;10 WEEKS,WHO/UNICEF Joint Reporting Form on Immunization
SVN,Slovenia,EUR,2023,PCV,Pneumococcal conjugate vaccine,3,INFANTS,Infants,NATIONWIDE,6 WEEKS;10 WEEKS;14 WEEKS,WHO/UNICEF Joint Reporting Form on Immunization
SVN,Slovenia,EUR,2023,ROTA,Rotavirus vaccine,2,INFANTS,Infants,NATIONWIDE,6 WEEKS;10 WEEKS,WHO/UNICEF Joint Reporting Form on Immunization
SWE,Sweden,EUR,2023,BCG,Bacille Calmette-Guerin vaccine,1,INFANTS,Infants,NATIONWIDE,AT BIRTH,WHO/UNICEF Joint Reporting Form on Immunization
SWE,Sweden,EUR,2023,DTP,Diphtheria-tetanus-pertussis vaccine,3,INFANTS,Infants,NATIONWIDE,6 WEEKS;10 WEEKS;14 WEEKS,WHO/UNICEF Joint Reporting Form on Immunization
SWE,Sweden,EUR,2023,OPV,Oral polio vaccine,4,INFANTS,Infants,NATIONWIDE,AT BIRTH;6 WEEKS;10 WEEKS;14 WEEKS,WHO/UNICEF Joint Reporting Form on Immunization
SWE,Sweden,EUR,2023,MCV,Measles-containing vaccine,2,INFANTS;CHILDREN,Infants And Children,NATIONWIDE,9 MONTHS;18 MONTHS,WHO/UNICEF Joint Reporting Form on Immunization
SWE,Sweden,EUR,2023,HEPB,Hepatitis B vaccine,3,INFANTS,Infants,NATIONWIDE,6 WEEKS;10 WEEKS;14 WEEKS,WHO/UNICEF Joint Reporting Form on Immunization
SWE,Sweden,EUR,2023,HIB,Haemophilus influenzae type b vaccine,3,INFANTS,Infants,NATIONWIDE,6 WEEKS;10 WEEKS;14 WEEKS,WHO/UNICEF Joint Reporting Form on Immunization
SWE,Sweden,EUR,2023,PCV,Pneumococcal conjugate vaccine,3,INFANTS,Infants,NATIONWIDE,6 WEEKS;10 WEEKS;14 WEEKS,WHO/UNICEF Joint Reporting Form on Immunization
SWE,Sweden,EUR,2023,ROTA,Rotavirus vaccine,2,INFANTS,Infants,NATIONWIDE,6 WEEKS;10 WEEKS,WHO/UNICEF Joint Reporting Form on Immunization
SWZ,Eswatini,AFR,2023,BCG,Bacille Calmette-Guerin vaccine,1,INFANTS,Infants,NATIONWIDE,AT BIRTH,WHO/UNICEF Joint Reporting Form on Immunization
SWZ,Eswatini,AFR,2023,DTP,Diphtheria-tetanus-pertussis vaccine,3,INFANTS,Infants,NATIONWIDE,6 WEEKS;10 WEEKS;14 WEEKS,WHO/UNICEF Joint Reporting Form on Immunization
SWZ,Eswatini,AFR,2023,OPV,Oral polio vaccine,3,INFANTS,Infants,NATIONWIDE,AT BIRTH;6 WEEKS;10 WEEKS,WHO/UNICEF Joint Reporting Form on Immunization
SWZ,Eswatini,AFR,2023,MCV,Measles-containing vaccine,2,INFANTS;CHILDREN,Infants And Children,NATIONWIDE,9 MONTHS;18 MONTHS,WHO/UNICEF Joint Reporting Form on Immunization
SWZ,Eswatini,AFR,2023,HEPB,Hepatitis B vaccine,3,INFANTS,Infants,NATIONWIDE,6 WEEKS;10 WEEKS;14 WEEKS,WHO/UNICEF Joint Reporting Form on Immunization
SWZ,Eswatini,AFR,2023,HIB,Haemophilus influenzae type b vaccine,3,INFANTS,Infants,NATIONWIDE,6 WEEKS;10 WEEKS;14 WEEKS,WHO/UNICEF Joint Reporting Form on Immunization
SWZ,Eswatini,AFR,2023,PCV,Pneumococcal conjugate vaccine,3,INFANTS,Infants,NATIONWIDE,6 WEEKS;10 WEEKS;14 WEEKS,WHO/UNICEF Joint Reporting Form on Immunization
SWZ,Eswatini,AFR,2023,ROTA,Rotavirus vaccine,2,INFANTS,Infants,NATIONWIDE,6 WEEKS;10 WEEKS,WHO/UNICEF Joint Reporting Form on Immunization
SXM,Sint Maarten (Dutch part),AMR,2023,BCG,Bacille Calmette-Guerin vaccine,1,INFANTS,Infants,NATIONWIDE,AT BIRTH,WHO/UNICEF Joint Reporting Form on Immunization
SXM,Sint Maarten (Dutch part),AMR,2023,DTP,Diphtheria-tetanus-pertussis vaccine,3,INFANTS,Infants,NATIONWIDE,6 WEEKS;10 WEEKS;14 WEEKS,WHO/UNICEF Joint Reporting Form on Immunization
SXM,Sint Maarten (Dutch part),AMR,2023,OPV,Oral polio vaccine,4,INFANTS,Infants,NATIONWIDE,AT BIRTH;6 WEEKS;10 WEEKS;14 WEEKS,WHO/UNICEF Joint Reporting Form on Immunization
SXM,Sint Maarten (Dutch part),AMR,2023,MCV,Measles-containing vaccine,2,INFANTS;CHILDREN,Infants And Children,NATIONWIDE,9 MONTHS;18 MONTHS,WHO/UNICEF Joint Reporting Form on Immunization
SXM,Sint Maarten (Dutch part),AMR,2023,HEPB,Hepatitis B vaccine,3,INFANTS,Infants,NATIONWIDE,6 WEEKS;10 WEEKS;14 WEEKS,WHO/UNICEF Joint Reporting Form on Immunization
SXM,Sint Maarten (Dutch part),AMR,2023,HIB,Haemophilus influenzae type b vaccine,3,INFANTS,Infants,NATIONWIDE,6 WEEKS;10 WEEKS;14 WEEKS,WHO/UNICEF Joint Reporting Form on Immunization
SXM,Sint Maarten (Dutch part),AMR,2023,PCV,Pneumococcal conjugate vaccine,2,INFANTS,Infants,NATIONWIDE,6 WEEKS;10 WEEKS,WHO/UNICEF Joint Reporting Form on Immunization
SXM,Sint Maarten (Dutch part),AMR,2023,ROTA,Rotavirus vaccine,2,INFANTS,Infants,NATIONWIDE,6 WEEKS;10 WEEKS,WHO/UNICEF Joint Reporting Form on Immunization
SYC,Seychelles,AFR,2023,BCG,Bacille Calmette-Guerin vaccine,1,INFANTS,Infants,NATIONWIDE,AT BIRTH,WHO/UNICEF Joint Reporting Form on Immunization
SYC,Seychelles,AFR,2023,DTP,Diphtheria-tetanus-pertussis vaccine,3,INFANTS,Infants,NATIONWIDE,6 WEEKS;10 WEEKS;14 WEEKS,WHO/UNICEF Joint Reporting Form on Immunization
SYC,Seychelles,AFR,2023,OPV,Oral polio vaccine,4,INFANTS,Infants,NATIONWIDE,AT BIRTH;6 WEEKS;10 WEEKS;14 WEEKS,WHO/UNICEF Joint Reporting Form on Immunization
SYC,Seychelles,AFR,2023,MCV,Measles-containing vaccine,2,INFANTS;CHILDREN,Infants And Children,NATIONWIDE,9 MONTHS;18 MONTHS,WHO/UNICEF Joint Reporting Form on Immunization
SYC,Seychelles,AFR,2023,HEPB,Hepatitis B vaccine,3,INFANTS,Infants,NATIONWIDE,6 WEEKS;10 WEEKS;14 WEEKS,WHO/UNICEF Joint Reporting Form on Immunization
SYC,Seychelles,AFR,2023,HIB,Haemophilus influenzae type b vaccine,3,INFANTS,Infants,NATIONWIDE,6 WEEKS;10 WEEKS;14 WEEKS,WHO/UNICEF Joint Reporting Form on Immunization
SYC,Seychelles,AFR,2023,PCV,Pneumococcal conjugate vaccine,3,INFANTS,Infants,NATIONWIDE,6 WEEKS;10 WEEKS;14 WEEKS,WHO/UNICEF Joint Reporting Form on Immunization
SYC,Seychelles,AFR,2023,ROTA,Rotavirus vaccine,2,INFANTS,Infants,NATIONWIDE,6 WEEKS;10 WEEKS,WHO/UNICEF Joint Reporting Form on Immunization
SYR,Syrian Arab Republic,EMR,2023,BCG,Bacille Calmette-Guerin vaccine,1,INFANTS,Infants,NATIONWIDE,AT BIRTH,WHO/UNICEF Joint Reporting Form on Immunization
SYR,Syrian Arab Republic,EMR,2023,DTP,Diphtheria-tetanus-pertussis vaccine,3,INFANTS,Infants,NATIONWIDE,6 WEEKS;10 WEEKS;14 WEEKS,WHO/UNICEF Joint Reporting Form on Immunization
SYR,Syrian Arab Republic,EMR,2023,OPV,Oral polio vaccine,4,INFANTS,Infants,NATIONWIDE,AT BIRTH;6 WEEKS;10 WEEKS;14 WEEKS,WHO/UNICEF Joint Reporting Form on Immunization
SYR,Syrian Arab Republic,EMR,2023,MCV,Measles-containing vaccine,1,INFANTS;CHILDREN,Infants And Children,NATIONWIDE,9 MONTHS,WHO/UNICEF Joint Reporting Form on Immunization
SYR,Syrian Arab Republic,EMR,2023,HEPB,Hepatitis B vaccine,3,INFANTS,Infants,NATIONWIDE,6 WEEKS;10 WEEKS;14 WEEKS,WHO/UNICEF Joint Reporting Form on Immunization
SYR,Syrian Arab Republic,EMR,2023,HIB,Haemophilus influenzae type b vaccine,3,INFANTS,Infants,NATIONWIDE,6 WEEKS;10 WEEKS;14 WEEKS,WHO/UNICEF Joint Reporting Form on Immunization
SYR,Syrian Arab Republic,EMR,2023,PCV,Pneumococcal conjugate vaccine,3,INFANTS,Infants,NATIONWIDE,6 WEEKS;10 WEEKS;14 WEEKS,WHO/UNICEF Joint Reporting Form on Immunization
SYR,Syrian Arab Republic,EMR,2023,ROTA,Rotavirus vaccine,2,INFANTS,Infants,NATIONWIDE,6 WEEKS;10 WEEKS,WHO/UNICEF Joint Reporting Form on Immunization
TCA,Turks and Caicos Islands,AMR,2023,BCG,Bacille Calmette-Guerin vaccine,1,INFANTS,Infants,NATIONWIDE,AT BIRTH,WHO/UNICEF Joint Reporting Form on Immunization
TCA,Turks and Caicos Islands,AMR,2023,DTP,Diphtheria-tetanus-pertussis vaccine,3,INFANTS,Infants,NATIONWIDE,6 WEEKS;10 WEEKS;14 WEEKS,WHO/UNICEF Joint Reporting Form on Immunization
TCA,Turks and Caicos Islands,AMR,2023,OPV,Oral polio vaccine,4,INFANTS,Infants,NATIONWIDE,AT BIRTH;6 WEEKS;10 WEEKS;14 WEEKS,WHO/UNICEF Joint Reporting Form on Immunization
TCA,Turks and Caicos Islands,AMR,2023,MCV,Measles-containing vaccine,2,INFANTS;CHILDREN,Infants And Children,NATIONWIDE,9 MONTHS;18 MONTHS,WHO/UNICEF Joint Reporting Form on Immunization
TCA,Turks and Caicos Islands,AMR,2023,HEPB,Hepatitis B vaccine,3,INFANTS,Infants,NATIONWIDE,6 WEEKS;10 WEEKS;14 WEEKS,WHO/UNICEF Joint Reporting Form on Immunization
TCA,Turks and Caicos Islands,AMR,2023,HIB,Haemophilus influenzae type b vaccine,2,INFANTS,Infants,NATIONWIDE,6 WEEKS;10 WEEKS,WHO/UNICEF Joint Reporting Form on Immunization
TCA,Turks and Caicos Islands,AMR,2023,PCV,Pneumococcal conjugate vaccine,3,INFANTS,Infants,NATIONWIDE,6 WEEKS;10 WEEKS;14 WEEKS,WHO/UNICEF Joint Reporting Form on Immunization
TCA,Turks and Caicos Islands,AMR,2023,ROTA,Rotavirus vaccine,1,INFANTS,Infants,NATIONWIDE,6 WEEKS,WHO/UNICEF Joint Reporting Form on Immunization
TCD,Chad,AFR,2023,BCG,Bacille Calmette-Guerin vaccine,1,INFANTS,Infants,NATIONWIDE,AT BIRTH,WHO/UNICEF Joint Reporting Form on Immunization
TCD,Chad,AFR,2023,DTP,Diphtheria-tetanus-pertussis vaccine,2,INFANTS,Infants,NATIONWIDE,6 WEEKS;10 WEEKS,WHO/UNICEF Joint Reporting Form on Immunization
TCD,Chad,AFR,2023,OPV,Oral polio vaccine,4,INFANTS,Infants,NATIONWIDE,AT BIRTH;6 WEEKS;10 WEEKS;14 WEEKS,WHO/UNICEF Joint Reporting Form on Immunization
TCD,Chad,AFR,2023,MCV,Measles-containing vaccine,2,INFANTS;CHILDREN,Infants And Children,NATIONWIDE,9 MONTHS;18 MONTHS,WHO/UNICEF Joint Reporting Form on Immunization
TCD,Chad,AFR,2023,HEPB,Hepatitis B vaccine,3,INFANTS,Infants,NATIONWIDE,6 WEEKS;10 WEEKS;14 WEEKS,WHO/UNICEF Joint Reporting Form on Immunization
TCD,Chad,AFR,2023,HIB,Haemophilus influenzae type b vaccine,2,INFANTS,Infants,NATIONWIDE,6 WEEKS;10 WEEKS,WHO/UNICEF Joint Reporting Form on Immunization
TCD,Chad,AFR,2023,PCV,Pneumococcal conjugate vaccine,3,INFANTS,Infants,NATIONWIDE,6 WEEKS;10 WEEKS;14 WEEKS,WHO/UNICEF Joint Reporting Form on Immunization
TCD,Chad,AFR,2023,ROTA,Rotavirus vaccine,2,INFANTS,Infants,NATIONWIDE,6 WEEKS;10 WEEKS,WHO/UNICEF Joint Reporting Form on Immunization
TGO,Togo,AFR,2023,BCG,Bacille Calmette-Guerin vaccine,1,INFANTS,Infants,NATIONWIDE,AT BIRTH,WHO/UNICEF Joint Reporting Form on Immunization
TGO,Togo,AFR,2023,DTP,Diphtheria-tetanus-pertussis vaccine,2,INFANTS,Infants,NATIONWIDE,6 WEEKS;10 WEEKS,WHO/UNICEF Joint Reporting Form on Immunization
TGO,Togo,AFR,2023,OPV,Oral polio vaccine,4,INFANTS,Infants,NATIONWIDE,AT BIRTH;6 WEEKS;10 WEEKS;14 WEEKS,WHO/UNICEF Joint Reporting Form on Immunization
TGO,Togo,AFR,2023,MCV,Measles-containing vaccine,2,INFANTS;CHILDREN,Infants And Children,NATIONWIDE,9 MONTHS;18 MONTHS,WHO/UNICEF Joint Reporting Form on Immunization
TGO,Togo,AFR,2023,HEPB,Hepatitis B vaccine,3,INFANTS,Infants,NATIONWIDE,6 WEEKS;10 WEEKS;14 WEEKS,WHO/UNICEF Joint Reporting Form on Immunization
TGO,Togo,AFR,2023,HIB,Haemophilus influenzae type b vaccine,2,INFANTS,Infants,NATIONWIDE,6 WEEKS;10 WEEKS,WHO/UNICEF Joint Reporting Form on Immunization
TGO,Togo,AFR,2023,PCV,Pneumococcal conjugate vaccine,3,INFANTS,Infants,NATIONWIDE,6 WEEKS;10 WEEKS;14 WEEKS,WHO/UNICEF Joint Reporting Form on Immunization
TGO,Togo,AFR,2023,ROTA,Rotavirus vaccine,2,INFANTS,Infants,NATIONWIDE,6 WEEKS;10 WEEKS,WHO/UNICEF Joint Reporting Form on Immunization
THA,Thailand,SEAR,2023,BCG,Bacille Calmette-Guerin vaccine,1,INFANTS,Infants,NATIONWIDE,AT BIRTH,WHO/UNICEF Joint Reporting Form on Immunization
THA,Thailand,SEAR,2023,DTP,Diphtheria-tetanus-pertussis vaccine,2,INFANTS,Infants,NATIONWIDE,6 WEEKS;10 WEEKS,WHO/UNICEF Joint Reporting Form on Immunization
THA,Thailand,SEAR,2023,OPV,Oral polio vaccine,3,INFANTS,Infants,NATIONWIDE,AT BIRTH;6 WEEKS;10 WEEKS,WHO/UNICEF Joint Reporting Form on Immunization
THA,Thailand,SEAR,2023,MCV,Measles-containing vaccine,2,INFANTS;CHILDREN,Infants And Children,NATIONWIDE,9 MONTHS;18 MONTHS,WHO/UNICEF Joint Reporting Form on Immunization
THA,Thailand,SEAR,2023,HEPB,Hepatitis B vaccine,3,INFANTS,Infants,NATIONWIDE,6 WEEKS;10 WEEKS;14 WEEKS,WHO/UNICEF Joint Reporting Form on Immunization
THA,Thailand,SEAR,2023,HIB,Haemophilus influenzae type b vaccine,3,INFANTS,Infants,NATIONWIDE,6 WEEKS;10 WEEKS;14 WEEKS,WHO/UNICEF Joint Reporting Form on Immunization
THA,Thailand,SEAR,2023,PCV,Pneumococcal conjugate vaccine,2,INFANTS,Infants,NATIONWIDE,6 WEEKS;10 WEEKS,WHO/UNICEF Joint Reporting Form on Immunization
THA,Thailand,SEAR,2023,ROTA,Rotavirus vaccine,2,INFANTS,Infants,NATIONWIDE,6 WEEKS;10 WEEKS,WHO/UNICEF Joint Reporting Form on Immunization
TJK,Tajikistan,EUR,2023,BCG,Bacille Calmette-Guerin vaccine,1,INFANTS,Infants,NATIONWIDE,AT BIRTH,WHO/UNICEF Joint Reporting Form on Immunization
TJK,Tajikistan,EUR,2023,DTP,Diphtheria-tetanus-pertussis vaccine,3,INFANTS,Infants,NATIONWIDE,6 WEEKS;10 WEEKS;14 WEEKS,WHO/UNICEF Joint Reporting Form on Immunization
TJK,Tajikistan,EUR,2023,OPV,Oral polio vaccine,4,INFANTS,Infants,NATIONWIDE,AT BIRTH;6 WEEKS;10 WEEKS;14 WEEKS,WHO/UNICEF Joint Reporting Form on Immunization
TJK,Tajikistan,EUR,2023,MCV,Measles-containing vaccine,2,INFANTS;CHILDREN,Infants And Children,NATIONWIDE,9 MONTHS;18 MONTHS,WHO/UNICEF Joint Reporting Form on Immunization
TJK,Tajikistan,EUR,2023,HEPB,Hepatitis B vaccine,3,INFANTS,Infants,NATIONWIDE,6 WEEKS;10 WEEKS;14 WEEKS,WHO/UNICEF Joint Reporting Form on Immunization
TJK,Tajikistan,EUR,2023,HIB,Haemophilus influenzae type b vaccine,2,INFANTS,Infants,NATIONWIDE,6 WEEKS;10 WEEKS,WHO/UNICEF Joint Reporting Form on Immunization
TJK,Tajikistan,EUR,2023,PCV,Pneumococcal conjugate vaccine,3,INFANTS,Infants,NATIONWIDE,6 WEEKS;10 WEEKS;14 WEEKS,WHO/UNICEF Joint Reporting Form on Immunization
TJK,Tajikistan,EUR,2023,ROTA,Rotavirus vaccine,2,INFANTS,Infants,NATIONWIDE,6 WEEKS;10 WEEKS,WHO/UNICEF Joint Reporting Form on Immunization
TKL,Tokelau,WPR,2023,BCG,Bacille Calmette-Guerin vaccine,1,INFANTS,Infants,NATIONWIDE,AT BIRTH,WHO/UNICEF Joint Reporting Form on Immunization
TKL,Tokelau,WPR,2023,DTP,Diphtheria-tetanus-pertussis vaccine,3,INFANTS,Infants,NATIONWIDE,6 WEEKS;10 WEEKS;14 WEEKS,WHO/UNICEF Joint Reporting Form on Immunization
TKL,Tokelau,WPR,2023,OPV,Oral polio vaccine,3,INFANTS,Infants,NATIONWIDE,AT BIRTH;6 WEEKS;10 WEEKS,WHO/UNICEF Joint Reporting Form on Immunization
TKL,Tokelau,WPR,2023,MCV,Measles-containing vaccine,2,INFANTS;CHILDREN,Infants And Children,NATIONWIDE,9 MONTHS;18 MONTHS,WHO/UNICEF Joint Reporting Form on Immunization
TKL,Tokelau,WPR,2023,HEPB,Hepatitis B vaccine,3,INFANTS,Infants,NATIONWIDE,6 WEEKS;10 WEEKS;14 WEEKS,WHO/UNICEF Joint Reporting Form on Immunization
TKL,Tokelau,WPR,2023,HIB,Haemophilus influenzae type b vaccine,3,INFANTS,Infants,NATIONWIDE,6 WEEKS;10 WEEKS;14 WEEKS,WHO/UNICEF Joint Reporting Form on Immunization
TKL,Tokelau,WPR,2023,PCV,Pneumococcal conjugate vaccine,3,INFANTS,Infants,NATIONWIDE,6 WEEKS;10 WEEKS;14 WEEKS,WHO/UNICEF Joint Reporting Form on Immunization
TKL,Tokelau,WPR,2023,ROTA,Rotavirus vaccine,2,INFANTS,Infants,NATIONWIDE,6 WEEKS;10 WEEKS,WHO/UNICEF Joint Reporting Form on Immunization
TKM,Turkmenistan,EUR,2023,BCG,Bacille Calmette-Guerin vaccine,1,INFANTS,Infants,NATIONWIDE,AT BIRTH,WHO/UNICEF Joint Reporting Form on Immunization
TKM,Turkmenistan,EUR,2023,DTP,Diphtheria-tetanus-pertussis vaccine,3,INFANTS,Infants,NATIONWIDE,6 WEEKS;10 WEEKS;14 WEEKS,WHO/UNICEF Joint Reporting Form on Immunization
TKM,Turkmenistan,EUR,2023,OPV,Oral polio vaccine,4,INFANTS,Infants,NATIONWIDE,AT BIRTH;6 WEEKS;10 WEEKS;14 WEEKS,WHO/UNICEF Joint Reporting Form on Immunization
TKM,Turkmenistan,EUR,2023,MCV,Measles-containing vaccine,2,INFANTS;CHILDREN,Infants And Children,NATIONWIDE,9 MONTHS;18 MONTHS,WHO/UNICEF Joint Reporting Form on Immunization
TKM,Turkmenistan,EUR,2023,HEPB,Hepatitis B vaccine,3,INFANTS,Infants,NATIONWIDE,6 WEEKS;10 WEEKS;14 WEEKS,WHO/UNICEF Joint Reporting Form on Immunization
TKM,Turkmenistan,EUR,2023,HIB,Haemophilus influenzae type b vaccine,2,INFANTS,Infants,NATIONWIDE,6 WEEKS;10 WEEKS,WHO/UNICEF Joint Reporting Form on Immunization
TKM,Turkmenistan,EUR,2023,PCV,Pneumococcal conjugate vaccine,3,INFANTS,Infants,NATIONWIDE,6 WEEKS;10 WEEKS;14 WEEKS,WHO/UNICEF Joint Reporting Form on Immunization
TKM,Turkmenistan,EUR,2023,ROTA,Rotavirus vaccine,1,INFANTS,Infants,NATIONWIDE,6 WEEKS,WHO/UNICEF Joint Reporting Form on Immunization
TLS,Timor-Leste,SEAR,2023,BCG,Bacille Calmette-Guerin vaccine,1,INFANTS,Infants,NATIONWIDE,AT BIRTH,WHO/UNICEF Joint Reporting Form on Immunization
TLS,Timor-Leste,SEAR,2023,DTP,Diphtheria-tetanus-pertussis vaccine,3,INFANTS,Infants,NATIONWIDE,6 WEEKS;10 WEEKS;14 WEEKS,WHO/UNICEF Joint Reporting Form on Immunization
TLS,Timor-Leste,SEAR,2023,OPV,Oral polio vaccine,4,INFANTS,Infants,NATIONWIDE,AT BIRTH;6 WEEKS;10 WEEKS;14 WEEKS,WHO/UNICEF Joint Reporting Form on Immunization
TLS,Timor-Leste,SEAR,2023,MCV,Measles-containing vaccine,2,INFANTS;CHILDREN,Infants And Children,NATIONWIDE,9 MONTHS;18 MONTHS,WHO/UNICEF Joint Reporting Form on Immunization
TLS,Timor-Leste,SEAR,2023,HEPB,Hepatitis B vaccine,3,INFANTS,Infants,NATIONWIDE,6 WEEKS;10 WEEKS;14 WEEKS,WHO/UNICEF Joint Reporting Form on Immunization
TLS,Timor-Leste,SEAR,2023,HIB,Haemophilus influenzae type b vaccine,3,INFANTS,Infants,NATIONWIDE,6 WEEKS;10 WEEKS;14 WEEKS,WHO/UNICEF Joint Reporting Form on Immunization
TLS,Timor-Leste,SEAR,2023,PCV,Pneumococcal conjugate vaccine,3,INFANTS,Infants,NATIONWIDE,6 WEEKS;10 WEEKS;14 WEEKS,WHO/UNICEF Joint Reporting Form on Immunization
TLS,Timor-Leste,SEAR,2023,ROTA,Rotavirus vaccine,2,INFANTS,Infants,NATIONWIDE,6 WEEKS;10 WEEKS,WHO/UNICEF Joint Reporting Form on Immunization
TON,Tonga,WPR,2023,BCG,Bacille Calmette-Guerin vaccine,1,INFANTS,Infants,NATIONWIDE,AT BIRTH,WHO/UNICEF Joint Reporting Form on Immunization
TON,Tonga,WPR,2023,DTP,Diphtheria-tetanus-pertussis vaccine,2,INFANTS,Infants,NATIONWIDE,6 WEEKS;10 WEEKS,WHO/UNICEF Joint Reporting Form on Immunization
TON,Tonga,WPR,2023,OPV,Oral polio vaccine,3,INFANTS,Infants,NATIONWIDE,AT BIRTH;6 WEEKS;10 WEEKS,WHO/UNICEF Joint Reporting Form on Immunization
TON,Tonga,WPR,2023,MCV,Measles-containing vaccine,2,INFANTS;CHILDREN,Infants And Children,NATIONWIDE,9 MONTHS;18 MONTHS,WHO/UNICEF Joint Reporting Form on Immunization
TON,Tonga,WPR,2023,HEPB,Hepatitis B vaccine,3,INFANTS,Infants,NATIONWIDE,6 WEEKS;10 WEEKS;14 WEEKS,WHO/UNICEF Joint Reporting Form on Immunization
TON,Tonga,WPR,2023,HIB,Haemophilus influenzae type b vaccine,3,INFANTS,Infants,NATIONWIDE,6 WEEKS;10 WEEKS;14 WEEKS,WHO/UNICEF Joint Reporting Form on Immunization
TON,Tonga,WPR,2023,PCV,Pneumococcal conjugate vaccine,3,INFANTS,Infants,NATIONWIDE,6 WEEKS;10 WEEKS;14 WEEKS,WHO/UNICEF Joint Reporting Form on Immunization
TON,Tonga,WPR,2023,ROTA,Rotavirus vaccine,2,INFANTS,Infants,NATIONWIDE,6 WEEKS;10 WEEKS,WHO/UNICEF Joint Reporting Form on Immunization
TTO,Trinidad and Tobago,AMR,2023,BCG,Bacille Calmette-Guerin vaccine,1,INFANTS,Infants,NATIONWIDE,AT BIRTH,WHO/UNICEF Joint Reporting Form on Immunization
TTO,Trinidad and Tobago,AMR,2023,DTP,Diphtheria-tetanus-pertussis vaccine,3,INFANTS,Infants,NATIONWIDE,6 WEEKS;10 WEEKS;14 WEEKS,WHO/UNICEF Joint Reporting Form on Immunization
TTO,Trinidad and Tobago,AMR,2023,OPV,Oral polio vaccine,3,INFANTS,Infants,NATIONWIDE,AT BIRTH;6 WEEKS;10 WEEKS,WHO/UNICEF Joint Reporting Form on Immunization
TTO,Trinidad and Tobago,AMR,2023,MCV,Measles-containing vaccine,2,INFANTS;CHILDREN,Infants And Children,NATIONWIDE,9 MONTHS;18 MONTHS,WHO/UNICEF Joint Reporting Form on Immunization
TTO,Trinidad and Tobago,AMR,2023,HEPB,Hepatitis B vaccine,3,INFANTS,Infants,NATIONWIDE,6 WEEKS;10 WEEKS;14 WEEKS,WHO/UNICEF Joint Reporting Form on Immunization
TTO,Trinidad and Tobago,AMR,2023,HIB,Haemophilus influenzae type b vaccine,2,INFANTS,Infants,NATIONWIDE,6 WEEKS;10 WEEKS,WHO/UNICEF Joint Reporting Form on Immunization
TTO,Trinidad and Tobago,AMR,2023,PCV,Pneumococcal conjugate vaccine,3,INFANTS,Infants,NATIONWIDE,6 WEEKS;10 WEEKS;14 WEEKS,WHO/UNICEF Joint Reporting Form on Immunization
TTO,Trinidad and Tobago,AMR,2023,ROTA,Rotavirus vaccine,2,INFANTS,Infants,NATIONWIDE,6 WEEKS;10 WEEKS,WHO/UNICEF Joint Reporting Form on Immunization
TUN,Tunisia,EMR,2023,BCG,Bacille Calmette-Guerin vaccine,1,INFANTS,Infants,NATIONWIDE,AT BIRTH,WHO/UNICEF Joint Reporting Form on Immunization
TUN,Tunisia,EMR,2023,DTP,Diphtheria-tetanus-pertussis vaccine,2,INFANTS,Infants,NATIONWIDE,6 WEEKS;10 WEEKS,WHO/UNICEF Joint Reporting Form on Immunization
TUN,Tunisia,EMR,2023,OPV,Oral polio vaccine,4,INFANTS,Infants,NATIONWIDE,AT BIRTH;6 WEEKS;10 WEEKS;14 WEEKS,WHO/UNICEF Joint Reporting Form on Immunization
TUN,Tunisia,EMR,2023,MCV,Measles-containing vaccine,2,INFANTS;CHILDREN,Infants And Children,NATIONWIDE,9 MONTHS;18 MONTHS,WHO/UNICEF Joint Reporting Form on Immunization
TUN,Tunisia,EMR,2023,HEPB,Hepatitis B vaccine,3,INFANTS,Infants,NATIONWIDE,6 WEEKS;10 WEEKS;14 WEEKS,WHO/UNICEF Joint Reporting Form on Immunization
TUN,Tunisia,EMR,2023,HIB,Haemophilus influenzae type b vaccine,3,INFANTS,Infants,NATIONWIDE,6 WEEKS;10 WEEKS;14 WEEKS,WHO/UNICEF Joint Reporting Form on Immunization
TUN,Tunisia,EMR,2023,PCV,Pneumococcal conjugate vaccine,3,INFANTS,Infants,NATIONWIDE,6 WEEKS;10 WEEKS;14 WEEKS,WHO/UNICEF Joint Reporting Form on Immunization
TUN,Tunisia,EMR,2023,ROTA,Rotavirus vaccine,2,INFANTS,Infants,NATIONWIDE,6 WEEKS;10 WEEKS,WHO/UNICEF Joint Reporting Form on Immunization
TUR,Türkiye,EUR,2023,BCG,Bacille Calmette-Guerin vaccine,1,INFANTS,Infants,NATIONWIDE,AT BIRTH,WHO/UNICEF Joint Reporting Form on Immunization
TUR,Türkiye,EUR,2023,DTP,Diphtheria-tetanus-pertussis vaccine,3,INFANTS,Infants,NATIONWIDE,6 WEEKS;10 WEEKS;14 WEEKS,WHO/UNICEF Joint Reporting Form on Immunization
TUR,Türkiye,EUR,2023,OPV,Oral polio vaccine,4,INFANTS,Infants,NATIONWIDE,AT BIRTH;6 WEEKS;10 WEEKS;14 WEEKS,WHO/UNICEF Joint Reporting Form on Immunization
TUR,Türkiye,EUR,2023,MCV,Measles-containing vaccine,2,INFANTS;CHILDREN,Infants And Children,NATIONWIDE,9 MONTHS;18 MONTHS,WHO/UNICEF Joint Reporting Form on Immunization
TUR,Türkiye,EUR,2023,HEPB,Hepatitis B vaccine,3,INFANTS,Infants,NATIONWIDE,6 WEEKS;10 WEEKS;14 WEEKS,WHO/UNICEF Joint Reporting Form on Immunization
TUR,Türkiye,EUR,2023,HIB,Haemophilus influenzae type b vaccine,3,INFANTS,Infants,NATIONWIDE,6 WEEKS;10 WEEKS;14 WEEKS,WHO/UNICEF Joint Reporting Form on Immunization
TUR,Türkiye,EUR,2023,PCV,Pneumococcal conjugate vaccine,3,INFANTS,Infants,NATIONWIDE,6 WEEKS;10 WEEKS;14 WEEKS,WHO/UNICEF Joint Reporting Form on Immunization
TUR,Türkiye,EUR,2023,ROTA,Rotavirus vaccine,2,INFANTS,Infants,NATIONWIDE,6 WEEKS;10 WEEKS,WHO/UNICEF Joint Reporting Form on Immunization
TUV,Tuvalu,WPR,2023,BCG,Bacille Calmette-Guerin vaccine,1,INFANTS,Infants,NATIONWIDE,AT BIRTH,WHO/UNICEF Joint Reporting Form on Immunization
TUV,Tuvalu,WPR,2023,DTP,Diphtheria-tetanus-pertussis vaccine,3,INFANTS,Infants,NATIONWIDE,6 WEEKS;10 WEEKS;14 WEEKS,WHO/UNICEF Joint Reporting Form on Immunization
TUV,Tuvalu,WPR,2023,OPV,Oral polio vaccine,4,INFANTS,Infants,NATIONWIDE,AT BIRTH;6 WEEKS;10 WEEKS;14 WEEKS,WHO/UNICEF Joint Reporting Form on Immunization
TUV,Tuvalu,WPR,2023,MCV,Measles-containing vaccine,2,INFANTS;CHILDREN,Infants And Children,NATIONWIDE,9 MONTHS;18 MONTHS,WHO/UNICEF Joint Reporting Form on Immunization
TUV,Tuvalu,WPR,2023,HEPB,Hepatitis B vaccine,3,INFANTS,Infants,NATIONWIDE,6 WEEKS;10 WEEKS;14 WEEKS,WHO/UNICEF Joint Reporting Form on Immunization
TUV,Tuvalu,WPR,2023,HIB,Haemophilus influenzae type b vaccine,3,INFANTS,Infants,NATIONWIDE,6 WEEKS;10 WEEKS;14 WEEKS,WHO/UNICEF Joint Reporting Form on Immunization
TUV,Tuvalu,WPR,2023,PCV,Pneumococcal conjugate vaccine,3,INFANTS,Infants,NATIONWIDE,6 WEEKS;10 WEEKS;14 WEEKS,WHO/UNICEF Joint Reporting Form on Immunization
TUV,Tuvalu,WPR,2023,ROTA,Rotavirus vaccine,1,INFANTS,Infants,NATIONWIDE,6 WEEKS,WHO/UNICEF Joint Reporting Form on Immunization
TZA,United Republic of Tanzania,AFR,2023,BCG,Bacille Calmette-Guerin vaccine,1,INFANTS,Infants,NATIONWIDE,AT BIRTH,WHO/UNICEF Joint Reporting Form on Immunization
TZA,United Republic of Tanzania,AFR,2023,DTP,Diphtheria-tetanus-pertussis vaccine,3,INFANTS,Infants,NATIONWIDE,6 WEEKS;10 WEEKS;14 WEEKS,WHO/UNICEF Joint Reporting Form on Immunization
TZA,United Republic of Tanzania,AFR,2023,OPV,Oral polio vaccine,4,INFANTS,Infants,NATIONWIDE,AT BIRTH;6 WEEKS;10 WEEKS;14 WEEKS,WHO/UNICEF Joint Reporting Form on Immunization
TZA,United Republic of Tanzania,AFR,2023,MCV,Measles-containing vaccine,2,INFANTS;CHILDREN,Infants And Children,NATIONWIDE,9 MONTHS;18 MONTHS,WHO/UNICEF Joint Reporting Form on Immunization
TZA,United Republic of Tanzania,AFR,2023,HEPB,Hepatitis B vaccine,3,INFANTS,Infants,NATIONWIDE,6 WEEKS;10 WEEKS;14 WEEKS,WHO/UNICEF Joint Reporting Form on Immunization
TZA,United Republic of Tanzania,AFR,2023,HIB,Haemophilus influenzae type b vaccine,3,INFANTS,Infants,NATIONWIDE,6 WEEKS;10 WEEKS;14 WEEKS,WHO/UNICEF Joint Reporting Form on Immunization
TZA,United Republic of Tanzania,AFR,2023,PCV,Pneumococcal conjugate vaccine,3,INFANTS,Infants,NATIONWIDE,6 WEEKS;10 WEEKS;14 WEEKS,WHO/UNICEF Joint Reporting Form on Immunization
TZA,United Republic of Tanzania,AFR,2023,ROTA,Rotavirus vaccine,2,INFANTS,Infants,NATIONWIDE,6 WEEKS;10 WEEKS,WHO/UNICEF Joint Reporting Form on Immunization
UGA,Uganda,AFR,2023,BCG,Bacille Calmette-Guerin vaccine,1,INFANTS,Infants,NATIONWIDE,AT BIRTH,WHO/UNICEF Joint Reporting Form on Immunization
UGA,Uganda,AFR,2023,DTP,Diphtheria-tetanus-pertussis vaccine,3,INFANTS,Infants,NATIONWIDE,6 WEEKS;10 WEEKS;14 WEEKS,WHO/UNICEF Joint Reporting Form on Immunization
UGA,Uganda,AFR,2023,OPV,Oral polio vaccine,4,INFANTS,Infants,NATIONWIDE,AT BIRTH;6 WEEKS;10 WEEKS;14 WEEKS,WHO/UNICEF Joint Reporting Form on Immunization
UGA,Uganda,AFR,2023,MCV,Measles-containing vaccine,2,INFANTS;CHILDREN,Infants And Children,NATIONWIDE,9 MONTHS;18 MONTHS,WHO/UNICEF Joint Reporting Form on Immunization
UGA,Uganda,AFR,2023,HEPB,Hepatitis B vaccine,3,INFANTS,Infants,NATIONWIDE,6 WEEKS;10 WEEKS;14 WEEKS,WHO/UNICEF Joint Reporting Form on Immunization
UGA,Uganda,AFR,2023,HIB,Haemophilus influenzae type b vaccine,3,INFANTS,Infants,NATIONWIDE,6 WEEKS;10 WEEKS;14 WEEKS,WHO/UNICEF Joint Reporting Form on Immunization
UGA,Uganda,AFR,2023,PCV,Pneumococcal conjugate vaccine,3,INFANTS,Infants,NATIONWIDE,6 WEEKS;10 WEEKS;14 WEEKS,WHO/UNICEF Joint Reporting Form on Immunization
UGA,Uganda,AFR,2023,ROTA,Rotavirus vaccine,2,INFANTS,Infants,NATIONWIDE,6 WEEKS;10 WEEKS,WHO/UNICEF Joint Reporting Form on Immunization
UKR,Ukraine,EUR,2023,BCG,Bacille Calmette-Guerin vaccine,1,INFANTS,Infants,NATIONWIDE,AT BIRTH,WHO/UNICEF Joint Reporting Form on Immunization
UKR,Ukraine,EUR,2023,DTP,Diphtheria-tetanus-pertussis vaccine,3,INFANTS,Infants,NATIONWIDE,6 WEEKS;10 WEEKS;14 WEEKS,WHO/UNICEF Joint Reporting Form on Immunization
UKR,Ukraine,EUR,2023,OPV,Oral polio vaccine,4,INFANTS,Infants,NATIONWIDE,AT BIRTH;6 WEEKS;10 WEEKS;14 WEEKS,WHO/UNICEF Joint Reporting Form on Immunization
UKR,Ukraine,EUR,2023,MCV,Measles-containing vaccine,1,INFANTS;CHILDREN,Infants And Children,NATIONWIDE,9 MONTHS,WHO/UNICEF Joint Reporting Form on Immunization
UKR,Ukraine,EUR,2023,HEPB,Hepatitis B vaccine,3,INFANTS,Infants,NATIONWIDE,6 WEEKS;10 WEEKS;14 WEEKS,WHO/UNICEF Joint Reporting Form on Immunization
UKR,Ukraine,EUR,2023,HIB,Haemophilus influenzae type b vaccine,3,INFANTS,Infants,NATIONWIDE,6 WEEKS;10 WEEKS;14 WEEKS,WHO/UNICEF Joint Reporting Form on Immunization
UKR,Ukraine,EUR,2023,PCV,Pneumococcal conjugate vaccine,3,INFANTS,Infants,NATIONWIDE,6 WEEKS;10 WEEKS;14 WEEKS,WHO/UNICEF Joint Reporting Form on Immunization
UKR,Ukraine,EUR,2023,ROTA,Rotavirus vaccine,2,INFANTS,Infants,NATIONWIDE,6 WEEKS;10 WEEKS,WHO/UNICEF Joint Reporting Form on Immunization
URY,Uruguay,AMR,2023,BCG,Bacille Calmette-Guerin vaccine,1,INFANTS,Infants,NATIONWIDE,AT BIRTH,WHO/UNICEF Joint Reporting Form on Immunization
URY,Uruguay,AMR,2023,DTP,Diphtheria-tetanus-pertussis vaccine,3,INFANTS,Infants,NATIONWIDE,6 WEEKS;10 WEEKS;14 WEEKS,WHO/UNICEF Joint Reporting Form on Immunization
URY,Uruguay,AMR,2023,OPV,Oral polio vaccine,4,INFANTS,Infants,NATIONWIDE,AT BIRTH;6 WEEKS;10 WEEKS;14 WEEKS,WHO/UNICEF Joint Reporting Form on Immunization
URY,Uruguay,AMR,2023,MCV,Measles-containing vaccine,2,INFANTS;CHILDREN,Infants And Children,NATIONWIDE,9 MONTHS;18 MONTHS,WHO/UNICEF Joint Reporting Form on Immunization
URY,Uruguay,AMR,2023,HEPB,Hepatitis B vaccine,3,INFANTS,Infants,NATIONWIDE,6 WEEKS;10 WEEKS;14 WEEKS,WHO/UNICEF Joint Reporting Form on Immunization
URY,Uruguay,AMR,2023,HIB,Haemophilus influenzae type b vaccine,3,INFANTS,Infants,NATIONWIDE,6 WEEKS;10 WEEKS;14 WEEKS,WHO/UNICEF Joint Reporting Form on Immunization
URY,Uruguay,AMR,2023,PCV,Pneumococcal conjugate vaccine,3,INFANTS,Infants,NATIONWIDE,6 WEEKS;10 WEEKS;14 WEEKS,WHO/UNICEF Joint Reporting Form on Immunization
URY,Uruguay,AMR,2023,ROTA,Rotavirus vaccine,2,INFANTS,Infants,NATIONWIDE,6 WEEKS;10 WEEKS,WHO/UNICEF Joint Reporting Form on Immunization
USA,United States of America,AMR,2023,BCG,Bacille Calmette-Guerin vaccine,1,INFANTS,Infants,NATIONWIDE,AT BIRTH,WHO/UNICEF Joint Reporting Form on Immunization
USA,United States of America,AMR,2023,DTP,Diphtheria-tetanus-pertussis vaccine,3,INFANTS,Infants,NATIONWIDE,6 WEEKS;10 WEEKS;14 WEEKS,WHO/UNICEF Joint Reporting Form on Immunization
USA,United States of America,AMR,2023,OPV,Oral polio vaccine,4,INFANTS,Infants,NATIONWIDE,AT BIRTH;6 WEEKS;10 WEEKS;14 WEEKS,WHO/UNICEF Joint Reporting Form on Immunization
USA,United States of America,AMR,2023,MCV,Measles-containing vaccine,1,INFANTS;CHILDREN,Infants And Children,NATIONWIDE,9 MONTHS,WHO/UNICEF Joint Reporting Form on Immunization
USA,United States of America,AMR,2023,HEPB,Hepatitis B vaccine,3,INFANTS,Infants,NATIONWIDE,6 WEEKS;10 WEEKS;14 WEEKS,WHO/UNICEF Joint Reporting Form on Immunization
USA,United States of America,AMR,2023,HIB,Haemophilus influenzae type b vaccine,3,INFANTS,Infants,NATIONWIDE,6 WEEKS;10 WEEKS;14 WEEKS,WHO/UNICEF Joint Reporting Form on Immunization
USA,United States of America,AMR,2023,PCV,Pneumococcal conjugate vaccine,3,INFANTS,Infants,NATIONWIDE,6 WEEKS;10 WEEKS;14 WEEKS,WHO/UNICEF Joint Reporting Form on Immunization
USA,United States of America,AMR,2023,ROTA,Rotavirus vaccine,2,INFANTS,Infants,NATIONWIDE,6 WEEKS;10 WEEKS,WHO/UNICEF Joint Reporting Form on Immunization
UZB,Uzbekistan,EUR,2023,BCG,Bacille Calmette-Guerin vaccine,1,INFANTS,Infants,NATIONWIDE,AT BIRTH,WHO/UNICEF Joint Reporting Form on Immunization
UZB,Uzbekistan,EUR,2023,DTP,Diphtheria-tetanus-pertussis vaccine,3,INFANTS,Infants,NATIONWIDE,6 WEEKS;10 WEEKS;14 WEEKS,WHO/UNICEF Joint Reporting Form on Immunization
UZB,Uzbekistan,EUR,2023,OPV,Oral polio vaccine,4,INFANTS,Infants,NATIONWIDE,AT BIRTH;6 WEEKS;10 WEEKS;14 WEEKS,WHO/UNICEF Joint Reporting Form on Immunization
UZB,Uzbekistan,EUR,2023,MCV,Measles-containing vaccine,2,INFANTS;CHILDREN,Infants And Children,NATIONWIDE,9 MONTHS;18 MONTHS,WHO/UNICEF Joint Reporting Form on Immunization
UZB,Uzbekistan,EUR,2023,HEPB,Hepatitis B vaccine,3,INFANTS,Infants,NATIONWIDE,6 WEEKS;10 WEEKS;14 WEEKS,WHO/UNICEF Joint Reporting Form on Immunization
UZB,Uzbekistan,EUR,2023,HIB,Haemophilus influenzae type b vaccine,3,INFANTS,Infants,NATIONWIDE,6 WEEKS;10 WEEKS;14 WEEKS,WHO/UNICEF Joint Reporting Form on Immunization
UZB,Uzbekistan,EUR,2023,PCV,Pneumococcal conjugate vaccine,3,INFANTS,Infants,NATIONWIDE,6 WEEKS;10 WEEKS;14 WEEKS,WHO/UNICEF Joint Reporting Form on Immunization
UZB,Uzbekistan,EUR,2023,ROTA,Rotavirus vaccine,2,INFANTS,Infants,NATIONWIDE,6 WEEKS;10 WEEKS,WHO/UNICEF Joint Reporting Form on Immunization
VCT,Saint Vincent and the Grenadines,AMR,2023,BCG,Bacille Calmette-Guerin vaccine,1,INFANTS,Infants,NATIONWIDE,AT BIRTH,WHO/UNICEF Joint Reporting Form on Immunization
VCT,Saint Vincent and the Grenadines,AMR,2023,DTP,Diphtheria-tetanus-pertussis vaccine,3,INFANTS,Infants,NATIONWIDE,6 WEEKS;10 WEEKS;14 WEEKS,WHO/UNICEF Joint Reporting Form on Immunization
VCT,Saint Vincent and the Grenadines,AMR,2023,OPV,Oral polio vaccine,4,INFANTS,Infants,NATIONWIDE,AT BIRTH;6 WEEKS;10 WEEKS;14 WEEKS,WHO/UNICEF Joint Reporting Form on Immunization
VCT,Saint Vincent and the Grenadines,AMR,2023,MCV,Measles-containing vaccine,2,INFANTS;CHILDREN,Infants And Children,NATIONWIDE,9 MONTHS;18 MONTHS,WHO/UNICEF Joint Reporting Form on Immunization
VCT,Saint Vincent and the Grenadines,AMR,2023,HEPB,Hepatitis B vaccine,3,INFANTS,Infants,NATIONWIDE,6 WEEKS;10 WEEKS;14 WEEKS,WHO/UNICEF Joint Reporting Form on Immunization
VCT,Saint Vincent and the Grenadines,AMR,2023,HIB,Haemophilus influenzae type b vaccine,3,INFANTS,Infants,NATIONWIDE,6 WEEKS;10 WEEKS;14 WEEKS,WHO/UNICEF Joint Reporting Form on Immunization
VCT,Saint Vincent and the Grenadines,AMR,2023,PCV,Pneumococcal conjugate vaccine,3,INFANTS,Infants,NATIONWIDE,6 WEEKS;10 WEEKS;14 WEEKS,WHO/UNICEF Joint Reporting Form on Immunization
VCT,Saint Vincent and the Grenadines,AMR,2023,ROTA,Rotavirus vaccine,1,INFANTS,Infants,NATIONWIDE,6 WEEKS,WHO/UNICEF Joint Reporting Form on Immunization
VEN,Venezuela (Bolivarian Republic of),AMR,2023,BCG,Bacille Calmette-Guerin vaccine,1,INFANTS,Infants,NATIONWIDE,AT BIRTH,WHO/UNICEF Joint Reporting Form on Immunization
VEN,Venezuela (Bolivarian Republic of),AMR,2023,DTP,Diphtheria-tetanus-pertussis vaccine,3,INFANTS,Infants,NATIONWIDE,6 WEEKS;10 WEEKS;14 WEEKS,WHO/UNICEF Joint Reporting Form on Immunization
VEN,Venezuela (Bolivarian Republic of),AMR,2023,OPV,Oral polio vaccine,4,INFANTS,Infants,NATIONWIDE,AT BIRTH;6 WEEKS;10 WEEKS;14 WEEKS,WHO/UNICEF Joint Reporting Form on Immunization
VEN,Venezuela (Bolivarian Republic of),AMR,2023,MCV,Measles-containing vaccine,2,INFANTS;CHILDREN,Infants And Children,NATIONWIDE,9 MONTHS;18 MONTHS,WHO/UNICEF Joint Reporting Form on Immunization
VEN,Venezuela (Bolivarian Republic of),AMR,2023,HEPB,Hepatitis B vaccine,3,INFANTS,Infants,NATIONWIDE,6 WEEKS;10 WEEKS;14 WEEKS,WHO/UNICEF Joint Reporting Form on Immunization
VEN,Venezuela (Bolivarian Republic of),AMR,2023,HIB,Haemophilus influenzae type b vaccine,3,INFANTS,Infants,NATIONWIDE,6 WEEKS;10 WEEKS;14 WEEKS,WHO/UNICEF Joint Reporting Form on Immunization
VEN,Venezuela (Bolivarian Republic of),AMR,2023,PCV,Pneumococcal conjugate vaccine,3,INFANTS,Infants,NATIONWIDE,6 WEEKS;10 WEEKS;14 WEEKS,WHO/UNICEF Joint Reporting Form on Immunization
VEN,Venezuela (Bolivarian Republic of),AMR,2023,ROTA,Rotavirus vaccine,2,INFANTS,Infants,NATIONWIDE,6 WEEKS;10 WEEKS,WHO/UNICEF Joint Reporting Form on Immunization
VGB,British Virgin Islands,AMR,2023,BCG,Bacille Calmette-Guerin vaccine,1,INFANTS,Infants,NATIONWIDE,AT BIRTH,WHO/UNICEF Joint Reporting Form on Immunization
VGB,British Virgin Islands,AMR,2023,DTP,Diphtheria-tetanus-pertussis vaccine,2,INFANTS,Infants,NATIONWIDE,6 WEEKS;10 WEEKS,WHO/UNICEF Joint Reporting Form on Immunization
VGB,British Virgin Islands,AMR,2023,OPV,Oral polio vaccine,4,INFANTS,Infants,NATIONWIDE,AT BIRTH;6 WEEKS;10 WEEKS;14 WEEKS,WHO/UNICEF Joint Reporting Form on Immunization
VGB,British Virgin Islands,AMR,2023,MCV,Measles-containing vaccine,2,INFANTS;CHILDREN,Infants And Children,NATIONWIDE,9 MONTHS;18 MONTHS,WHO/UNICEF Joint Reporting Form on Immunization
VGB,British Virgin Islands,AMR,2023,HEPB,Hepatitis B vaccine,2,INFANTS,Infants,NATIONWIDE,6 WEEKS;10 WEEKS,WHO/UNICEF Joint Reporting Form on Immunization
VGB,British Virgin Islands,AMR,2023,HIB,Haemophilus influenzae type b vaccine,3,INFANTS,Infants,NATIONWIDE,6 WEEKS;10 WEEKS;14 WEEKS,WHO/UNICEF Joint Reporting Form on Immunization
VGB,British Virgin Islands,AMR,2023,PCV,Pneumococcal conjugate vaccine,3,INFANTS,Infants,NATIONWIDE,6 WEEKS;10 WEEKS;14 WEEKS,WHO/UNICEF Joint Reporting Form on Immunization
VGB,British Virgin Islands,AMR,2023,ROTA,Rotavirus vaccine,2,INFANTS,Infants,NATIONWIDE,6 WEEKS;10 WEEKS,WHO/UNICEF Joint Reporting Form on Immunization
VIR,Virgin Islands (USA),AMR,2023,BCG,Bacille Calmette-Guerin vaccine,1,INFANTS,Infants,NATIONWIDE,AT BIRTH,WHO/UNICEF Joint Reporting Form on Immunization
VIR,Virgin Islands (USA),AMR,2023,DTP,Diphtheria-tetanus-pertussis vaccine,3,INFANTS,Infants,NATIONWIDE,6 WEEKS;10 WEEKS;14 WEEKS,WHO/UNICEF Joint Reporting Form on Immunization
VIR,Virgin Islands (USA),AMR,2023,OPV,Oral polio vaccine,4,INFANTS,Infants,NATIONWIDE,AT BIRTH;6 WEEKS;10 WEEKS;14 WEEKS,WHO/UNICEF Joint Reporting Form on Immunization
VIR,Virgin Islands (USA),AMR,2023,MCV,Measles-containing vaccine,1,INFANTS;CHILDREN,Infants And Children,NATIONWIDE,9 MONTHS,WHO/UNICEF Joint Reporting Form on Immunization
VIR,Virgin Islands (USA),AMR,2023,HEPB,Hepatitis B vaccine,3,INFANTS,Infants,NATIONWIDE,6 WEEKS;10 WEEKS;14 WEEKS,WHO/UNICEF Joint Reporting Form on Immunization
VIR,Virgin Islands (USA),AMR,2023,HIB,Haemophilus influenzae type b vaccine,2,INFANTS,Infants,NATIONWIDE,6 WEEKS;10 WEEKS,WHO/UNICEF Joint Reporting Form on Immunization
VIR,Virgin Islands (USA),AMR,2023,PCV,Pneumococcal conjugate vaccine,3,INFANTS,Infants,NATIONWIDE,6 WEEKS;10 WEEKS;14 WEEKS,WHO/UNICEF Joint Reporting Form on Immunization
VIR,Virgin Islands (USA),AMR,2023,ROTA,Rotavirus vaccine,1,INFANTS,Infants,NATIONWIDE,6 WEEKS,WHO/UNICEF Joint Reporting Form on Immunization
VNM,Viet Nam,WPR,2023,BCG,Bacille Calmette-Guerin vaccine,1,INFANTS,Infants,NATIONWIDE,AT BIRTH,WHO/UNICEF Joint Reporting Form on Immunization
VNM,Viet Nam,WPR,2023,DTP,Diphtheria-tetanus-pertussis vaccine,3,INFANTS,Infants,NATIONWIDE,6 WEEKS;10 WEEKS;14 WEEKS,WHO/UNICEF Joint Reporting Form on Immunization
VNM,Viet Nam,WPR,2023,OPV,Oral polio vaccine,4,INFANTS,Infants,NATIONWIDE,AT BIRTH;6 WEEKS;10 WEEKS;14 WEEKS,WHO/UNICEF Joint Reporting Form on Immunization
VNM,Viet Nam,WPR,2023,MCV,Measles-containing vaccine,2,INFANTS;CHILDREN,Infants And Children,NATIONWIDE,9 MONTHS;18 MONTHS,WHO/UNICEF Joint Reporting Form on Immunization
VNM,Viet Nam,WPR,2023,HEPB,Hepatitis B vaccine,3,INFANTS,Infants,NATIONWIDE,6 WEEKS;10 WEEKS;14 WEEKS,WHO/UNICEF Joint Reporting Form on Immunization
VNM,Viet Nam,WPR,2023,HIB,Haemophilus influenzae type b vaccine,2,INFANTS,Infants,NATIONWIDE,6 WEEKS;10 WEEKS,WHO/UNICEF Joint Reporting Form on Immunization
VNM,Viet Nam,WPR,2023,PCV,Pneumococcal conjugate vaccine,3,INFANTS,Infants,NATIONWIDE,6 WEEKS;10 WEEKS;14 WEEKS,WHO/UNICEF Joint Reporting Form on Immunization
VNM,Viet Nam,WPR,2023,ROTA,Rotavirus vaccine,2,INFANTS,Infants,NATIONWIDE,6 WEEKS;10 WEEKS,WHO/UNICEF Joint Reporting Form on Immunization
VUT,Vanuatu,WPR,2023,BCG,Bacille Calmette-Guerin vaccine,1,INFANTS,Infants,NATIONWIDE,AT BIRTH,WHO/UNICEF Joint Reporting Form on Immunization
VUT,Vanuatu,WPR,2023,DTP,Diphtheria-tetanus-pertussis vaccine,3,INFANTS,Infants,NATIONWIDE,6 WEEKS;10 WEEKS;14 WEEKS,WHO/UNICEF Joint Reporting Form on Immunization
VUT,Vanuatu,WPR,2023,OPV,Oral polio vaccine,4,INFANTS,Infants,NATIONWIDE,AT BIRTH;6 WEEKS;10 WEEKS;14 WEEKS,WHO/UNICEF Joint Reporting Form on Immunization
VUT,Vanuatu,WPR,2023,MCV,Measles-containing vaccine,2,INFANTS;CHILDREN,Infants And Children,NATIONWIDE,9 MONTHS;18 MONTHS,WHO/UNICEF Joint Reporting Form on Immunization
VUT,Vanuatu,WPR,2023,HEPB,Hepatitis B vaccine,3,INFANTS,Infants,NATIONWIDE,6 WEEKS;10 WEEKS;14 WEEKS,WHO/UNICEF Joint Reporting Form on Immunization
VUT,Vanuatu,WPR,2023,HIB,Haemophilus influenzae type b vaccine,3,INFANTS,Infants,NATIONWIDE,6 WEEKS;10 WEEKS;14 WEEKS,WHO/UNICEF Joint Reporting Form on Immunization
VUT,Vanuatu,WPR,2023,PCV,Pneumococcal conjugate vaccine,3,INFANTS,Infants,NATIONWIDE,6 WEEKS;10 WEEKS;14 WEEKS,WHO/UNICEF Joint Reporting Form on Immunization
VUT,Vanuatu,WPR,2023,ROTA,Rotavirus vaccine,2,INFANTS,Infants,NATIONWIDE,6 WEEKS;10 WEEKS,WHO/UNICEF Joint Reporting Form on Immunization
WLF,Wallis and Futuna Islands,WPR,2023,BCG,Bacille Calmette-Guerin vaccine,1,INFANTS,Infants,NATIONWIDE,AT BIRTH,WHO/UNICEF Joint Reporting Form on Immunization
WLF,Wallis and Futuna Islands,WPR,2023,DTP,Diphtheria-tetanus-pertussis vaccine,3,INFANTS,Infants,NATIONWIDE,6 WEEKS;10 WEEKS;14 WEEKS,WHO/UNICEF Joint Reporting Form on Immunization
WLF,Wallis and Futuna Islands,WPR,2023,OPV,Oral polio vaccine,3,INFANTS,Infants,NATIONWIDE,AT BIRTH;6 WEEKS;10 WEEKS,WHO/UNICEF Joint Reporting Form on Immunization
WLF,Wallis and Futuna Islands,WPR,2023,MCV,Measles-containing vaccine,2,INFANTS;CHILDREN,Infants And Children,NATIONWIDE,9 MONTHS;18 MONTHS,WHO/UNICEF Joint Reporting Form on Immunization
WLF,Wallis and Futuna Islands,WPR,2023,HEPB,Hepatitis B vaccine,3,INFANTS,Infants,NATIONWIDE,6 WEEKS;10 WEEKS;14 WEEKS,WHO/UNICEF Joint Reporting Form on Immunization
WLF,Wallis and Futuna Islands,WPR,2023,HIB,Haemophilus influenzae type b vaccine,3,INFANTS,Infants,NATIONWIDE,6 WEEKS;10 WEEKS;14 WEEKS,WHO/UNICEF Joint Reporting Form on Immunization
WLF,Wallis and Futuna Islands,WPR,2023,PCV,Pneumococcal conjugate vaccine,3,INFANTS,Infants,NATIONWIDE,6 WEEKS;10 WEEKS;14 WEEKS,WHO/UNICEF Joint Reporting Form on Immunization
WLF,Wallis and Futuna Islands,WPR,2023,ROTA,Rotavirus vaccine,1,INFANTS,Infants,NATIONWIDE,6 WEEKS,WHO/UNICEF Joint Reporting Form on Immunization
WSM,Samoa,WPR,2023,BCG,Bacille Calmette-Guerin vaccine,1,INFANTS,Infants,NATIONWIDE,AT BIRTH,WHO/UNICEF Joint Reporting Form on Immunization
WSM,Samoa,WPR,2023,DTP,Diphtheria-tetanus-pertussis vaccine,3,INFANTS,Infants,NATIONWIDE,6 WEEKS;10 WEEKS;14 WEEKS,WHO/UNICEF Joint Reporting Form on Immunization
WSM,Samoa,WPR,2023,OPV,Oral polio vaccine,4,INFANTS,Infants,NATIONWIDE,AT BIRTH;6 WEEKS;10 WEEKS;14 WEEKS,WHO/UNICEF Joint Reporting Form on Immunization
WSM,Samoa,WPR,2023,MCV,Measles-containing vaccine,2,INFANTS;CHILDREN,Infants And Children,NATIONWIDE,9 MONTHS;18 MONTHS,WHO/UNICEF Joint Reporting Form on Immunization
WSM,Samoa,WPR,2023,HEPB,Hepatitis B vaccine,3,INFANTS,Infants,NATIONWIDE,6 WEEKS;10 WEEKS;14 WEEKS,WHO/UNICEF Joint Reporting Form on Immunization
WSM,Samoa,WPR,2023,HIB,Haemophilus influenzae type b vaccine,3,INFANTS,Infants,NATIONWIDE,6 WEEKS;10 WEEKS;14 WEEKS,WHO/UNICEF Joint Reporting Form on Immunization
WSM,Samoa,WPR,2023,PCV,Pneumococcal conjugate vaccine,3,INFANTS,Infants,NATIONWIDE,6 WEEKS;10 WEEKS;14 WEEKS,WHO/UNICEF Joint Reporting Form on Immunization
WSM,Samoa,WPR,2023,ROTA,Rotavirus vaccine,2,INFANTS,Infants,NATIONWIDE,6 WEEKS;10 WEEKS,WHO/UNICEF Joint Reporting Form on Immunization
YEM,Yemen,EMR,2023,BCG,Bacille Calmette-Guerin vaccine,1,INFANTS,Infants,NATIONWIDE,AT BIRTH,WHO/UNICEF Joint Reporting Form on Immunization
YEM,Yemen,EMR,2023,DTP,Diphtheria-tetanus-pertussis vaccine,3,INFANTS,Infants,NATIONWIDE,6 WEEKS;10 WEEKS;14 WEEKS,WHO/UNICEF Joint Reporting Form on Immunization
YEM,Yemen,EMR,2023,OPV,Oral polio vaccine,3,INFANTS,Infants,NATIONWIDE,AT BIRTH;6 WEEKS;10 WEEKS,WHO/UNICEF Joint Reporting Form on Immunization
YEM,Yemen,EMR,2023,MCV,Measles-containing vaccine,2,INFANTS;CHILDREN,Infants And Children,NATIONWIDE,9 MONTHS;18 MONTHS,WHO/UNICEF Joint Reporting Form on Immunization
YEM,Yemen,EMR,2023,HEPB,Hepatitis B vaccine,3,INFANTS,Infants,NATIONWIDE,6 WEEKS;10 WEEKS;14 WEEKS,WHO/UNICEF Joint Reporting Form on Immunization
YEM,Yemen,EMR,2023,HIB,Haemophilus influenzae type b vaccine,3,INFANTS,Infants,NATIONWIDE,6 WEEKS;10 WEEKS;14 WEEKS,WHO/UNICEF Joint Reporting Form on Immunization
YEM,Yemen,EMR,2023,PCV,Pneumococcal conjugate vaccine,3,INFANTS,Infants,NATIONWIDE,6 WEEKS;10 WEEKS;14 WEEKS,WHO/UNICEF Joint Reporting Form on Immunization
YEM,Yemen,EMR,2023,ROTA,Rotavirus vaccine,2,INFANTS,Infants,NATIONWIDE,6 WEEKS;10 WEEKS,WHO/UNICEF Joint Reporting Form on Immunization
ZAF,South Africa,AFR,2023,BCG,Bacille Calmette-Guerin vaccine,1,INFANTS,Infants,NATIONWIDE,AT BIRTH,WHO/UNICEF Joint Reporting Form on Immunization
ZAF,South Africa,AFR,2023,DTP,Diphtheria-tetanus-pertussis vaccine,3,INFANTS,Infants,NATIONWIDE,6 WEEKS;10 WEEKS;14 WEEKS,WHO/UNICEF Joint Reporting Form on Immunization
ZAF,South Africa,AFR,2023,OPV,Oral polio vaccine,4,INFANTS,Infants,NATIONWIDE,AT BIRTH;6 WEEKS;10 WEEKS;14 WEEKS,WHO/UNICEF Joint Reporting Form on Immunization
ZAF,South Africa,AFR,2023,MCV,Measles-containing vaccine,2,INFANTS;CHILDREN,Infants And Children,NATIONWIDE,9 MONTHS;18 MONTHS,WHO/UNICEF Joint Reporting Form on Immunization
ZAF,South Africa,AFR,2023,HEPB,Hepatitis B vaccine,3,INFANTS,Infants,NATIONWIDE,6 WEEKS;10 WEEKS;14 WEEKS,WHO/UNICEF Joint Reporting Form on Immunization
ZAF,South Africa,AFR,2023,HIB,Haemophilus influenzae type b vaccine,3,INFANTS,Infants,NATIONWIDE,6 WEEKS;10 WEEKS;14 WEEKS,WHO/UNICEF Joint Reporting Form on Immunization
ZAF,South Africa,AFR,2023,PCV,Pneumococcal conjugate vaccine,3,INFANTS,Infants,NATIONWIDE,6 WEEKS;10 WEEKS;14 WEEKS,WHO/UNICEF Joint Reporting Form on Immunization
ZAF,South Africa,AFR,2023,ROTA,Rotavirus vaccine,2,INFANTS,Infants,NATIONWIDE,6 WEEKS;10 WEEKS,WHO/UNICEF Joint Reporting Form on Immunization
ZMB,Zambia,AFR,2023,BCG,Bacille Calmette-Guerin vaccine,1,INFANTS,Infants,NATIONWIDE,AT BIRTH,WHO/UNICEF Joint Reporting Form on Immunization
ZMB,Zambia,AFR,2023,DTP,Diphtheria-tetanus-pertussis vaccine,3,INFANTS,Infants,NATIONWIDE,6 WEEKS;10 WEEKS;14 WEEKS,WHO/UNICEF Joint Reporting Form on Immunization
ZMB,Zambia,AFR,2023,OPV,Oral polio vaccine,4,INFANTS,Infants,NATIONWIDE,AT BIRTH;6 WEEKS;10 WEEKS;14 WEEKS,WHO/UNICEF Joint Reporting Form on Immunization
ZMB,Zambia,AFR,2023,MCV,Measles-containing vaccine,2,INFANTS;CHILDREN,Infants And Children,NATIONWIDE,9 MONTHS;18 MONTHS,WHO/UNICEF Joint Reporting Form on Immunization
ZMB,Zambia,AFR,2023,HEPB,Hepatitis B vaccine,3,INFANTS,Infants,NATIONWIDE,6 WEEKS;10 WEEKS;14 WEEKS,WHO/UNICEF Joint Reporting Form on Immunization
ZMB,Zambia,AFR,2023,HIB,Haemophilus influenzae type b vaccine,3,INFANTS,Infants,NATIONWIDE,6 WEEKS;10 WEEKS;14 WEEKS,WHO/UNICEF Joint Reporting Form on Immunization
ZMB,Zambia,AFR,2023,PCV,Pneumococcal conjugate vaccine,3,INFANTS,Infants,NATIONWIDE,6 WEEKS;10 WEEKS;14 WEEKS,WHO/UNICEF Joint Reporting Form on Immunization
ZMB,Zambia,AFR,2023,ROTA,Rotavirus vaccine,2,INFANTS,Infants,NATIONWIDE,6 WEEKS;10 WEEKS,WHO/UNICEF Joint Reporting Form on Immunization
ZWE,Zimbabwe,AFR,2023,BCG,Bacille Calmette-Guerin vaccine,1,INFANTS,Infants,NATIONWIDE,AT BIRTH,WHO/UNICEF Joint Reporting Form on Immunization
ZWE,Zimbabwe,AFR,2023,DTP,Diphtheria-tetanus-pertussis vaccine,3,INFANTS,Infants,NATIONWIDE,6 WEEKS;10 WEEKS;14 WEEKS,WHO/UNICEF Joint Reporting Form on Immunization
ZWE,Zimbabwe,AFR,2023,OPV,Oral polio vaccine,4,INFANTS,Infants,NATIONWIDE,AT BIRTH;6 WEEKS;10 WEEKS;14 WEEKS,WHO/UNICEF Joint Reporting Form on Immunization
ZWE,Zimbabwe,AFR,2023,MCV,Measles-containing vaccine,1,INFANTS;CHILDREN,Infants And Children,NATIONWIDE,9 MONTHS,WHO/UNICEF Joint Reporting Form on Immunization
ZWE,Zimbabwe,AFR,2023,HEPB,Hepatitis B vaccine,3,INFANTS,Infants,NATIONWIDE,6 WEEKS;10 WEEKS;14 WEEKS,WHO/UNICEF Joint Reporting Form on Immunization
ZWE,Zimbabwe,AFR,2023,HIB,Haemophilus influenzae type b vaccine,3,INFANTS,Infants,NATIONWIDE,6 WEEKS;10 WEEKS;14 WEEKS,WHO/UNICEF Joint Reporting Form on Immunization
ZWE,Zimbabwe,AFR,2023,PCV,Pneumococcal conjugate vaccine,2,INFANTS,Infants,NATIONWIDE,6 WEEKS;10 WEEKS,WHO/UNICEF Joint Reporting Form on Immunization
ZWE,Zimbabwe,AFR,2023,ROTA,Rotavirus vaccine,1,INFANTS,Infants,NATIONWIDE,6 WEEKS,WHO/UNICEF Joint Reporting Form on Immunization
